<?xml version="1.0" encoding="UTF-8"?>
<osm generator="VMB">
  <MetaInfo format_version="1" map_version="3" validation_version="1"/>
  <node id="10300004601" lat="25.02023055849" lon="121.54273139377">
    <tag k="local_x" v="304774.8604"/>
    <tag k="local_y" v="2768128.0634"/>
    <tag k="ele" v="8.9764"/>
  </node>
  <node id="10300004602" lat="25.02022974392" lon="121.54273792375">
    <tag k="local_x" v="304775.5221"/>
    <tag k="local_y" v="2768127.9878"/>
    <tag k="ele" v="8.9844"/>
  </node>
  <node id="10300004603" lat="25.02022798931" lon="121.54274402091">
    <tag k="local_x" v="304776.1424"/>
    <tag k="local_y" v="2768127.807"/>
    <tag k="ele" v="8.9974"/>
  </node>
  <node id="10300004604" lat="25.02022515962" lon="121.54275016105">
    <tag k="local_x" v="304776.7697"/>
    <tag k="local_y" v="2768127.5071"/>
    <tag k="ele" v="8.9974"/>
  </node>
  <node id="10300004605" lat="25.02022148068" lon="121.54275566174">
    <tag k="local_x" v="304777.3345"/>
    <tag k="local_y" v="2768127.1116"/>
    <tag k="ele" v="8.9954"/>
  </node>
  <node id="10300004606" lat="25.02021678897" lon="121.54276018043">
    <tag k="local_x" v="304777.8026"/>
    <tag k="local_y" v="2768126.6016"/>
    <tag k="ele" v="8.9974"/>
  </node>
  <node id="10300004607" lat="25.02020996297" lon="121.54276515865">
    <tag k="local_x" v="304778.3224"/>
    <tag k="local_y" v="2768125.856"/>
    <tag k="ele" v="8.9914"/>
  </node>
  <node id="10300004608" lat="25.02019988303" lon="121.54276968106">
    <tag k="local_x" v="304778.8042"/>
    <tag k="local_y" v="2768124.7486"/>
    <tag k="ele" v="8.9494"/>
  </node>
  <node id="10300004609" lat="25.02019198549" lon="121.54277177631">
    <tag k="local_x" v="304779.0354"/>
    <tag k="local_y" v="2768123.8777"/>
    <tag k="ele" v="8.9554"/>
  </node>
  <node id="103000046010" lat="25.02018252682" lon="121.54277324437">
    <tag k="local_x" v="304779.2071"/>
    <tag k="local_y" v="2768122.8323"/>
    <tag k="ele" v="8.9544"/>
  </node>
  <node id="103000046011" lat="25.02016727038" lon="121.54277356481">
    <tag k="local_x" v="304779.2772"/>
    <tag k="local_y" v="2768121.1415"/>
    <tag k="ele" v="8.9434"/>
  </node>
  <node id="103000046012" lat="25.02015048015" lon="121.54277404271">
    <tag k="local_x" v="304779.367"/>
    <tag k="local_y" v="2768119.281"/>
    <tag k="ele" v="8.9594"/>
  </node>
  <node id="103000046013" lat="25.02013220988" lon="121.54277407557">
    <tag k="local_x" v="304779.4155"/>
    <tag k="local_y" v="2768117.2554"/>
    <tag k="ele" v="8.9184"/>
  </node>
  <node id="103000046014" lat="25.02011467094" lon="121.542773671">
    <tag k="local_x" v="304779.418"/>
    <tag k="local_y" v="2768115.3099"/>
    <tag k="ele" v="8.9674"/>
  </node>
  <node id="103000046015" lat="25.02010136999" lon="121.54277292175">
    <tag k="local_x" v="304779.3752"/>
    <tag k="local_y" v="2768113.8335"/>
    <tag k="ele" v="8.9454"/>
  </node>
  <node id="103000046016" lat="25.0200909737" lon="121.54277175165">
    <tag k="local_x" v="304779.2827"/>
    <tag k="local_y" v="2768112.6782"/>
    <tag k="ele" v="8.9174"/>
  </node>
  <node id="103000046017" lat="25.02008217657" lon="121.54276916065">
    <tag k="local_x" v="304779.0427"/>
    <tag k="local_y" v="2768111.697"/>
    <tag k="ele" v="8.9484"/>
  </node>
  <node id="103000046018" lat="25.02007449254" lon="121.54276483296">
    <tag k="local_x" v="304778.6245"/>
    <tag k="local_y" v="2768110.8353"/>
    <tag k="ele" v="8.9394"/>
  </node>
  <node id="103000046019" lat="25.02006824907" lon="121.54275943189">
    <tag k="local_x" v="304778.0943"/>
    <tag k="local_y" v="2768110.1309"/>
    <tag k="ele" v="8.9154"/>
  </node>
  <node id="103000046020" lat="25.02006301308" lon="121.54275371893">
    <tag k="local_x" v="304777.5301"/>
    <tag k="local_y" v="2768109.5375"/>
    <tag k="ele" v="8.9304"/>
  </node>
  <node id="103000046021" lat="25.02005961685" lon="121.54274646228">
    <tag k="local_x" v="304776.8054"/>
    <tag k="local_y" v="2768109.1446"/>
    <tag k="ele" v="8.9524"/>
  </node>
  <node id="103000046022" lat="25.02005787591" lon="121.54273759605">
    <tag k="local_x" v="304775.914"/>
    <tag k="local_y" v="2768108.9316"/>
    <tag k="ele" v="8.9464"/>
  </node>
  <node id="103000046023" lat="25.02005734457" lon="121.54272845851">
    <tag k="local_x" v="304774.9922"/>
    <tag k="local_y" v="2768108.8521"/>
    <tag k="ele" v="8.9374"/>
  </node>
  <node id="103000046024" lat="25.02005840574" lon="121.54271986873">
    <tag k="local_x" v="304774.1218"/>
    <tag k="local_y" v="2768108.9504"/>
    <tag k="ele" v="8.9214"/>
  </node>
  <node id="103000046025" lat="25.02006262231" lon="121.54270992585">
    <tag k="local_x" v="304773.1069"/>
    <tag k="local_y" v="2768109.3955"/>
    <tag k="ele" v="8.9214"/>
  </node>
  <node id="103000046026" lat="25.02006946461" lon="121.54269855354">
    <tag k="local_x" v="304771.9411"/>
    <tag k="local_y" v="2768110.1285"/>
    <tag k="ele" v="8.9214"/>
  </node>
  <node id="103000046027" lat="25.02007790835" lon="121.54268595835">
    <tag k="local_x" v="304770.6478"/>
    <tag k="local_y" v="2768111.0363"/>
    <tag k="ele" v="8.8924"/>
  </node>
  <node id="103000046028" lat="25.02008772554" lon="121.54267319485">
    <tag k="local_x" v="304769.3341"/>
    <tag k="local_y" v="2768112.096"/>
    <tag k="ele" v="8.8924"/>
  </node>
  <node id="103000046029" lat="25.02009777186" lon="121.54266162775">
    <tag k="local_x" v="304768.1407"/>
    <tag k="local_y" v="2768113.1838"/>
    <tag k="ele" v="8.8787"/>
  </node>
  <node id="103000046030" lat="25.02010839999" lon="121.54265001353">
    <tag k="local_x" v="304766.9411"/>
    <tag k="local_y" v="2768114.336"/>
    <tag k="ele" v="8.8907"/>
  </node>
  <node id="103000046031" lat="25.02011596431" lon="121.54264310038">
    <tag k="local_x" v="304766.224"/>
    <tag k="local_y" v="2768115.1591"/>
    <tag k="ele" v="8.895"/>
  </node>
  <node id="103000046032" lat="25.02012508504" lon="121.54263678065">
    <tag k="local_x" v="304765.563"/>
    <tag k="local_y" v="2768116.1561"/>
    <tag k="ele" v="8.916"/>
  </node>
  <node id="103000046033" lat="25.02013248211" lon="121.54263294881">
    <tag k="local_x" v="304765.1576"/>
    <tag k="local_y" v="2768116.9676"/>
    <tag k="ele" v="8.927"/>
  </node>
  <node id="10300004401" lat="25.02023924292" lon="121.54273265164">
    <tag k="local_x" v="304774.966"/>
    <tag k="local_y" v="2768129.0291"/>
    <tag k="ele" v="8.9864"/>
  </node>
  <node id="10300004402" lat="25.02023901606" lon="121.54273458325">
    <tag k="local_x" v="304775.1617"/>
    <tag k="local_y" v="2768129.0083"/>
    <tag k="ele" v="8.9864"/>
  </node>
  <node id="10300004403" lat="25.02023807472" lon="121.5427400282">
    <tag k="local_x" v="304775.7141"/>
    <tag k="local_y" v="2768128.9162"/>
    <tag k="ele" v="8.9964"/>
  </node>
  <node id="10300004404" lat="25.02023687445" lon="121.54274529953">
    <tag k="local_x" v="304776.2496"/>
    <tag k="local_y" v="2768128.795"/>
    <tag k="ele" v="9.0064"/>
  </node>
  <node id="10300004405" lat="25.02023564114" lon="121.54274971085">
    <tag k="local_x" v="304776.6983"/>
    <tag k="local_y" v="2768128.6682"/>
    <tag k="ele" v="9.0024"/>
  </node>
  <node id="10300004406" lat="25.02023394804" lon="121.54275437917">
    <tag k="local_x" v="304777.1741"/>
    <tag k="local_y" v="2768128.491"/>
    <tag k="ele" v="9.0004"/>
  </node>
  <node id="10300004407" lat="25.02023196793" lon="121.54275865739">
    <tag k="local_x" v="304777.6112"/>
    <tag k="local_y" v="2768128.2811"/>
    <tag k="ele" v="8.9964"/>
  </node>
  <node id="10300004408" lat="25.0202293688" lon="121.54276272842">
    <tag k="local_x" v="304778.0289"/>
    <tag k="local_y" v="2768128.0021"/>
    <tag k="ele" v="8.9964"/>
  </node>
  <node id="10300004409" lat="25.02022657991" lon="121.54276659486">
    <tag k="local_x" v="304778.4264"/>
    <tag k="local_y" v="2768127.7016"/>
    <tag k="ele" v="8.9924"/>
  </node>
  <node id="103000044010" lat="25.02022361413" lon="121.54276984523">
    <tag k="local_x" v="304778.7621"/>
    <tag k="local_y" v="2768127.3801"/>
    <tag k="ele" v="8.9874"/>
  </node>
  <node id="103000044011" lat="25.02021992306" lon="121.54277323523">
    <tag k="local_x" v="304779.1137"/>
    <tag k="local_y" v="2768126.9785"/>
    <tag k="ele" v="8.9884"/>
  </node>
  <node id="103000044012" lat="25.02021606084" lon="121.54277599347">
    <tag k="local_x" v="304779.4019"/>
    <tag k="local_y" v="2768126.5565"/>
    <tag k="ele" v="8.9884"/>
  </node>
  <node id="103000044013" lat="25.02021156755" lon="121.54277842644">
    <tag k="local_x" v="304779.6588"/>
    <tag k="local_y" v="2768126.0638"/>
    <tag k="ele" v="8.9914"/>
  </node>
  <node id="103000044014" lat="25.02020751169" lon="121.54278037221">
    <tag k="local_x" v="304779.8654"/>
    <tag k="local_y" v="2768125.6185"/>
    <tag k="ele" v="8.9744"/>
  </node>
  <node id="103000044015" lat="25.02020354816" lon="121.54278172435">
    <tag k="local_x" v="304780.0118"/>
    <tag k="local_y" v="2768125.1821"/>
    <tag k="ele" v="8.9744"/>
  </node>
  <node id="103000044016" lat="25.02019951861" lon="121.54278246413">
    <tag k="local_x" v="304780.0965"/>
    <tag k="local_y" v="2768124.737"/>
    <tag k="ele" v="8.9694"/>
  </node>
  <node id="103000044017" lat="25.02019527918" lon="121.54278292457">
    <tag k="local_x" v="304780.1535"/>
    <tag k="local_y" v="2768124.268"/>
    <tag k="ele" v="8.9684"/>
  </node>
  <node id="103000044018" lat="25.02018829919" lon="121.54278376337">
    <tag k="local_x" v="304780.2555"/>
    <tag k="local_y" v="2768123.496"/>
    <tag k="ele" v="8.9674"/>
  </node>
  <node id="103000044019" lat="25.0201829475" lon="121.54278423223">
    <tag k="local_x" v="304780.3161"/>
    <tag k="local_y" v="2768122.9037"/>
    <tag k="ele" v="8.9694"/>
  </node>
  <node id="103000044020" lat="25.0201762628" lon="121.54278438734">
    <tag k="local_x" v="304780.3483"/>
    <tag k="local_y" v="2768122.1629"/>
    <tag k="ele" v="8.9714"/>
  </node>
  <node id="103000044021" lat="25.02016730774" lon="121.54278437501">
    <tag k="local_x" v="304780.3692"/>
    <tag k="local_y" v="2768121.17"/>
    <tag k="ele" v="8.9734"/>
  </node>
  <node id="103000044022" lat="25.02015545672" lon="121.54278408789">
    <tag k="local_x" v="304780.3695"/>
    <tag k="local_y" v="2768119.8554"/>
    <tag k="ele" v="8.9714"/>
  </node>
  <node id="103000044023" lat="25.02013979707" lon="121.54278401142">
    <tag k="local_x" v="304780.4005"/>
    <tag k="local_y" v="2768118.119"/>
    <tag k="ele" v="8.9714"/>
  </node>
  <node id="103000044024" lat="25.02012390195" lon="121.54278362729">
    <tag k="local_x" v="304780.401"/>
    <tag k="local_y" v="2768116.3558"/>
    <tag k="ele" v="8.9764"/>
  </node>
  <node id="103000044025" lat="25.02010818158" lon="121.542783387">
    <tag k="local_x" v="304780.4156"/>
    <tag k="local_y" v="2768114.6123"/>
    <tag k="ele" v="8.9854"/>
  </node>
  <node id="103000044026" lat="25.02009648405" lon="121.54278273739">
    <tag k="local_x" v="304780.3789"/>
    <tag k="local_y" v="2768113.3139"/>
    <tag k="ele" v="8.9464"/>
  </node>
  <node id="103000044027" lat="25.02008783753" lon="121.54278192192">
    <tag k="local_x" v="304780.3179"/>
    <tag k="local_y" v="2768112.3534"/>
    <tag k="ele" v="8.9514"/>
  </node>
  <node id="103000044028" lat="25.02008147647" lon="121.54278079813">
    <tag k="local_x" v="304780.2201"/>
    <tag k="local_y" v="2768111.6456"/>
    <tag k="ele" v="8.9944"/>
  </node>
  <node id="103000044029" lat="25.02007631751" lon="121.54277919498">
    <tag k="local_x" v="304780.0709"/>
    <tag k="local_y" v="2768111.07"/>
    <tag k="ele" v="8.9944"/>
  </node>
  <node id="103000044030" lat="25.0200713072" lon="121.54277751132">
    <tag k="local_x" v="304779.9132"/>
    <tag k="local_y" v="2768110.5107"/>
    <tag k="ele" v="8.9934"/>
  </node>
  <node id="103000044031" lat="25.02006689392" lon="121.54277569678">
    <tag k="local_x" v="304779.7408"/>
    <tag k="local_y" v="2768110.0173"/>
    <tag k="ele" v="8.9924"/>
  </node>
  <node id="103000044032" lat="25.02006259086" lon="121.5427732524">
    <tag k="local_x" v="304779.5045"/>
    <tag k="local_y" v="2768109.5347"/>
    <tag k="ele" v="8.9924"/>
  </node>
  <node id="103000044033" lat="25.02005813275" lon="121.5427692947">
    <tag k="local_x" v="304779.1157"/>
    <tag k="local_y" v="2768109.0315"/>
    <tag k="ele" v="8.9894"/>
  </node>
  <node id="103000044034" lat="25.0200546485" lon="121.54276517078">
    <tag k="local_x" v="304778.7077"/>
    <tag k="local_y" v="2768108.6359"/>
    <tag k="ele" v="8.9944"/>
  </node>
  <node id="103000044035" lat="25.02005058018" lon="121.54275845398">
    <tag k="local_x" v="304778.0392"/>
    <tag k="local_y" v="2768108.1697"/>
    <tag k="ele" v="8.9934"/>
  </node>
  <node id="103000044036" lat="25.02004798486" lon="121.54275106449">
    <tag k="local_x" v="304777.2991"/>
    <tag k="local_y" v="2768107.8653"/>
    <tag k="ele" v="8.9804"/>
  </node>
  <node id="103000044037" lat="25.02004634386" lon="121.54274305001">
    <tag k="local_x" v="304776.4935"/>
    <tag k="local_y" v="2768107.6653"/>
    <tag k="ele" v="8.9804"/>
  </node>
  <node id="103000044038" lat="25.02004540678" lon="121.54273399459">
    <tag k="local_x" v="304775.581"/>
    <tag k="local_y" v="2768107.541"/>
    <tag k="ele" v="8.9504"/>
  </node>
  <node id="103000044039" lat="25.02004546608" lon="121.54272801432">
    <tag k="local_x" v="304774.9767"/>
    <tag k="local_y" v="2768107.5341"/>
    <tag k="ele" v="8.9324"/>
  </node>
  <node id="103000044040" lat="25.02004669404" lon="121.54272084809">
    <tag k="local_x" v="304774.2497"/>
    <tag k="local_y" v="2768107.6541"/>
    <tag k="ele" v="8.9264"/>
  </node>
  <node id="103000044041" lat="25.02004846568" lon="121.54271493349">
    <tag k="local_x" v="304773.6478"/>
    <tag k="local_y" v="2768107.8372"/>
    <tag k="ele" v="8.9234"/>
  </node>
  <node id="103000044042" lat="25.02005093025" lon="121.54270927341">
    <tag k="local_x" v="304773.0699"/>
    <tag k="local_y" v="2768108.0977"/>
    <tag k="ele" v="8.9224"/>
  </node>
  <node id="103000044043" lat="25.02005470353" lon="121.5427026367">
    <tag k="local_x" v="304772.3901"/>
    <tag k="local_y" v="2768108.5011"/>
    <tag k="ele" v="8.9204"/>
  </node>
  <node id="103000044044" lat="25.02005933547" lon="121.54269551122">
    <tag k="local_x" v="304771.6588"/>
    <tag k="local_y" v="2768108.9986"/>
    <tag k="ele" v="8.9224"/>
  </node>
  <node id="103000044045" lat="25.0200644312" lon="121.54268771014">
    <tag k="local_x" v="304770.8581"/>
    <tag k="local_y" v="2768109.546"/>
    <tag k="ele" v="8.9204"/>
  </node>
  <node id="103000044046" lat="25.02006869332" lon="121.54268142887">
    <tag k="local_x" v="304770.213"/>
    <tag k="local_y" v="2768110.0044"/>
    <tag k="ele" v="8.9204"/>
  </node>
  <node id="103000044047" lat="25.02007347041" lon="121.54267439505">
    <tag k="local_x" v="304769.4906"/>
    <tag k="local_y" v="2768110.5182"/>
    <tag k="ele" v="8.9134"/>
  </node>
  <node id="103000044048" lat="25.02007849038" lon="121.542666993">
    <tag k="local_x" v="304768.7304"/>
    <tag k="local_y" v="2768111.0581"/>
    <tag k="ele" v="8.9084"/>
  </node>
  <node id="103000044049" lat="25.02008323129" lon="121.54265969796">
    <tag k="local_x" v="304767.9817"/>
    <tag k="local_y" v="2768111.5673"/>
    <tag k="ele" v="8.9144"/>
  </node>
  <node id="103000044050" lat="25.02008758112" lon="121.54265225179">
    <tag k="local_x" v="304767.2187"/>
    <tag k="local_y" v="2768112.0328"/>
    <tag k="ele" v="8.9074"/>
  </node>
  <node id="103000044052" lat="25.02009512059" lon="121.54264167952">
    <tag k="local_x" v="304766.132"/>
    <tag k="local_y" v="2768112.8449"/>
    <tag k="ele" v="8.922"/>
  </node>
  <node id="103000044053" lat="25.02009863447" lon="121.54263817629">
    <tag k="local_x" v="304765.7694"/>
    <tag k="local_y" v="2768113.2266"/>
    <tag k="ele" v="8.927"/>
  </node>
  <node id="103000044054" lat="25.02010261867" lon="121.54263491917">
    <tag k="local_x" v="304765.4305"/>
    <tag k="local_y" v="2768113.661"/>
    <tag k="ele" v="8.933"/>
  </node>
  <node id="103000044055" lat="25.02010698822" lon="121.54263169525">
    <tag k="local_x" v="304765.094"/>
    <tag k="local_y" v="2768114.1382"/>
    <tag k="ele" v="8.934"/>
  </node>
  <node id="103000044056" lat="25.02011216174" lon="121.54262845437">
    <tag k="local_x" v="304764.7538"/>
    <tag k="local_y" v="2768114.7045"/>
    <tag k="ele" v="8.938"/>
  </node>
  <node id="103000044057" lat="25.0201165439" lon="121.54262571974">
    <tag k="local_x" v="304764.4667"/>
    <tag k="local_y" v="2768115.1842"/>
    <tag k="ele" v="8.941"/>
  </node>
  <node id="103000044058" lat="25.02012002518" lon="121.54262337682">
    <tag k="local_x" v="304764.2214"/>
    <tag k="local_y" v="2768115.5649"/>
    <tag k="ele" v="8.947"/>
  </node>
  <node id="103000044059" lat="25.02012475452" lon="121.54262077838">
    <tag k="local_x" v="304763.9472"/>
    <tag k="local_y" v="2768116.0834"/>
    <tag k="ele" v="8.954"/>
  </node>
  <node id="103000044060" lat="25.02012913071" lon="121.5426188256">
    <tag k="local_x" v="304763.7391"/>
    <tag k="local_y" v="2768116.5642"/>
    <tag k="ele" v="8.956"/>
  </node>
  <node id="103000044061" lat="25.02013089256" lon="121.54261858562">
    <tag k="local_x" v="304763.7105"/>
    <tag k="local_y" v="2768116.759"/>
    <tag k="ele" v="8.9526"/>
  </node>
  <node id="10300003301" lat="25.02012952248" lon="121.54260620456">
    <tag k="local_x" v="304762.4631"/>
    <tag k="local_y" v="2768116.5792"/>
    <tag k="ele" v="8.943"/>
  </node>
  <node id="10300003302" lat="25.02012706206" lon="121.54260646802">
    <tag k="local_x" v="304762.4958"/>
    <tag k="local_y" v="2768116.307"/>
    <tag k="ele" v="8.9459"/>
  </node>
  <node id="10300003303" lat="25.02012484089" lon="121.54260671952">
    <tag k="local_x" v="304762.5267"/>
    <tag k="local_y" v="2768116.0613"/>
    <tag k="ele" v="8.9499"/>
  </node>
  <node id="10300003304" lat="25.02012183757" lon="121.54260755668">
    <tag k="local_x" v="304762.6187"/>
    <tag k="local_y" v="2768115.7302"/>
    <tag k="ele" v="8.941"/>
  </node>
  <node id="10300003305" lat="25.02011901028" lon="121.542608608">
    <tag k="local_x" v="304762.7319"/>
    <tag k="local_y" v="2768115.4191"/>
    <tag k="ele" v="8.937"/>
  </node>
  <node id="10300003306" lat="25.02011553092" lon="121.54261019075">
    <tag k="local_x" v="304762.9004"/>
    <tag k="local_y" v="2768115.0369"/>
    <tag k="ele" v="8.936"/>
  </node>
  <node id="10300003307" lat="25.02011097073" lon="121.54261232117">
    <tag k="local_x" v="304763.1269"/>
    <tag k="local_y" v="2768114.5361"/>
    <tag k="ele" v="8.938"/>
  </node>
  <node id="10300003308" lat="25.02010545377" lon="121.54261528638">
    <tag k="local_x" v="304763.4401"/>
    <tag k="local_y" v="2768113.9311"/>
    <tag k="ele" v="8.937"/>
  </node>
  <node id="10300003309" lat="25.02009925968" lon="121.54261899423">
    <tag k="local_x" v="304763.83"/>
    <tag k="local_y" v="2768113.2527"/>
    <tag k="ele" v="8.94"/>
  </node>
  <node id="103000033010" lat="25.02009331709" lon="121.54262306459">
    <tag k="local_x" v="304764.2559"/>
    <tag k="local_y" v="2768112.603"/>
    <tag k="ele" v="8.936"/>
  </node>
  <node id="103000033011" lat="25.02008749498" lon="121.54262737547">
    <tag k="local_x" v="304764.7058"/>
    <tag k="local_y" v="2768111.9672"/>
    <tag k="ele" v="8.9374"/>
  </node>
  <node id="103000033012" lat="25.020083093" lon="121.5426327278">
    <tag k="local_x" v="304765.2574"/>
    <tag k="local_y" v="2768111.4912"/>
    <tag k="ele" v="8.9344"/>
  </node>
  <node id="103000033015" lat="25.02007413946" lon="121.54264812963">
    <tag k="local_x" v="304766.8355"/>
    <tag k="local_y" v="2768110.5332"/>
    <tag k="ele" v="8.9434"/>
  </node>
  <node id="103000033016" lat="25.02007177061" lon="121.54265378414">
    <tag k="local_x" v="304767.4126"/>
    <tag k="local_y" v="2768110.2833"/>
    <tag k="ele" v="8.9474"/>
  </node>
  <node id="103000033017" lat="25.0200696431" lon="121.54265839233">
    <tag k="local_x" v="304767.8834"/>
    <tag k="local_y" v="2768110.0578"/>
    <tag k="ele" v="8.9464"/>
  </node>
  <node id="103000033018" lat="25.020066819" lon="121.54266381396">
    <tag k="local_x" v="304768.4381"/>
    <tag k="local_y" v="2768109.7569"/>
    <tag k="ele" v="8.9604"/>
  </node>
  <node id="103000033019" lat="25.02006327582" lon="121.5426701346">
    <tag k="local_x" v="304769.0854"/>
    <tag k="local_y" v="2768109.3783"/>
    <tag k="ele" v="8.9444"/>
  </node>
  <node id="103000033020" lat="25.02006037026" lon="121.5426748158">
    <tag k="local_x" v="304769.5655"/>
    <tag k="local_y" v="2768109.0667"/>
    <tag k="ele" v="8.9304"/>
  </node>
  <node id="103000033021" lat="25.0200545217" lon="121.54268344578">
    <tag k="local_x" v="304770.4518"/>
    <tag k="local_y" v="2768108.4377"/>
    <tag k="ele" v="8.9344"/>
  </node>
  <node id="103000033022" lat="25.02004822666" lon="121.54269225488">
    <tag k="local_x" v="304771.3573"/>
    <tag k="local_y" v="2768107.7596"/>
    <tag k="ele" v="8.9364"/>
  </node>
  <node id="103000033023" lat="25.02004440338" lon="121.54269886661">
    <tag k="local_x" v="304772.0347"/>
    <tag k="local_y" v="2768107.3506"/>
    <tag k="ele" v="8.9304"/>
  </node>
  <node id="103000033024" lat="25.02004002081" lon="121.54270712465">
    <tag k="local_x" v="304772.8798"/>
    <tag k="local_y" v="2768106.8833"/>
    <tag k="ele" v="8.9354"/>
  </node>
  <node id="103000033025" lat="25.02003727829" lon="121.54271376877">
    <tag k="local_x" v="304773.5578"/>
    <tag k="local_y" v="2768106.5942"/>
    <tag k="ele" v="8.9294"/>
  </node>
  <node id="103000033026" lat="25.02003515578" lon="121.5427200836">
    <tag k="local_x" v="304774.201"/>
    <tag k="local_y" v="2768106.3731"/>
    <tag k="ele" v="8.9274"/>
  </node>
  <node id="103000033027" lat="25.0200338283" lon="121.54272748694">
    <tag k="local_x" v="304774.9522"/>
    <tag k="local_y" v="2768106.2426"/>
    <tag k="ele" v="8.9314"/>
  </node>
  <node id="103000033028" lat="25.02003338431" lon="121.542736952">
    <tag k="local_x" v="304775.9095"/>
    <tag k="local_y" v="2768106.2147"/>
    <tag k="ele" v="8.9614"/>
  </node>
  <node id="103000033029" lat="25.02003433503" lon="121.54274839826">
    <tag k="local_x" v="304777.0635"/>
    <tag k="local_y" v="2768106.3459"/>
    <tag k="ele" v="8.9664"/>
  </node>
  <node id="103000033030" lat="25.02003831984" lon="121.54276206481">
    <tag k="local_x" v="304778.4343"/>
    <tag k="local_y" v="2768106.8185"/>
    <tag k="ele" v="8.9894"/>
  </node>
  <node id="103000033031" lat="25.02004502262" lon="121.54277495552">
    <tag k="local_x" v="304779.72"/>
    <tag k="local_y" v="2768107.5907"/>
    <tag k="ele" v="9.0054"/>
  </node>
  <node id="103000033032" lat="25.02005182749" lon="121.54278255594">
    <tag k="local_x" v="304780.471"/>
    <tag k="local_y" v="2768108.3623"/>
    <tag k="ele" v="8.9964"/>
  </node>
  <node id="103000033033" lat="25.02006104406" lon="121.5427878526">
    <tag k="local_x" v="304780.9833"/>
    <tag k="local_y" v="2768109.3961"/>
    <tag k="ele" v="9.0024"/>
  </node>
  <node id="103000033034" lat="25.02007149427" lon="121.54279067412">
    <tag k="local_x" v="304781.2425"/>
    <tag k="local_y" v="2768110.5611"/>
    <tag k="ele" v="9.0211"/>
  </node>
  <node id="103000033035" lat="25.02008927893" lon="121.54279221315">
    <tag k="local_x" v="304781.354"/>
    <tag k="local_y" v="2768112.5364"/>
    <tag k="ele" v="9.0004"/>
  </node>
  <node id="103000033036" lat="25.02011111484" lon="121.54279292088">
    <tag k="local_x" v="304781.3715"/>
    <tag k="local_y" v="2768114.959"/>
    <tag k="ele" v="8.9984"/>
  </node>
  <node id="103000033037" lat="25.02013505656" lon="121.54279337232">
    <tag k="local_x" v="304781.3579"/>
    <tag k="local_y" v="2768117.6145"/>
    <tag k="ele" v="8.9844"/>
  </node>
  <node id="103000033038" lat="25.0201571516" lon="121.54279406659">
    <tag k="local_x" v="304781.3734"/>
    <tag k="local_y" v="2768120.0658"/>
    <tag k="ele" v="8.9864"/>
  </node>
  <node id="103000033039" lat="25.02017421482" lon="121.54279484557">
    <tag k="local_x" v="304781.4099"/>
    <tag k="local_y" v="2768121.9594"/>
    <tag k="ele" v="8.9904"/>
  </node>
  <node id="103000033040" lat="25.0201872035" lon="121.54279507245">
    <tag k="local_x" v="304781.4007"/>
    <tag k="local_y" v="2768123.4"/>
    <tag k="ele" v="8.9774"/>
  </node>
  <node id="103000033041" lat="25.02019761525" lon="121.54279437209">
    <tag k="local_x" v="304781.3042"/>
    <tag k="local_y" v="2768124.5528"/>
    <tag k="ele" v="8.9784"/>
  </node>
  <node id="103000033042" lat="25.02020766422" lon="121.54279226122">
    <tag k="local_x" v="304781.0661"/>
    <tag k="local_y" v="2768125.6622"/>
    <tag k="ele" v="8.9964"/>
  </node>
  <node id="103000033043" lat="25.02021645451" lon="121.54278879806">
    <tag k="local_x" v="304780.6945"/>
    <tag k="local_y" v="2768126.629"/>
    <tag k="ele" v="9.0014"/>
  </node>
  <node id="103000033044" lat="25.02022482288" lon="121.54278284102">
    <tag k="local_x" v="304780.072"/>
    <tag k="local_y" v="2768127.5434"/>
    <tag k="ele" v="8.9934"/>
  </node>
  <node id="103000033045" lat="25.02023095256" lon="121.5427766213">
    <tag k="local_x" v="304779.4285"/>
    <tag k="local_y" v="2768128.209"/>
    <tag k="ele" v="8.9934"/>
  </node>
  <node id="103000033046" lat="25.02023556697" lon="121.54277084655">
    <tag k="local_x" v="304778.8337"/>
    <tag k="local_y" v="2768128.7076"/>
    <tag k="ele" v="8.9874"/>
  </node>
  <node id="103000033047" lat="25.02023980793" lon="121.54276365409">
    <tag k="local_x" v="304778.0966"/>
    <tag k="local_y" v="2768129.1616"/>
    <tag k="ele" v="8.9894"/>
  </node>
  <node id="103000033048" lat="25.02024282845" lon="121.54275651193">
    <tag k="local_x" v="304777.3676"/>
    <tag k="local_y" v="2768129.4804"/>
    <tag k="ele" v="8.9964"/>
  </node>
  <node id="103000033049" lat="25.02024450518" lon="121.54275185014">
    <tag k="local_x" v="304776.8925"/>
    <tag k="local_y" v="2768129.6558"/>
    <tag k="ele" v="8.9954"/>
  </node>
  <node id="103000033050" lat="25.02024817016" lon="121.54273394416">
    <tag k="local_x" v="304775.0745"/>
    <tag k="local_y" v="2768130.0218"/>
    <tag k="ele" v="8.9954"/>
  </node>
  <node id="10300003401" lat="25.02062502068" lon="121.54262608951">
    <tag k="local_x" v="304763.2467"/>
    <tag k="local_y" v="2768171.5612"/>
    <tag k="ele" v="9.0251"/>
  </node>
  <node id="10300003402" lat="25.02062473932" lon="121.54262555503">
    <tag k="local_x" v="304763.1934"/>
    <tag k="local_y" v="2768171.5288"/>
    <tag k="ele" v="9.0241"/>
  </node>
  <node id="10300003403" lat="25.0206239686" lon="121.54262477891">
    <tag k="local_x" v="304763.1169"/>
    <tag k="local_y" v="2768171.4416"/>
    <tag k="ele" v="9.0221"/>
  </node>
  <node id="10300003404" lat="25.02062315649" lon="121.54262435319">
    <tag k="local_x" v="304763.0759"/>
    <tag k="local_y" v="2768171.3506"/>
    <tag k="ele" v="9.0221"/>
  </node>
  <node id="10300003405" lat="25.02062217008" lon="121.54262407168">
    <tag k="local_x" v="304763.0499"/>
    <tag k="local_y" v="2768171.2406"/>
    <tag k="ele" v="9.0201"/>
  </node>
  <node id="10300003406" lat="25.02062105365" lon="121.54262397506">
    <tag k="local_x" v="304763.0429"/>
    <tag k="local_y" v="2768171.1166"/>
    <tag k="ele" v="9.0201"/>
  </node>
  <node id="10300003407" lat="25.02061957176" lon="121.54262455251">
    <tag k="local_x" v="304763.1049"/>
    <tag k="local_y" v="2768170.9536"/>
    <tag k="ele" v="9.0181"/>
  </node>
  <node id="10300003408" lat="25.0206178973" lon="121.54262572905">
    <tag k="local_x" v="304763.2279"/>
    <tag k="local_y" v="2768170.7706"/>
    <tag k="ele" v="9.0191"/>
  </node>
  <node id="10300003409" lat="25.02061593029" lon="121.54262798729">
    <tag k="local_x" v="304763.4609"/>
    <tag k="local_y" v="2768170.5576"/>
    <tag k="ele" v="9.0151"/>
  </node>
  <node id="103000034010" lat="25.02061392376" lon="121.54263085828">
    <tag k="local_x" v="304763.7559"/>
    <tag k="local_y" v="2768170.3416"/>
    <tag k="ele" v="9.0131"/>
  </node>
  <node id="103000034011" lat="25.02061265029" lon="121.54263316319">
    <tag k="local_x" v="304763.9919"/>
    <tag k="local_y" v="2768170.2056"/>
    <tag k="ele" v="9.0101"/>
  </node>
  <node id="103000034012" lat="25.02061169618" lon="121.54263528685">
    <tag k="local_x" v="304764.2088"/>
    <tag k="local_y" v="2768170.1046"/>
    <tag k="ele" v="9.0068"/>
  </node>
  <node id="10300002801" lat="25.02063833722" lon="121.54261763932">
    <tag k="local_x" v="304762.3601"/>
    <tag k="local_y" v="2768173.0186"/>
    <tag k="ele" v="9.0545"/>
  </node>
  <node id="10300002802" lat="25.02063712124" lon="121.5426153398">
    <tag k="local_x" v="304762.1308"/>
    <tag k="local_y" v="2768172.8786"/>
    <tag k="ele" v="9.0521"/>
  </node>
  <node id="10300002803" lat="25.02063299832" lon="121.5426113982">
    <tag k="local_x" v="304761.7428"/>
    <tag k="local_y" v="2768172.4126"/>
    <tag k="ele" v="9.0431"/>
  </node>
  <node id="10300002804" lat="25.02062819048" lon="121.5426089385">
    <tag k="local_x" v="304761.5062"/>
    <tag k="local_y" v="2768171.874"/>
    <tag k="ele" v="9.0351"/>
  </node>
  <node id="10300002805" lat="25.0206242427" lon="121.54260818459">
    <tag k="local_x" v="304761.4398"/>
    <tag k="local_y" v="2768171.4346"/>
    <tag k="ele" v="9.0321"/>
  </node>
  <node id="10300002806" lat="25.02062075592" lon="121.5426084457">
    <tag k="local_x" v="304761.4748"/>
    <tag k="local_y" v="2768171.0486"/>
    <tag k="ele" v="9.0321"/>
  </node>
  <node id="10300002807" lat="25.02061825592" lon="121.54260941397">
    <tag k="local_x" v="304761.5788"/>
    <tag k="local_y" v="2768170.7736"/>
    <tag k="ele" v="9.0271"/>
  </node>
  <node id="10300002808" lat="25.02061492803" lon="121.54261472727">
    <tag k="local_x" v="304762.1238"/>
    <tag k="local_y" v="2768170.4166"/>
    <tag k="ele" v="9.0201"/>
  </node>
  <node id="10300002809" lat="25.02061181961" lon="121.54261856115">
    <tag k="local_x" v="304762.5188"/>
    <tag k="local_y" v="2768170.0806"/>
    <tag k="ele" v="9.0141"/>
  </node>
  <node id="103000028010" lat="25.02060807139" lon="121.54262276641">
    <tag k="local_x" v="304762.9529"/>
    <tag k="local_y" v="2768169.6745"/>
    <tag k="ele" v="9.0091"/>
  </node>
  <node id="103000028011" lat="25.02060595093" lon="121.54262498625">
    <tag k="local_x" v="304763.1824"/>
    <tag k="local_y" v="2768169.4444"/>
    <tag k="ele" v="9.0098"/>
  </node>
  <node id="10300006501" lat="25.02061740057" lon="121.54264551222">
    <tag k="local_x" v="304765.2277"/>
    <tag k="local_y" v="2768170.7601"/>
    <tag k="ele" v="8.9852"/>
  </node>
  <node id="10300006502" lat="25.02061866037" lon="121.54264498972">
    <tag k="local_x" v="304765.1718"/>
    <tag k="local_y" v="2768170.8986"/>
    <tag k="ele" v="8.9888"/>
  </node>
  <node id="10300006503" lat="25.02062161071" lon="121.54264405228">
    <tag k="local_x" v="304765.0698"/>
    <tag k="local_y" v="2768171.2236"/>
    <tag k="ele" v="8.9888"/>
  </node>
  <node id="10300006504" lat="25.02062529705" lon="121.54264329123">
    <tag k="local_x" v="304764.9838"/>
    <tag k="local_y" v="2768171.6306"/>
    <tag k="ele" v="8.9938"/>
  </node>
  <node id="10300006505" lat="25.02062890137" lon="121.54264270535">
    <tag k="local_x" v="304764.9157"/>
    <tag k="local_y" v="2768172.0289"/>
    <tag k="ele" v="8.9968"/>
  </node>
  <node id="10300006506" lat="25.02063197054" lon="121.54264244491">
    <tag k="local_x" v="304764.8818"/>
    <tag k="local_y" v="2768172.3686"/>
    <tag k="ele" v="8.9977"/>
  </node>
  <node id="10300006507" lat="25.02063517421" lon="121.54264235605">
    <tag k="local_x" v="304764.8649"/>
    <tag k="local_y" v="2768172.7236"/>
    <tag k="ele" v="9.0081"/>
  </node>
  <node id="10300006508" lat="25.0206368921" lon="121.54264170519">
    <tag k="local_x" v="304764.7949"/>
    <tag k="local_y" v="2768172.9126"/>
    <tag k="ele" v="9.0221"/>
  </node>
  <node id="10300006509" lat="25.02063820613" lon="121.54264095536">
    <tag k="local_x" v="304764.7159"/>
    <tag k="local_y" v="2768173.0566"/>
    <tag k="ele" v="9.0311"/>
  </node>
  <node id="103000065010" lat="25.02064005089" lon="121.54263938704">
    <tag k="local_x" v="304764.5529"/>
    <tag k="local_y" v="2768173.2576"/>
    <tag k="ele" v="9.0411"/>
  </node>
  <node id="103000065011" lat="25.02064150388" lon="121.54263703604">
    <tag k="local_x" v="304764.3118"/>
    <tag k="local_y" v="2768173.4134"/>
    <tag k="ele" v="9.0391"/>
  </node>
  <node id="103000065012" lat="25.02064220604" lon="121.54263408462">
    <tag k="local_x" v="304764.0119"/>
    <tag k="local_y" v="2768173.4846"/>
    <tag k="ele" v="9.0581"/>
  </node>
  <node id="103000065013" lat="25.02064241327" lon="121.54263010053">
    <tag k="local_x" v="304763.6089"/>
    <tag k="local_y" v="2768173.4986"/>
    <tag k="ele" v="9.0611"/>
  </node>
  <node id="103000065014" lat="25.02064167881" lon="121.54262541039">
    <tag k="local_x" v="304763.1369"/>
    <tag k="local_y" v="2768173.4066"/>
    <tag k="ele" v="9.0641"/>
  </node>
  <node id="103000065015" lat="25.02063970953" lon="121.54262023468">
    <tag k="local_x" v="304762.6189"/>
    <tag k="local_y" v="2768173.1766"/>
    <tag k="ele" v="9.0571"/>
  </node>
  <node id="10300001902" lat="25.0201247557" lon="121.54260602948">
    <tag k="local_x" v="304762.4572"/>
    <tag k="local_y" v="2768116.0503"/>
    <tag k="ele" v="8.9449"/>
  </node>
  <node id="10300001903" lat="25.02012000633" lon="121.54260482042">
    <tag k="local_x" v="304762.3468"/>
    <tag k="local_y" v="2768115.521"/>
    <tag k="ele" v="8.9319"/>
  </node>
  <node id="10300001904" lat="25.02011673084" lon="121.54260311688">
    <tag k="local_x" v="304762.1828"/>
    <tag k="local_y" v="2768115.154"/>
    <tag k="ele" v="8.9219"/>
  </node>
  <node id="10300001905" lat="25.02011416012" lon="121.54260135139">
    <tag k="local_x" v="304762.0108"/>
    <tag k="local_y" v="2768114.865"/>
    <tag k="ele" v="8.9229"/>
  </node>
  <node id="10300001906" lat="25.02010954621" lon="121.54259716023">
    <tag k="local_x" v="304761.5988"/>
    <tag k="local_y" v="2768114.344"/>
    <tag k="ele" v="8.9179"/>
  </node>
  <node id="10300001907" lat="25.02010673641" lon="121.54259384471">
    <tag k="local_x" v="304761.2708"/>
    <tag k="local_y" v="2768114.025"/>
    <tag k="ele" v="8.9159"/>
  </node>
  <node id="10300001908" lat="25.02010403362" lon="121.54258956868">
    <tag k="local_x" v="304760.8455"/>
    <tag k="local_y" v="2768113.7157"/>
    <tag k="ele" v="8.9129"/>
  </node>
  <node id="10300001909" lat="25.02010029756" lon="121.542585009">
    <tag k="local_x" v="304760.3941"/>
    <tag k="local_y" v="2768113.2912"/>
    <tag k="ele" v="8.9159"/>
  </node>
  <node id="103000019010" lat="25.02009711845" lon="121.54257847432">
    <tag k="local_x" v="304759.7418"/>
    <tag k="local_y" v="2768112.924"/>
    <tag k="ele" v="8.9209"/>
  </node>
  <node id="103000019011" lat="25.02008935163" lon="121.54256268599">
    <tag k="local_x" v="304758.166"/>
    <tag k="local_y" v="2768112.0273"/>
    <tag k="ele" v="8.9194"/>
  </node>
  <node id="103000019012" lat="25.02008427341" lon="121.54255204937">
    <tag k="local_x" v="304757.104"/>
    <tag k="local_y" v="2768111.4403"/>
    <tag k="ele" v="8.9234"/>
  </node>
  <node id="103000019013" lat="25.02007561081" lon="121.54253404954">
    <tag k="local_x" v="304755.307"/>
    <tag k="local_y" v="2768110.4393"/>
    <tag k="ele" v="8.9324"/>
  </node>
  <node id="103000019014" lat="25.02006990614" lon="121.54252095264">
    <tag k="local_x" v="304753.998"/>
    <tag k="local_y" v="2768109.7773"/>
    <tag k="ele" v="8.9224"/>
  </node>
  <node id="103000019015" lat="25.0200663739" lon="121.54251142291">
    <tag k="local_x" v="304753.044"/>
    <tag k="local_y" v="2768109.3642"/>
    <tag k="ele" v="8.9224"/>
  </node>
  <node id="103000019016" lat="25.02006269014" lon="121.54250140444">
    <tag k="local_x" v="304752.041"/>
    <tag k="local_y" v="2768108.9332"/>
    <tag k="ele" v="8.9334"/>
  </node>
  <node id="103000019017" lat="25.02006082253" lon="121.54249477616">
    <tag k="local_x" v="304751.376"/>
    <tag k="local_y" v="2768108.7112"/>
    <tag k="ele" v="8.9394"/>
  </node>
  <node id="103000019018" lat="25.02005916216" lon="121.54248682653">
    <tag k="local_x" v="304750.577"/>
    <tag k="local_y" v="2768108.5092"/>
    <tag k="ele" v="8.9474"/>
  </node>
  <node id="103000019019" lat="25.02005786959" lon="121.54247897499">
    <tag k="local_x" v="304749.787"/>
    <tag k="local_y" v="2768108.3482"/>
    <tag k="ele" v="8.9524"/>
  </node>
  <node id="103000019020" lat="25.02005721757" lon="121.54246849621">
    <tag k="local_x" v="304748.73"/>
    <tag k="local_y" v="2768108.2523"/>
    <tag k="ele" v="8.9474"/>
  </node>
  <node id="103000019021" lat="25.02005714699" lon="121.5424555471">
    <tag k="local_x" v="304747.422"/>
    <tag k="local_y" v="2768108.2153"/>
    <tag k="ele" v="8.9314"/>
  </node>
  <node id="103000019022" lat="25.02005720024" lon="121.54244356119">
    <tag k="local_x" v="304746.211"/>
    <tag k="local_y" v="2768108.1942"/>
    <tag k="ele" v="8.9274"/>
  </node>
  <node id="103000019023" lat="25.02005750452" lon="121.54243666535">
    <tag k="local_x" v="304745.5136"/>
    <tag k="local_y" v="2768108.2124"/>
    <tag k="ele" v="8.9404"/>
  </node>
  <node id="103000019024" lat="25.02005809372" lon="121.54242844215">
    <tag k="local_x" v="304744.6814"/>
    <tag k="local_y" v="2768108.2592"/>
    <tag k="ele" v="8.9364"/>
  </node>
  <node id="103000019025" lat="25.02005820712" lon="121.5424224622">
    <tag k="local_x" v="304744.077"/>
    <tag k="local_y" v="2768108.2583"/>
    <tag k="ele" v="8.9324"/>
  </node>
  <node id="103000019026" lat="25.02005819333" lon="121.54241612775">
    <tag k="local_x" v="304743.4371"/>
    <tag k="local_y" v="2768108.2425"/>
    <tag k="ele" v="8.9214"/>
  </node>
  <node id="103000019027" lat="25.02005766283" lon="121.54240872347">
    <tag k="local_x" v="304742.6904"/>
    <tag k="local_y" v="2768108.167"/>
    <tag k="ele" v="8.9174"/>
  </node>
  <node id="103000019028" lat="25.02005703449" lon="121.54240258284">
    <tag k="local_x" v="304742.0716"/>
    <tag k="local_y" v="2768108.0835"/>
    <tag k="ele" v="8.9149"/>
  </node>
  <node id="103000019029" lat="25.02005633117" lon="121.54239729164">
    <tag k="local_x" v="304741.5388"/>
    <tag k="local_y" v="2768107.9936"/>
    <tag k="ele" v="8.9129"/>
  </node>
  <node id="103000019030" lat="25.0200554793" lon="121.54239260855">
    <tag k="local_x" v="304741.0678"/>
    <tag k="local_y" v="2768107.8886"/>
    <tag k="ele" v="8.9189"/>
  </node>
  <node id="103000019031" lat="25.02005456914" lon="121.54238768646">
    <tag k="local_x" v="304740.5728"/>
    <tag k="local_y" v="2768107.7766"/>
    <tag k="ele" v="8.9109"/>
  </node>
  <node id="103000019032" lat="25.02005359724" lon="121.54238314">
    <tag k="local_x" v="304740.1159"/>
    <tag k="local_y" v="2768107.6586"/>
    <tag k="ele" v="8.9109"/>
  </node>
  <node id="103000019033" lat="25.02005255585" lon="121.54237890662">
    <tag k="local_x" v="304739.6908"/>
    <tag k="local_y" v="2768107.5336"/>
    <tag k="ele" v="8.9149"/>
  </node>
  <node id="103000019034" lat="25.02005128994" lon="121.54237382635">
    <tag k="local_x" v="304739.1807"/>
    <tag k="local_y" v="2768107.3818"/>
    <tag k="ele" v="8.9169"/>
  </node>
  <node id="103000019035" lat="25.02004980128" lon="121.54236799032">
    <tag k="local_x" v="304738.5948"/>
    <tag k="local_y" v="2768107.2036"/>
    <tag k="ele" v="8.9169"/>
  </node>
  <node id="103000019036" lat="25.02004817788" lon="121.54236177188">
    <tag k="local_x" v="304737.9706"/>
    <tag k="local_y" v="2768107.0096"/>
    <tag k="ele" v="8.9079"/>
  </node>
  <node id="103000019037" lat="25.02004638121" lon="121.54235475929">
    <tag k="local_x" v="304737.2666"/>
    <tag k="local_y" v="2768106.7946"/>
    <tag k="ele" v="8.9049"/>
  </node>
  <node id="103000019038" lat="25.02004449176" lon="121.5423473861">
    <tag k="local_x" v="304736.5264"/>
    <tag k="local_y" v="2768106.5685"/>
    <tag k="ele" v="8.9039"/>
  </node>
  <node id="103000019039" lat="25.02004230784" lon="121.54233404179">
    <tag k="local_x" v="304735.1837"/>
    <tag k="local_y" v="2768106.2963"/>
    <tag k="ele" v="8.9109"/>
  </node>
  <node id="103000019040" lat="25.02004081153" lon="121.54232214564">
    <tag k="local_x" v="304733.9856"/>
    <tag k="local_y" v="2768106.1036"/>
    <tag k="ele" v="8.9229"/>
  </node>
  <node id="103000019041" lat="25.02003967503" lon="121.54230927637">
    <tag k="local_x" v="304732.6883"/>
    <tag k="local_y" v="2768105.9486"/>
    <tag k="ele" v="8.9258"/>
  </node>
  <node id="103000019042" lat="25.02003812766" lon="121.54229265833">
    <tag k="local_x" v="304731.0133"/>
    <tag k="local_y" v="2768105.7396"/>
    <tag k="ele" v="8.9438"/>
  </node>
  <node id="103000019043" lat="25.02003684726" lon="121.54227945788">
    <tag k="local_x" v="304729.6829"/>
    <tag k="local_y" v="2768105.5679"/>
    <tag k="ele" v="8.9329"/>
  </node>
  <node id="10300001801" lat="25.02002921487" lon="121.54228000062">
    <tag k="local_x" v="304729.7566"/>
    <tag k="local_y" v="2768104.7229"/>
    <tag k="ele" v="8.9416"/>
  </node>
  <node id="10300001802" lat="25.02002929186" lon="121.54228140513">
    <tag k="local_x" v="304729.8983"/>
    <tag k="local_y" v="2768104.7346"/>
    <tag k="ele" v="8.9387"/>
  </node>
  <node id="10300001803" lat="25.02002959839" lon="121.54228673809">
    <tag k="local_x" v="304730.4363"/>
    <tag k="local_y" v="2768104.7806"/>
    <tag k="ele" v="8.9417"/>
  </node>
  <node id="10300001804" lat="25.02003044912" lon="121.54229569438">
    <tag k="local_x" v="304731.339"/>
    <tag k="local_y" v="2768104.8951"/>
    <tag k="ele" v="8.9508"/>
  </node>
  <node id="10300001805" lat="25.02003174474" lon="121.54231205186">
    <tag k="local_x" v="304732.9883"/>
    <tag k="local_y" v="2768105.0756"/>
    <tag k="ele" v="8.9428"/>
  </node>
  <node id="10300001806" lat="25.02003217157" lon="121.54232344867">
    <tag k="local_x" v="304734.1386"/>
    <tag k="local_y" v="2768105.1486"/>
    <tag k="ele" v="8.9439"/>
  </node>
  <node id="10300001807" lat="25.02003293616" lon="121.54233287106">
    <tag k="local_x" v="304735.0886"/>
    <tag k="local_y" v="2768105.2546"/>
    <tag k="ele" v="8.9379"/>
  </node>
  <node id="10300001808" lat="25.02003389723" lon="121.54234017006">
    <tag k="local_x" v="304735.8236"/>
    <tag k="local_y" v="2768105.3776"/>
    <tag k="ele" v="8.9369"/>
  </node>
  <node id="10300001809" lat="25.02003506462" lon="121.5423469475">
    <tag k="local_x" v="304736.5054"/>
    <tag k="local_y" v="2768105.5223"/>
    <tag k="ele" v="8.9329"/>
  </node>
  <node id="103000018010" lat="25.02003627903" lon="121.54235323017">
    <tag k="local_x" v="304737.1371"/>
    <tag k="local_y" v="2768105.6711"/>
    <tag k="ele" v="8.9239"/>
  </node>
  <node id="103000018011" lat="25.02003832757" lon="121.5423598322">
    <tag k="local_x" v="304737.799"/>
    <tag k="local_y" v="2768105.9131"/>
    <tag k="ele" v="8.9199"/>
  </node>
  <node id="103000018012" lat="25.02004059075" lon="121.54236568025">
    <tag k="local_x" v="304738.3842"/>
    <tag k="local_y" v="2768106.1772"/>
    <tag k="ele" v="8.9229"/>
  </node>
  <node id="103000018013" lat="25.02004250722" lon="121.54237096946">
    <tag k="local_x" v="304738.9138"/>
    <tag k="local_y" v="2768106.4016"/>
    <tag k="ele" v="8.9169"/>
  </node>
  <node id="103000018014" lat="25.02004465435" lon="121.54237671371">
    <tag k="local_x" v="304739.4888"/>
    <tag k="local_y" v="2768106.6526"/>
    <tag k="ele" v="8.9129"/>
  </node>
  <node id="103000018015" lat="25.02004704828" lon="121.54238322916">
    <tag k="local_x" v="304740.1411"/>
    <tag k="local_y" v="2768106.9327"/>
    <tag k="ele" v="8.9049"/>
  </node>
  <node id="103000018016" lat="25.02004861826" lon="121.54238848118">
    <tag k="local_x" v="304740.6678"/>
    <tag k="local_y" v="2768107.1186"/>
    <tag k="ele" v="8.9069"/>
  </node>
  <node id="103000018017" lat="25.02004982395" lon="121.54239399452">
    <tag k="local_x" v="304741.2218"/>
    <tag k="local_y" v="2768107.2647"/>
    <tag k="ele" v="8.9039"/>
  </node>
  <node id="103000018018" lat="25.02005074912" lon="121.54239968709">
    <tag k="local_x" v="304741.7946"/>
    <tag k="local_y" v="2768107.3801"/>
    <tag k="ele" v="8.9119"/>
  </node>
  <node id="103000018019" lat="25.02005097275" lon="121.54240470522">
    <tag k="local_x" v="304742.301"/>
    <tag k="local_y" v="2768107.4162"/>
    <tag k="ele" v="8.9134"/>
  </node>
  <node id="103000018020" lat="25.0200511172" lon="121.54241086766">
    <tag k="local_x" v="304742.9232"/>
    <tag k="local_y" v="2768107.4461"/>
    <tag k="ele" v="8.9114"/>
  </node>
  <node id="103000018021" lat="25.02005118413" lon="121.54241618485">
    <tag k="local_x" v="304743.4602"/>
    <tag k="local_y" v="2768107.4655"/>
    <tag k="ele" v="8.9064"/>
  </node>
  <node id="103000018022" lat="25.02005114918" lon="121.54242132237">
    <tag k="local_x" v="304743.9793"/>
    <tag k="local_y" v="2768107.4732"/>
    <tag k="ele" v="8.9084"/>
  </node>
  <node id="103000018023" lat="25.02005087178" lon="121.54242671824">
    <tag k="local_x" v="304744.5251"/>
    <tag k="local_y" v="2768107.4546"/>
    <tag k="ele" v="8.9074"/>
  </node>
  <node id="103000018024" lat="25.02005054712" lon="121.54243204267">
    <tag k="local_x" v="304745.0638"/>
    <tag k="local_y" v="2768107.4306"/>
    <tag k="ele" v="8.9144"/>
  </node>
  <node id="103000018025" lat="25.02004988463" lon="121.54244138658">
    <tag k="local_x" v="304746.0094"/>
    <tag k="local_y" v="2768107.3782"/>
    <tag k="ele" v="8.9254"/>
  </node>
  <node id="103000018026" lat="25.02004913178" lon="121.54245047289">
    <tag k="local_x" v="304746.9292"/>
    <tag k="local_y" v="2768107.3152"/>
    <tag k="ele" v="8.9254"/>
  </node>
  <node id="103000018027" lat="25.02004813774" lon="121.54246210714">
    <tag k="local_x" v="304748.107"/>
    <tag k="local_y" v="2768107.2312"/>
    <tag k="ele" v="8.9414"/>
  </node>
  <node id="103000018028" lat="25.02004798206" lon="121.54247203163">
    <tag k="local_x" v="304749.11"/>
    <tag k="local_y" v="2768107.2363"/>
    <tag k="ele" v="8.9524"/>
  </node>
  <node id="103000018029" lat="25.02004783018" lon="121.54248212449">
    <tag k="local_x" v="304750.13"/>
    <tag k="local_y" v="2768107.2422"/>
    <tag k="ele" v="8.9594"/>
  </node>
  <node id="103000018030" lat="25.02004857476" lon="121.54249119994">
    <tag k="local_x" v="304751.045"/>
    <tag k="local_y" v="2768107.3452"/>
    <tag k="ele" v="8.9554"/>
  </node>
  <node id="103000018031" lat="25.0200498141" lon="121.54249816425">
    <tag k="local_x" v="304751.7455"/>
    <tag k="local_y" v="2768107.4983"/>
    <tag k="ele" v="8.9484"/>
  </node>
  <node id="103000018032" lat="25.02005158523" lon="121.54250510198">
    <tag k="local_x" v="304752.442"/>
    <tag k="local_y" v="2768107.7103"/>
    <tag k="ele" v="8.9394"/>
  </node>
  <node id="103000018033" lat="25.02005421572" lon="121.54251377914">
    <tag k="local_x" v="304753.3121"/>
    <tag k="local_y" v="2768108.0215"/>
    <tag k="ele" v="8.9374"/>
  </node>
  <node id="103000018034" lat="25.02005730748" lon="121.54252163908">
    <tag k="local_x" v="304754.0985"/>
    <tag k="local_y" v="2768108.382"/>
    <tag k="ele" v="8.9364"/>
  </node>
  <node id="103000018035" lat="25.02006103957" lon="121.54252985619">
    <tag k="local_x" v="304754.9194"/>
    <tag k="local_y" v="2768108.8143"/>
    <tag k="ele" v="8.9334"/>
  </node>
  <node id="103000018036" lat="25.02006459181" lon="121.54253689295">
    <tag k="local_x" v="304755.6215"/>
    <tag k="local_y" v="2768109.224"/>
    <tag k="ele" v="8.9414"/>
  </node>
  <node id="103000018037" lat="25.0200686468" lon="121.54254386679">
    <tag k="local_x" v="304756.316"/>
    <tag k="local_y" v="2768109.6893"/>
    <tag k="ele" v="8.9414"/>
  </node>
  <node id="103000018038" lat="25.02007355772" lon="121.54255168414">
    <tag k="local_x" v="304757.0936"/>
    <tag k="local_y" v="2768110.2514"/>
    <tag k="ele" v="8.9394"/>
  </node>
  <node id="103000018039" lat="25.02007807884" lon="121.54255950978">
    <tag k="local_x" v="304757.873"/>
    <tag k="local_y" v="2768110.7703"/>
    <tag k="ele" v="8.9374"/>
  </node>
  <node id="103000018040" lat="25.02008218087" lon="121.54256758648">
    <tag k="local_x" v="304758.6788"/>
    <tag k="local_y" v="2768111.2433"/>
    <tag k="ele" v="8.9214"/>
  </node>
  <node id="103000018041" lat="25.02008555296" lon="121.542575188">
    <tag k="local_x" v="304759.4384"/>
    <tag k="local_y" v="2768111.6343"/>
    <tag k="ele" v="8.9164"/>
  </node>
  <node id="103000018042" lat="25.02008889263" lon="121.54258305401">
    <tag k="local_x" v="304760.2248"/>
    <tag k="local_y" v="2768112.0223"/>
    <tag k="ele" v="8.9274"/>
  </node>
  <node id="103000018043" lat="25.02009182777" lon="121.54258996579">
    <tag k="local_x" v="304760.9158"/>
    <tag k="local_y" v="2768112.3633"/>
    <tag k="ele" v="8.9214"/>
  </node>
  <node id="103000018044" lat="25.02009543759" lon="121.54259629918">
    <tag k="local_x" v="304761.5467"/>
    <tag k="local_y" v="2768112.7778"/>
    <tag k="ele" v="8.9289"/>
  </node>
  <node id="103000018045" lat="25.02009955064" lon="121.54260210245">
    <tag k="local_x" v="304762.1228"/>
    <tag k="local_y" v="2768113.2469"/>
    <tag k="ele" v="8.9259"/>
  </node>
  <node id="103000018046" lat="25.0201032358" lon="121.54260685885">
    <tag k="local_x" v="304762.5942"/>
    <tag k="local_y" v="2768113.6662"/>
    <tag k="ele" v="8.931"/>
  </node>
  <node id="103000018047" lat="25.02010808443" lon="121.54261223765">
    <tag k="local_x" v="304763.1256"/>
    <tag k="local_y" v="2768114.2159"/>
    <tag k="ele" v="8.937"/>
  </node>
  <node id="103000018048" lat="25.02011260025" lon="121.54261553059">
    <tag k="local_x" v="304763.4471"/>
    <tag k="local_y" v="2768114.724"/>
    <tag k="ele" v="8.941"/>
  </node>
  <node id="103000018049" lat="25.02011736545" lon="121.54261729238">
    <tag k="local_x" v="304763.6133"/>
    <tag k="local_y" v="2768115.2563"/>
    <tag k="ele" v="8.944"/>
  </node>
  <node id="103000018050" lat="25.02012317427" lon="121.54261838482">
    <tag k="local_x" v="304763.7093"/>
    <tag k="local_y" v="2768115.9028"/>
    <tag k="ele" v="8.944"/>
  </node>
  <node id="103000018051" lat="25.02012911478" lon="121.54261858863">
    <tag k="local_x" v="304763.7152"/>
    <tag k="local_y" v="2768116.5619"/>
    <tag k="ele" v="8.954"/>
  </node>
  <node id="10300006401" lat="25.02002129934" lon="121.54227991875">
    <tag k="local_x" v="304729.7679"/>
    <tag k="local_y" v="2768103.8451"/>
    <tag k="ele" v="8.9518"/>
  </node>
  <node id="10300006402" lat="25.02002203351" lon="121.54228644406">
    <tag k="local_x" v="304730.4253"/>
    <tag k="local_y" v="2768103.9412"/>
    <tag k="ele" v="8.9458"/>
  </node>
  <node id="10300006403" lat="25.02002247001" lon="121.54229514572">
    <tag k="local_x" v="304731.3033"/>
    <tag k="local_y" v="2768104.0092"/>
    <tag k="ele" v="8.9558"/>
  </node>
  <node id="10300006404" lat="25.02002258016" lon="121.54230126575">
    <tag k="local_x" v="304731.9213"/>
    <tag k="local_y" v="2768104.0352"/>
    <tag k="ele" v="8.9718"/>
  </node>
  <node id="10300006405" lat="25.02002271074" lon="121.54231441429">
    <tag k="local_x" v="304733.2493"/>
    <tag k="local_y" v="2768104.0793"/>
    <tag k="ele" v="8.9618"/>
  </node>
  <node id="10300006406" lat="25.02002312475" lon="121.54232728569">
    <tag k="local_x" v="304734.5486"/>
    <tag k="local_y" v="2768104.1542"/>
    <tag k="ele" v="8.9618"/>
  </node>
  <node id="10300006407" lat="25.02002399896" lon="121.54233903693">
    <tag k="local_x" v="304735.7336"/>
    <tag k="local_y" v="2768104.2776"/>
    <tag k="ele" v="8.9589"/>
  </node>
  <node id="10300006408" lat="25.02002566125" lon="121.54234822392">
    <tag k="local_x" v="304736.6576"/>
    <tag k="local_y" v="2768104.4826"/>
    <tag k="ele" v="8.9609"/>
  </node>
  <node id="10300006409" lat="25.02002755102" lon="121.54235598119">
    <tag k="local_x" v="304737.4366"/>
    <tag k="local_y" v="2768104.7096"/>
    <tag k="ele" v="8.9469"/>
  </node>
  <node id="103000064010" lat="25.0200303596" lon="121.54236468349">
    <tag k="local_x" v="304738.3088"/>
    <tag k="local_y" v="2768105.0406"/>
    <tag k="ele" v="8.9309"/>
  </node>
  <node id="103000064011" lat="25.02003318761" lon="121.54237109771">
    <tag k="local_x" v="304738.9498"/>
    <tag k="local_y" v="2768105.3686"/>
    <tag k="ele" v="8.9179"/>
  </node>
  <node id="103000064012" lat="25.02003774796" lon="121.54237925689">
    <tag k="local_x" v="304739.7628"/>
    <tag k="local_y" v="2768105.8926"/>
    <tag k="ele" v="8.9139"/>
  </node>
  <node id="103000064013" lat="25.02004036328" lon="121.54238402076">
    <tag k="local_x" v="304740.2376"/>
    <tag k="local_y" v="2768106.1933"/>
    <tag k="ele" v="8.9039"/>
  </node>
  <node id="103000064014" lat="25.02004217839" lon="121.54238892738">
    <tag k="local_x" v="304740.7288"/>
    <tag k="local_y" v="2768106.4056"/>
    <tag k="ele" v="8.9009"/>
  </node>
  <node id="103000064015" lat="25.02004383119" lon="121.54239636209">
    <tag k="local_x" v="304741.4758"/>
    <tag k="local_y" v="2768106.6056"/>
    <tag k="ele" v="8.8929"/>
  </node>
  <node id="103000064016" lat="25.02004440435" lon="121.54240393074">
    <tag k="local_x" v="304742.239"/>
    <tag k="local_y" v="2768106.6862"/>
    <tag k="ele" v="8.8924"/>
  </node>
  <node id="103000064017" lat="25.02004466721" lon="121.54241056924">
    <tag k="local_x" v="304742.909"/>
    <tag k="local_y" v="2768106.7303"/>
    <tag k="ele" v="8.8834"/>
  </node>
  <node id="103000064018" lat="25.02004453962" lon="121.54241724768">
    <tag k="local_x" v="304743.584"/>
    <tag k="local_y" v="2768106.7312"/>
    <tag k="ele" v="8.8694"/>
  </node>
  <node id="103000064019" lat="25.02004387215" lon="121.54242430686">
    <tag k="local_x" v="304744.2988"/>
    <tag k="local_y" v="2768106.6731"/>
    <tag k="ele" v="8.8614"/>
  </node>
  <node id="103000064020" lat="25.02004288178" lon="121.54243340815">
    <tag k="local_x" v="304745.2207"/>
    <tag k="local_y" v="2768106.5838"/>
    <tag k="ele" v="8.8934"/>
  </node>
  <node id="103000064021" lat="25.0200411452" lon="121.54244132611">
    <tag k="local_x" v="304746.0249"/>
    <tag k="local_y" v="2768106.4091"/>
    <tag k="ele" v="8.8974"/>
  </node>
  <node id="103000064022" lat="25.02003926318" lon="121.54245231798">
    <tag k="local_x" v="304747.14"/>
    <tag k="local_y" v="2768106.2252"/>
    <tag k="ele" v="8.9104"/>
  </node>
  <node id="103000064023" lat="25.02003759069" lon="121.5424630299">
    <tag k="local_x" v="304748.2263"/>
    <tag k="local_y" v="2768106.0639"/>
    <tag k="ele" v="8.9224"/>
  </node>
  <node id="103000064024" lat="25.02003673442" lon="121.54247436462">
    <tag k="local_x" v="304749.3735"/>
    <tag k="local_y" v="2768105.9945"/>
    <tag k="ele" v="8.9354"/>
  </node>
  <node id="103000064025" lat="25.0200365633" lon="121.54248420559">
    <tag k="local_x" v="304750.3681"/>
    <tag k="local_y" v="2768105.9977"/>
    <tag k="ele" v="8.9424"/>
  </node>
  <node id="103000064026" lat="25.02003743277" lon="121.54249379288">
    <tag k="local_x" v="304751.3345"/>
    <tag k="local_y" v="2768106.1157"/>
    <tag k="ele" v="8.9474"/>
  </node>
  <node id="103000064027" lat="25.0200394693" lon="121.54250466883">
    <tag k="local_x" v="304752.4282"/>
    <tag k="local_y" v="2768106.366"/>
    <tag k="ele" v="8.9534"/>
  </node>
  <node id="103000064028" lat="25.02004305577" lon="121.54251619049">
    <tag k="local_x" v="304753.5833"/>
    <tag k="local_y" v="2768106.7896"/>
    <tag k="ele" v="8.9514"/>
  </node>
  <node id="103000064029" lat="25.02004766582" lon="121.54252785104">
    <tag k="local_x" v="304754.7499"/>
    <tag k="local_y" v="2768107.327"/>
    <tag k="ele" v="8.9404"/>
  </node>
  <node id="103000064030" lat="25.02005304837" lon="121.5425391791">
    <tag k="local_x" v="304755.881"/>
    <tag k="local_y" v="2768107.9493"/>
    <tag k="ele" v="8.9404"/>
  </node>
  <node id="103000064031" lat="25.02005847069" lon="121.5425479731">
    <tag k="local_x" v="304756.756"/>
    <tag k="local_y" v="2768108.5703"/>
    <tag k="ele" v="8.9544"/>
  </node>
  <node id="103000064032" lat="25.02006312607" lon="121.54255500617">
    <tag k="local_x" v="304757.455"/>
    <tag k="local_y" v="2768109.1023"/>
    <tag k="ele" v="8.9604"/>
  </node>
  <node id="103000064033" lat="25.02006864582" lon="121.54256273351">
    <tag k="local_x" v="304758.222"/>
    <tag k="local_y" v="2768109.7317"/>
    <tag k="ele" v="8.9644"/>
  </node>
  <node id="103000064034" lat="25.020071143" lon="121.5425667422">
    <tag k="local_x" v="304758.6208"/>
    <tag k="local_y" v="2768110.0176"/>
    <tag k="ele" v="8.9534"/>
  </node>
  <node id="103000064035" lat="25.02007232049" lon="121.54256876064">
    <tag k="local_x" v="304758.8218"/>
    <tag k="local_y" v="2768110.1527"/>
    <tag k="ele" v="8.9484"/>
  </node>
  <node id="103000064036" lat="25.02007349367" lon="121.54257103634">
    <tag k="local_x" v="304759.0488"/>
    <tag k="local_y" v="2768110.2879"/>
    <tag k="ele" v="8.9454"/>
  </node>
  <node id="103000064037" lat="25.02007484726" lon="121.54257415387">
    <tag k="local_x" v="304759.3604"/>
    <tag k="local_y" v="2768110.445"/>
    <tag k="ele" v="8.9394"/>
  </node>
  <node id="103000064038" lat="25.02007608762" lon="121.54257751709">
    <tag k="local_x" v="304759.6971"/>
    <tag k="local_y" v="2768110.5901"/>
    <tag k="ele" v="8.9414"/>
  </node>
  <node id="103000064039" lat="25.02007921763" lon="121.54258602435">
    <tag k="local_x" v="304760.5488"/>
    <tag k="local_y" v="2768110.9563"/>
    <tag k="ele" v="8.9494"/>
  </node>
  <node id="103000064040" lat="25.02008210993" lon="121.54259229266">
    <tag k="local_x" v="304761.1749"/>
    <tag k="local_y" v="2768111.2911"/>
    <tag k="ele" v="8.9394"/>
  </node>
  <node id="103000064042" lat="25.02008965157" lon="121.5426065125">
    <tag k="local_x" v="304762.5928"/>
    <tag k="local_y" v="2768112.1593"/>
    <tag k="ele" v="8.9334"/>
  </node>
  <node id="103000064043" lat="25.02009650506" lon="121.54261611461">
    <tag k="local_x" v="304763.5459"/>
    <tag k="local_y" v="2768112.9408"/>
    <tag k="ele" v="8.94"/>
  </node>
  <node id="103000064044" lat="25.02010175118" lon="121.54262257219">
    <tag k="local_x" v="304764.1853"/>
    <tag k="local_y" v="2768113.537"/>
    <tag k="ele" v="8.942"/>
  </node>
  <node id="103000064045" lat="25.02010666964" lon="121.54262642337">
    <tag k="local_x" v="304764.5622"/>
    <tag k="local_y" v="2768114.091"/>
    <tag k="ele" v="8.944"/>
  </node>
  <node id="103000064046" lat="25.0201124906" lon="121.54262927015">
    <tag k="local_x" v="304764.8354"/>
    <tag k="local_y" v="2768114.7428"/>
    <tag k="ele" v="8.939"/>
  </node>
  <node id="103000064047" lat="25.02011789397" lon="121.5426311406">
    <tag k="local_x" v="304765.011"/>
    <tag k="local_y" v="2768115.3461"/>
    <tag k="ele" v="8.934"/>
  </node>
  <node id="103000064048" lat="25.02012311189" lon="121.5426324611">
    <tag k="local_x" v="304765.1315"/>
    <tag k="local_y" v="2768115.9276"/>
    <tag k="ele" v="8.93"/>
  </node>
  <node id="103000064049" lat="25.02012763148" lon="121.54263303894">
    <tag k="local_x" v="304765.1787"/>
    <tag k="local_y" v="2768116.43"/>
    <tag k="ele" v="8.931"/>
  </node>
  <node id="10300004201" lat="25.02047812993" lon="121.54274017993">
    <tag k="local_x" v="304775.1358"/>
    <tag k="local_y" v="2768155.5321"/>
    <tag k="ele" v="9.0181"/>
  </node>
  <node id="10300004202" lat="25.02047970736" lon="121.54274058182">
    <tag k="local_x" v="304775.1725"/>
    <tag k="local_y" v="2768155.7079"/>
    <tag k="ele" v="9.0171"/>
  </node>
  <node id="10300004203" lat="25.02048229078" lon="121.54274127857">
    <tag k="local_x" v="304775.2365"/>
    <tag k="local_y" v="2768155.9959"/>
    <tag k="ele" v="9.0131"/>
  </node>
  <node id="10300004204" lat="25.02048551784" lon="121.54274225834">
    <tag k="local_x" v="304775.3275"/>
    <tag k="local_y" v="2768156.3559"/>
    <tag k="ele" v="9.0081"/>
  </node>
  <node id="10300004205" lat="25.02049020762" lon="121.54274449145">
    <tag k="local_x" v="304775.5415"/>
    <tag k="local_y" v="2768156.8809"/>
    <tag k="ele" v="8.9968"/>
  </node>
  <node id="10300004206" lat="25.0204956023" lon="121.5427475436">
    <tag k="local_x" v="304775.8365"/>
    <tag k="local_y" v="2768157.4859"/>
    <tag k="ele" v="8.9868"/>
  </node>
  <node id="10300004207" lat="25.02050202598" lon="121.54275188797">
    <tag k="local_x" v="304776.2595"/>
    <tag k="local_y" v="2768158.2079"/>
    <tag k="ele" v="8.9848"/>
  </node>
  <node id="10300004208" lat="25.02050781819" lon="121.54275668211">
    <tag k="local_x" v="304776.7295"/>
    <tag k="local_y" v="2768158.8609"/>
    <tag k="ele" v="8.9778"/>
  </node>
  <node id="10300004209" lat="25.02051228096" lon="121.54276209703">
    <tag k="local_x" v="304777.2655"/>
    <tag k="local_y" v="2768159.3679"/>
    <tag k="ele" v="8.9688"/>
  </node>
  <node id="103000042010" lat="25.02051530916" lon="121.54276753622">
    <tag k="local_x" v="304777.8075"/>
    <tag k="local_y" v="2768159.7159"/>
    <tag k="ele" v="8.9618"/>
  </node>
  <node id="103000042011" lat="25.02051779613" lon="121.54277475381">
    <tag k="local_x" v="304778.5305"/>
    <tag k="local_y" v="2768160.0079"/>
    <tag k="ele" v="8.9447"/>
  </node>
  <node id="103000042012" lat="25.020518177" lon="121.54277953428">
    <tag k="local_x" v="304779.0125"/>
    <tag k="local_y" v="2768160.0609"/>
    <tag k="ele" v="8.9378"/>
  </node>
  <node id="103000042013" lat="25.02051767943" lon="121.54278342514">
    <tag k="local_x" v="304779.4068"/>
    <tag k="local_y" v="2768160.0145"/>
    <tag k="ele" v="8.9238"/>
  </node>
  <node id="103000042014" lat="25.02051740876" lon="121.54278449449">
    <tag k="local_x" v="304779.5155"/>
    <tag k="local_y" v="2768159.9869"/>
    <tag k="ele" v="8.9237"/>
  </node>
  <node id="10300007301" lat="25.02044992227" lon="121.54274464368">
    <tag k="local_x" v="304775.6565"/>
    <tag k="local_y" v="2768152.4147"/>
    <tag k="ele" v="8.9949"/>
  </node>
  <node id="10300007302" lat="25.02045272429" lon="121.54274479145">
    <tag k="local_x" v="304775.6645"/>
    <tag k="local_y" v="2768152.7257"/>
    <tag k="ele" v="8.9989"/>
  </node>
  <node id="10300007303" lat="25.02045711269" lon="121.5427454334">
    <tag k="local_x" v="304775.7185"/>
    <tag k="local_y" v="2768153.2137"/>
    <tag k="ele" v="8.9969"/>
  </node>
  <node id="10300007304" lat="25.02046190394" lon="121.54274631288">
    <tag k="local_x" v="304775.7955"/>
    <tag k="local_y" v="2768153.7469"/>
    <tag k="ele" v="8.9938"/>
  </node>
  <node id="10300007305" lat="25.02046517329" lon="121.54274698682">
    <tag k="local_x" v="304775.8555"/>
    <tag k="local_y" v="2768154.1109"/>
    <tag k="ele" v="8.9988"/>
  </node>
  <node id="10300007306" lat="25.02046985311" lon="121.5427483783">
    <tag k="local_x" v="304775.9845"/>
    <tag k="local_y" v="2768154.6329"/>
    <tag k="ele" v="8.9977"/>
  </node>
  <node id="10300007307" lat="25.02047603437" lon="121.54275044994">
    <tag k="local_x" v="304776.1785"/>
    <tag k="local_y" v="2768155.3229"/>
    <tag k="ele" v="8.9938"/>
  </node>
  <node id="10300007402" lat="25.02048010738" lon="121.54275196515">
    <tag k="local_x" v="304776.3215"/>
    <tag k="local_y" v="2768155.7779"/>
    <tag k="ele" v="8.9868"/>
  </node>
  <node id="10300007403" lat="25.02048393458" lon="121.54275359312">
    <tag k="local_x" v="304776.4765"/>
    <tag k="local_y" v="2768156.2059"/>
    <tag k="ele" v="8.9878"/>
  </node>
  <node id="10300007404" lat="25.02048767703" lon="121.5427553972">
    <tag k="local_x" v="304776.6495"/>
    <tag k="local_y" v="2768156.6249"/>
    <tag k="ele" v="8.9678"/>
  </node>
  <node id="10300007405" lat="25.02049090844" lon="121.54275705018">
    <tag k="local_x" v="304776.8085"/>
    <tag k="local_y" v="2768156.9869"/>
    <tag k="ele" v="8.9608"/>
  </node>
  <node id="10300007406" lat="25.02049538783" lon="121.54275987206">
    <tag k="local_x" v="304777.0825"/>
    <tag k="local_y" v="2768157.4899"/>
    <tag k="ele" v="8.9588"/>
  </node>
  <node id="10300007407" lat="25.02049779145" lon="121.54276187103">
    <tag k="local_x" v="304777.2785"/>
    <tag k="local_y" v="2768157.7609"/>
    <tag k="ele" v="8.9548"/>
  </node>
  <node id="10300007408" lat="25.02049930203" lon="121.5427634324">
    <tag k="local_x" v="304777.4325"/>
    <tag k="local_y" v="2768157.9319"/>
    <tag k="ele" v="8.9518"/>
  </node>
  <node id="10300007409" lat="25.02050051133" lon="121.54276472902">
    <tag k="local_x" v="304777.5605"/>
    <tag k="local_y" v="2768158.0689"/>
    <tag k="ele" v="8.9538"/>
  </node>
  <node id="103000074010" lat="25.02050282249" lon="121.54276817093">
    <tag k="local_x" v="304777.9025"/>
    <tag k="local_y" v="2768158.3329"/>
    <tag k="ele" v="8.9518"/>
  </node>
  <node id="103000074011" lat="25.02050427291" lon="121.54277047323">
    <tag k="local_x" v="304778.1315"/>
    <tag k="local_y" v="2768158.4989"/>
    <tag k="ele" v="8.9408"/>
  </node>
  <node id="103000074012" lat="25.02050553175" lon="121.54277377059">
    <tag k="local_x" v="304778.4615"/>
    <tag k="local_y" v="2768158.6459"/>
    <tag k="ele" v="8.9357"/>
  </node>
  <node id="103000074013" lat="25.02050641497" lon="121.54277691028">
    <tag k="local_x" v="304778.7765"/>
    <tag k="local_y" v="2768158.7509"/>
    <tag k="ele" v="8.9267"/>
  </node>
  <node id="103000074014" lat="25.02050690576" lon="121.5427798325">
    <tag k="local_x" v="304779.0705"/>
    <tag k="local_y" v="2768158.8119"/>
    <tag k="ele" v="8.9177"/>
  </node>
  <node id="103000074015" lat="25.02050696519" lon="121.54278134647">
    <tag k="local_x" v="304779.2233"/>
    <tag k="local_y" v="2768158.8219"/>
    <tag k="ele" v="8.9114"/>
  </node>
  <node id="10300002502" lat="25.02050701873" lon="121.54278270587">
    <tag k="local_x" v="304779.3605"/>
    <tag k="local_y" v="2768158.8309"/>
    <tag k="ele" v="8.9058"/>
  </node>
  <node id="10300002503" lat="25.02050686297" lon="121.54278681989">
    <tag k="local_x" v="304779.7765"/>
    <tag k="local_y" v="2768158.8229"/>
    <tag k="ele" v="8.8998"/>
  </node>
  <node id="10300002504" lat="25.02050630985" lon="121.54278962747">
    <tag k="local_x" v="304780.0615"/>
    <tag k="local_y" v="2768158.7679"/>
    <tag k="ele" v="8.9008"/>
  </node>
  <node id="10300002505" lat="25.02050549437" lon="121.5427919416">
    <tag k="local_x" v="304780.2973"/>
    <tag k="local_y" v="2768158.6827"/>
    <tag k="ele" v="8.8938"/>
  </node>
  <node id="10300002506" lat="25.02050458767" lon="121.5427940397">
    <tag k="local_x" v="304780.5115"/>
    <tag k="local_y" v="2768158.5869"/>
    <tag k="ele" v="8.8918"/>
  </node>
  <node id="10300002507" lat="25.02050419302" lon="121.54279481896">
    <tag k="local_x" v="304780.5912"/>
    <tag k="local_y" v="2768158.5449"/>
    <tag k="ele" v="8.8921"/>
  </node>
  <node id="10300003202" lat="25.02051709344" lon="121.5427857637">
    <tag k="local_x" v="304779.6445"/>
    <tag k="local_y" v="2768159.9548"/>
    <tag k="ele" v="8.9218"/>
  </node>
  <node id="10300003203" lat="25.0205159692" lon="121.54278964614">
    <tag k="local_x" v="304780.0395"/>
    <tag k="local_y" v="2768159.8389"/>
    <tag k="ele" v="8.9198"/>
  </node>
  <node id="10300003204" lat="25.02051438979" lon="121.54279502204">
    <tag k="local_x" v="304780.5865"/>
    <tag k="local_y" v="2768159.6759"/>
    <tag k="ele" v="8.9148"/>
  </node>
  <node id="10300003205" lat="25.02051354068" lon="121.5427980144">
    <tag k="local_x" v="304780.8909"/>
    <tag k="local_y" v="2768159.5885"/>
    <tag k="ele" v="8.9113"/>
  </node>
  <node id="10300002601" lat="25.02052279521" lon="121.54280117688">
    <tag k="local_x" v="304781.1875"/>
    <tag k="local_y" v="2768160.6217"/>
    <tag k="ele" v="8.9207"/>
  </node>
  <node id="10300002602" lat="25.02052562888" lon="121.54279053591">
    <tag k="local_x" v="304780.1055"/>
    <tag k="local_y" v="2768160.9119"/>
    <tag k="ele" v="8.9258"/>
  </node>
  <node id="10300002603" lat="25.02052678646" lon="121.54278732145">
    <tag k="local_x" v="304779.7779"/>
    <tag k="local_y" v="2768161.033"/>
    <tag k="ele" v="8.9263"/>
  </node>
  <node id="10300002401" lat="25.02048476999" lon="121.54285090731">
    <tag k="local_x" v="304786.3055"/>
    <tag k="local_y" v="2768156.5178"/>
    <tag k="ele" v="8.9032"/>
  </node>
  <node id="10300002402" lat="25.0204866883" lon="121.54285202233">
    <tag k="local_x" v="304786.4134"/>
    <tag k="local_y" v="2768156.733"/>
    <tag k="ele" v="8.9018"/>
  </node>
  <node id="10300002403" lat="25.02049020545" lon="121.54285270729">
    <tag k="local_x" v="304786.4739"/>
    <tag k="local_y" v="2768157.1245"/>
    <tag k="ele" v="8.9058"/>
  </node>
  <node id="10300002404" lat="25.02049337029" lon="121.54285204435">
    <tag k="local_x" v="304786.3991"/>
    <tag k="local_y" v="2768157.4739"/>
    <tag k="ele" v="8.8998"/>
  </node>
  <node id="10300002405" lat="25.02049578238" lon="121.54284985442">
    <tag k="local_x" v="304786.1719"/>
    <tag k="local_y" v="2768157.7364"/>
    <tag k="ele" v="8.9038"/>
  </node>
  <node id="10300002406" lat="25.02049752513" lon="121.54284593862">
    <tag k="local_x" v="304785.772"/>
    <tag k="local_y" v="2768157.9208"/>
    <tag k="ele" v="8.9008"/>
  </node>
  <node id="10300002407" lat="25.02049872617" lon="121.54284147304">
    <tag k="local_x" v="304785.3179"/>
    <tag k="local_y" v="2768158.0439"/>
    <tag k="ele" v="8.8967"/>
  </node>
  <node id="10300002408" lat="25.02049996124" lon="121.54283573237">
    <tag k="local_x" v="304784.7349"/>
    <tag k="local_y" v="2768158.1679"/>
    <tag k="ele" v="8.9008"/>
  </node>
  <node id="10300002409" lat="25.02050159681" lon="121.54282941253">
    <tag k="local_x" v="304784.0924"/>
    <tag k="local_y" v="2768158.335"/>
    <tag k="ele" v="8.8938"/>
  </node>
  <node id="103000024010" lat="25.02050394606" lon="121.54282232619">
    <tag k="local_x" v="304783.3707"/>
    <tag k="local_y" v="2768158.5795"/>
    <tag k="ele" v="8.9027"/>
  </node>
  <node id="103000024011" lat="25.02050713979" lon="121.54281416177">
    <tag k="local_x" v="304782.538"/>
    <tag k="local_y" v="2768158.9152"/>
    <tag k="ele" v="8.8998"/>
  </node>
  <node id="103000024012" lat="25.02051038715" lon="121.5428068638">
    <tag k="local_x" v="304781.7927"/>
    <tag k="local_y" v="2768159.2588"/>
    <tag k="ele" v="8.9027"/>
  </node>
  <node id="103000024013" lat="25.0205130994" lon="121.54280033374">
    <tag k="local_x" v="304781.1263"/>
    <tag k="local_y" v="2768159.5448"/>
    <tag k="ele" v="8.9068"/>
  </node>
  <node id="10300000301" lat="25.02011998005" lon="121.54196373112">
    <tag k="local_x" v="304697.5813"/>
    <tag k="local_y" v="2768114.0738"/>
    <tag k="ele" v="8.8895"/>
  </node>
  <node id="10300000302" lat="25.02011991345" lon="121.54196354636">
    <tag k="local_x" v="304697.5628"/>
    <tag k="local_y" v="2768114.066"/>
    <tag k="ele" v="8.8928"/>
  </node>
  <node id="10300000303" lat="25.02012143834" lon="121.54195818893">
    <tag k="local_x" v="304697.0178"/>
    <tag k="local_y" v="2768114.223"/>
    <tag k="ele" v="8.9087"/>
  </node>
  <node id="10300000304" lat="25.02012237638" lon="121.54195108489">
    <tag k="local_x" v="304696.2978"/>
    <tag k="local_y" v="2768114.311"/>
    <tag k="ele" v="8.9198"/>
  </node>
  <node id="10300000305" lat="25.02012282735" lon="121.54194486969">
    <tag k="local_x" v="304695.6688"/>
    <tag k="local_y" v="2768114.347"/>
    <tag k="ele" v="8.9297"/>
  </node>
  <node id="10300000306" lat="25.02012303225" lon="121.54193966803">
    <tag k="local_x" v="304695.1428"/>
    <tag k="local_y" v="2768114.358"/>
    <tag k="ele" v="8.9417"/>
  </node>
  <node id="10300000307" lat="25.02012290798" lon="121.54193468599">
    <tag k="local_x" v="304694.6398"/>
    <tag k="local_y" v="2768114.333"/>
    <tag k="ele" v="8.9417"/>
  </node>
  <node id="10300000308" lat="25.02012222634" lon="121.54193050199">
    <tag k="local_x" v="304694.2188"/>
    <tag k="local_y" v="2768114.248"/>
    <tag k="ele" v="8.9508"/>
  </node>
  <node id="10300000309" lat="25.02012072154" lon="121.54192643643">
    <tag k="local_x" v="304693.8118"/>
    <tag k="local_y" v="2768114.072"/>
    <tag k="ele" v="8.9398"/>
  </node>
  <node id="103000003010" lat="25.02011842392" lon="121.54192148336">
    <tag k="local_x" v="304693.3171"/>
    <tag k="local_y" v="2768113.8061"/>
    <tag k="ele" v="8.9578"/>
  </node>
  <node id="103000003011" lat="25.02011690934" lon="121.54191829854">
    <tag k="local_x" v="304692.9991"/>
    <tag k="local_y" v="2768113.631"/>
    <tag k="ele" v="8.9584"/>
  </node>
  <node id="10300006301" lat="25.02004473038" lon="121.54218467763">
    <tag k="local_x" v="304720.0883"/>
    <tag k="local_y" v="2768106.2284"/>
    <tag k="ele" v="8.9325"/>
  </node>
  <node id="10300006302" lat="25.02004854491" lon="121.54218169153">
    <tag k="local_x" v="304719.7772"/>
    <tag k="local_y" v="2768106.6446"/>
    <tag k="ele" v="8.9244"/>
  </node>
  <node id="10300006303" lat="25.02005222766" lon="121.54217800039">
    <tag k="local_x" v="304719.3952"/>
    <tag k="local_y" v="2768107.0446"/>
    <tag k="ele" v="8.9294"/>
  </node>
  <node id="10300006304" lat="25.02005540465" lon="121.54217301005">
    <tag k="local_x" v="304718.8832"/>
    <tag k="local_y" v="2768107.3856"/>
    <tag k="ele" v="8.9174"/>
  </node>
  <node id="10300006305" lat="25.02005873111" lon="121.5421663901">
    <tag k="local_x" v="304718.2062"/>
    <tag k="local_y" v="2768107.7395"/>
    <tag k="ele" v="8.9204"/>
  </node>
  <node id="10300006306" lat="25.02006231242" lon="121.54215792535">
    <tag k="local_x" v="304717.3422"/>
    <tag k="local_y" v="2768108.1175"/>
    <tag k="ele" v="8.9284"/>
  </node>
  <node id="10300006307" lat="25.02006520086" lon="121.54214986928">
    <tag k="local_x" v="304716.5212"/>
    <tag k="local_y" v="2768108.4196"/>
    <tag k="ele" v="8.9344"/>
  </node>
  <node id="10300006308" lat="25.02006891546" lon="121.54213750774">
    <tag k="local_x" v="304715.2632"/>
    <tag k="local_y" v="2768108.8036"/>
    <tag k="ele" v="8.9344"/>
  </node>
  <node id="10300006309" lat="25.02007082194" lon="121.54212841798">
    <tag k="local_x" v="304714.3402"/>
    <tag k="local_y" v="2768108.9945"/>
    <tag k="ele" v="8.9364"/>
  </node>
  <node id="103000063010" lat="25.02007203915" lon="121.54212138016">
    <tag k="local_x" v="304713.6262"/>
    <tag k="local_y" v="2768109.1136"/>
    <tag k="ele" v="8.9364"/>
  </node>
  <node id="103000063011" lat="25.02007245527" lon="121.54211372882">
    <tag k="local_x" v="304712.8522"/>
    <tag k="local_y" v="2768109.1425"/>
    <tag k="ele" v="8.9354"/>
  </node>
  <node id="103000063012" lat="25.02007218614" lon="121.54210482338">
    <tag k="local_x" v="304711.9532"/>
    <tag k="local_y" v="2768109.0926"/>
    <tag k="ele" v="8.9264"/>
  </node>
  <node id="103000063013" lat="25.02007168372" lon="121.5420975455">
    <tag k="local_x" v="304711.2192"/>
    <tag k="local_y" v="2768109.0205"/>
    <tag k="ele" v="8.9324"/>
  </node>
  <node id="103000063014" lat="25.02007026646" lon="121.54208783988">
    <tag k="local_x" v="304710.2422"/>
    <tag k="local_y" v="2768108.8415"/>
    <tag k="ele" v="8.9234"/>
  </node>
  <node id="103000063015" lat="25.02006738537" lon="121.54207586926">
    <tag k="local_x" v="304709.04"/>
    <tag k="local_y" v="2768108.4951"/>
    <tag k="ele" v="8.9199"/>
  </node>
  <node id="103000063016" lat="25.02006410074" lon="121.54206431639">
    <tag k="local_x" v="304707.881"/>
    <tag k="local_y" v="2768108.1049"/>
    <tag k="ele" v="8.9219"/>
  </node>
  <node id="103000063018" lat="25.02006005347" lon="121.54205207867">
    <tag k="local_x" v="304706.6547"/>
    <tag k="local_y" v="2768107.6286"/>
    <tag k="ele" v="8.9319"/>
  </node>
  <node id="103000063019" lat="25.02005850275" lon="121.54204743193">
    <tag k="local_x" v="304706.1891"/>
    <tag k="local_y" v="2768107.4462"/>
    <tag k="ele" v="8.9489"/>
  </node>
  <node id="103000063020" lat="25.02005758645" lon="121.54204258988">
    <tag k="local_x" v="304705.7022"/>
    <tag k="local_y" v="2768107.3337"/>
    <tag k="ele" v="8.9489"/>
  </node>
  <node id="103000063021" lat="25.0200569652" lon="121.54203805299">
    <tag k="local_x" v="304705.2454"/>
    <tag k="local_y" v="2768107.2546"/>
    <tag k="ele" v="8.9489"/>
  </node>
  <node id="103000063022" lat="25.02005621999" lon="121.5420325143">
    <tag k="local_x" v="304704.6877"/>
    <tag k="local_y" v="2768107.1595"/>
    <tag k="ele" v="8.9489"/>
  </node>
  <node id="103000063023" lat="25.02005599005" lon="121.54202780584">
    <tag k="local_x" v="304704.2126"/>
    <tag k="local_y" v="2768107.1234"/>
    <tag k="ele" v="8.9489"/>
  </node>
  <node id="103000063024" lat="25.02005625387" lon="121.54202401024">
    <tag k="local_x" v="304703.8285"/>
    <tag k="local_y" v="2768107.1441"/>
    <tag k="ele" v="8.9489"/>
  </node>
  <node id="103000063025" lat="25.02005704133" lon="121.54202054421">
    <tag k="local_x" v="304703.4764"/>
    <tag k="local_y" v="2768107.2236"/>
    <tag k="ele" v="8.9489"/>
  </node>
  <node id="103000063026" lat="25.02005833588" lon="121.542017246">
    <tag k="local_x" v="304703.14"/>
    <tag k="local_y" v="2768107.3597"/>
    <tag k="ele" v="8.9489"/>
  </node>
  <node id="103000063027" lat="25.02006016667" lon="121.54201458947">
    <tag k="local_x" v="304702.8671"/>
    <tag k="local_y" v="2768107.5567"/>
    <tag k="ele" v="8.888"/>
  </node>
  <node id="103000063028" lat="25.0200620381" lon="121.54201259615">
    <tag k="local_x" v="304702.6611"/>
    <tag k="local_y" v="2768107.7597"/>
    <tag k="ele" v="8.884"/>
  </node>
  <node id="103000063029" lat="25.02006335855" lon="121.54201152972">
    <tag k="local_x" v="304702.5501"/>
    <tag k="local_y" v="2768107.9037"/>
    <tag k="ele" v="8.884"/>
  </node>
  <node id="103000063030" lat="25.02006488414" lon="121.54201057719">
    <tag k="local_x" v="304702.4501"/>
    <tag k="local_y" v="2768108.0707"/>
    <tag k="ele" v="8.884"/>
  </node>
  <node id="103000063031" lat="25.02006688566" lon="121.54200946111">
    <tag k="local_x" v="304702.3324"/>
    <tag k="local_y" v="2768108.2901"/>
    <tag k="ele" v="8.883"/>
  </node>
  <node id="103000063032" lat="25.02006947903" lon="121.54200802592">
    <tag k="local_x" v="304702.181"/>
    <tag k="local_y" v="2768108.5744"/>
    <tag k="ele" v="8.8959"/>
  </node>
  <node id="103000063033" lat="25.02007196704" lon="121.54200622686">
    <tag k="local_x" v="304701.9931"/>
    <tag k="local_y" v="2768108.8462"/>
    <tag k="ele" v="8.8959"/>
  </node>
  <node id="103000063034" lat="25.02007678376" lon="121.54200327814">
    <tag k="local_x" v="304701.6833"/>
    <tag k="local_y" v="2768109.3736"/>
    <tag k="ele" v="8.9149"/>
  </node>
  <node id="103000063035" lat="25.02008511504" lon="121.54199923354">
    <tag k="local_x" v="304701.2541"/>
    <tag k="local_y" v="2768110.2882"/>
    <tag k="ele" v="8.9129"/>
  </node>
  <node id="103000063036" lat="25.02009408015" lon="121.54199293668">
    <tag k="local_x" v="304700.5958"/>
    <tag k="local_y" v="2768111.268"/>
    <tag k="ele" v="8.8938"/>
  </node>
  <node id="103000063037" lat="25.02010218315" lon="121.54198698793">
    <tag k="local_x" v="304699.9748"/>
    <tag k="local_y" v="2768112.153"/>
    <tag k="ele" v="8.8878"/>
  </node>
  <node id="103000063038" lat="25.02011052466" lon="121.54197924348">
    <tag k="local_x" v="304699.1718"/>
    <tag k="local_y" v="2768113.0604"/>
    <tag k="ele" v="8.8907"/>
  </node>
  <node id="103000063039" lat="25.02011446212" lon="121.54197411336">
    <tag k="local_x" v="304698.6438"/>
    <tag k="local_y" v="2768113.4854"/>
    <tag k="ele" v="8.8828"/>
  </node>
  <node id="103000063040" lat="25.02011817731" lon="121.54196749302">
    <tag k="local_x" v="304697.9658"/>
    <tag k="local_y" v="2768113.8824"/>
    <tag k="ele" v="8.8727"/>
  </node>
  <node id="10300000202" lat="25.02012004214" lon="121.54196360494">
    <tag k="local_x" v="304697.5684"/>
    <tag k="local_y" v="2768114.0804"/>
    <tag k="ele" v="8.8928"/>
  </node>
  <node id="10300000203" lat="25.02012203815" lon="121.54195965277">
    <tag k="local_x" v="304697.1642"/>
    <tag k="local_y" v="2768114.2928"/>
    <tag k="ele" v="8.9158"/>
  </node>
  <node id="10300000204" lat="25.02012481407" lon="121.54195633537">
    <tag k="local_x" v="304696.8222"/>
    <tag k="local_y" v="2768114.5931"/>
    <tag k="ele" v="8.9308"/>
  </node>
  <node id="10300000205" lat="25.02012757594" lon="121.54195384219">
    <tag k="local_x" v="304696.5635"/>
    <tag k="local_y" v="2768114.8937"/>
    <tag k="ele" v="8.9438"/>
  </node>
  <node id="10300000206" lat="25.02013059711" lon="121.54195159391">
    <tag k="local_x" v="304696.3289"/>
    <tag k="local_y" v="2768115.2236"/>
    <tag k="ele" v="8.9558"/>
  </node>
  <node id="10300000207" lat="25.02013356861" lon="121.54195019173">
    <tag k="local_x" v="304696.1799"/>
    <tag k="local_y" v="2768115.5499"/>
    <tag k="ele" v="8.9698"/>
  </node>
  <node id="10300000208" lat="25.02013672282" lon="121.54194938596">
    <tag k="local_x" v="304696.0907"/>
    <tag k="local_y" v="2768115.8978"/>
    <tag k="ele" v="8.9688"/>
  </node>
  <node id="10300000209" lat="25.02014025649" lon="121.54194921408">
    <tag k="local_x" v="304696.0646"/>
    <tag k="local_y" v="2768116.2892"/>
    <tag k="ele" v="8.9718"/>
  </node>
  <node id="103000002010" lat="25.02014379669" lon="121.54194934229">
    <tag k="local_x" v="304696.0688"/>
    <tag k="local_y" v="2768116.682"/>
    <tag k="ele" v="8.9708"/>
  </node>
  <node id="103000002011" lat="25.02014688605" lon="121.54194990787">
    <tag k="local_x" v="304696.1183"/>
    <tag k="local_y" v="2768117.0258"/>
    <tag k="ele" v="8.9678"/>
  </node>
  <node id="103000002012" lat="25.02015001207" lon="121.54195062283">
    <tag k="local_x" v="304696.1828"/>
    <tag k="local_y" v="2768117.374"/>
    <tag k="ele" v="8.9648"/>
  </node>
  <node id="103000002013" lat="25.02015438181" lon="121.54195173942">
    <tag k="local_x" v="304696.2848"/>
    <tag k="local_y" v="2768117.861"/>
    <tag k="ele" v="8.9728"/>
  </node>
  <node id="103000002014" lat="25.02015646058" lon="121.54195214863">
    <tag k="local_x" v="304696.321"/>
    <tag k="local_y" v="2768118.0924"/>
    <tag k="ele" v="8.9687"/>
  </node>
  <node id="10300005901" lat="25.0199728074" lon="121.54216021401">
    <tag k="local_x" v="304717.7947"/>
    <tag k="local_y" v="2768098.199"/>
    <tag k="ele" v="9.1314"/>
  </node>
  <node id="10300005902" lat="25.01997311192" lon="121.54216000864">
    <tag k="local_x" v="304717.7732"/>
    <tag k="local_y" v="2768098.2323"/>
    <tag k="ele" v="9.1311"/>
  </node>
  <node id="10300005903" lat="25.01998057674" lon="121.54216642547">
    <tag k="local_x" v="304718.403"/>
    <tag k="local_y" v="2768099.0744"/>
    <tag k="ele" v="9.1311"/>
  </node>
  <node id="10300005904" lat="25.01998863276" lon="121.54217446331">
    <tag k="local_x" v="304719.1951"/>
    <tag k="local_y" v="2768099.9857"/>
    <tag k="ele" v="9.0741"/>
  </node>
  <node id="10300005905" lat="25.01999581779" lon="121.54218257684">
    <tag k="local_x" v="304719.997"/>
    <tag k="local_y" v="2768100.8006"/>
    <tag k="ele" v="9.0761"/>
  </node>
  <node id="10300005906" lat="25.02000131082" lon="121.54218997784">
    <tag k="local_x" v="304720.7311"/>
    <tag k="local_y" v="2768101.4263"/>
    <tag k="ele" v="9.0671"/>
  </node>
  <node id="10300005907" lat="25.02000595729" lon="121.54219776099">
    <tag k="local_x" v="304721.5059"/>
    <tag k="local_y" v="2768101.959"/>
    <tag k="ele" v="9.0651"/>
  </node>
  <node id="10300005908" lat="25.02000985689" lon="121.54220492601">
    <tag k="local_x" v="304722.2201"/>
    <tag k="local_y" v="2768102.4075"/>
    <tag k="ele" v="9.0571"/>
  </node>
  <node id="10300005909" lat="25.02001327326" lon="121.54221168128">
    <tag k="local_x" v="304722.8941"/>
    <tag k="local_y" v="2768102.8015"/>
    <tag k="ele" v="9.0551"/>
  </node>
  <node id="103000059010" lat="25.02001596803" lon="121.54221843869">
    <tag k="local_x" v="304723.5701"/>
    <tag k="local_y" v="2768103.1155"/>
    <tag k="ele" v="9.0511"/>
  </node>
  <node id="103000059011" lat="25.02001914307" lon="121.54222677282">
    <tag k="local_x" v="304724.4042"/>
    <tag k="local_y" v="2768103.4863"/>
    <tag k="ele" v="9.0311"/>
  </node>
  <node id="103000059012" lat="25.02002196064" lon="121.54223645332">
    <tag k="local_x" v="304725.3752"/>
    <tag k="local_y" v="2768103.8205"/>
    <tag k="ele" v="9.0101"/>
  </node>
  <node id="103000059013" lat="25.02002346429" lon="121.5422441269">
    <tag k="local_x" v="304726.1467"/>
    <tag k="local_y" v="2768104.0045"/>
    <tag k="ele" v="8.9958"/>
  </node>
  <node id="103000059014" lat="25.0200249717" lon="121.54225196983">
    <tag k="local_x" v="304726.9353"/>
    <tag k="local_y" v="2768104.1893"/>
    <tag k="ele" v="8.9668"/>
  </node>
  <node id="103000059015" lat="25.02002632067" lon="121.54225957627">
    <tag k="local_x" v="304727.7004"/>
    <tag k="local_y" v="2768104.356"/>
    <tag k="ele" v="8.9578"/>
  </node>
  <node id="103000059016" lat="25.02002725443" lon="121.54226528983">
    <tag k="local_x" v="304728.2753"/>
    <tag k="local_y" v="2768104.4724"/>
    <tag k="ele" v="8.9528"/>
  </node>
  <node id="103000059017" lat="25.02002813911" lon="121.54227066663">
    <tag k="local_x" v="304728.8163"/>
    <tag k="local_y" v="2768104.5826"/>
    <tag k="ele" v="8.9428"/>
  </node>
  <node id="103000059018" lat="25.0200286439" lon="121.54227476513">
    <tag k="local_x" v="304729.2291"/>
    <tag k="local_y" v="2768104.6478"/>
    <tag k="ele" v="8.9477"/>
  </node>
  <node id="103000059019" lat="25.02002910059" lon="121.54227794584">
    <tag k="local_x" v="304729.5493"/>
    <tag k="local_y" v="2768104.7056"/>
    <tag k="ele" v="8.9458"/>
  </node>
  <node id="10300004901" lat="25.02045547955" lon="121.54272092201">
    <tag k="local_x" v="304773.2463"/>
    <tag k="local_y" v="2768152.9774"/>
    <tag k="ele" v="9.0556"/>
  </node>
  <node id="10300004902" lat="25.02045414217" lon="121.54272033594">
    <tag k="local_x" v="304773.1904"/>
    <tag k="local_y" v="2768152.8278"/>
    <tag k="ele" v="9.0561"/>
  </node>
  <node id="10300004903" lat="25.02045118539" lon="121.54271945979">
    <tag k="local_x" v="304773.1092"/>
    <tag k="local_y" v="2768152.498"/>
    <tag k="ele" v="9.0351"/>
  </node>
  <node id="10300004904" lat="25.02044859918" lon="121.54271858975">
    <tag k="local_x" v="304773.0277"/>
    <tag k="local_y" v="2768152.2093"/>
    <tag k="ele" v="9.0361"/>
  </node>
  <node id="10300004905" lat="25.0204464386" lon="121.54271736882">
    <tag k="local_x" v="304772.9097"/>
    <tag k="local_y" v="2768151.967"/>
    <tag k="ele" v="9.0391"/>
  </node>
  <node id="10300004906" lat="25.02044443402" lon="121.54271561719">
    <tag k="local_x" v="304772.7377"/>
    <tag k="local_y" v="2768151.7408"/>
    <tag k="ele" v="9.0391"/>
  </node>
  <node id="10300004907" lat="25.0204419695" lon="121.54271301984">
    <tag k="local_x" v="304772.4814"/>
    <tag k="local_y" v="2768151.4617"/>
    <tag k="ele" v="9.0391"/>
  </node>
  <node id="10300004908" lat="25.02043983455" lon="121.54271040483">
    <tag k="local_x" v="304772.2225"/>
    <tag k="local_y" v="2768151.2191"/>
    <tag k="ele" v="9.0391"/>
  </node>
  <node id="10300004909" lat="25.0204373302" lon="121.54270706015">
    <tag k="local_x" v="304771.8908"/>
    <tag k="local_y" v="2768150.9339"/>
    <tag k="ele" v="9.0391"/>
  </node>
  <node id="103000049010" lat="25.02043483074" lon="121.54270351959">
    <tag k="local_x" v="304771.5393"/>
    <tag k="local_y" v="2768150.6488"/>
    <tag k="ele" v="9.0391"/>
  </node>
  <node id="103000049011" lat="25.02043228432" lon="121.54269989276">
    <tag k="local_x" v="304771.1792"/>
    <tag k="local_y" v="2768150.3583"/>
    <tag k="ele" v="9.0411"/>
  </node>
  <node id="103000049012" lat="25.02042829112" lon="121.54269453884">
    <tag k="local_x" v="304770.6482"/>
    <tag k="local_y" v="2768149.9035"/>
    <tag k="ele" v="9.0351"/>
  </node>
  <node id="103000049013" lat="25.02042373047" lon="121.54268883646">
    <tag k="local_x" v="304770.0834"/>
    <tag k="local_y" v="2768149.385"/>
    <tag k="ele" v="9.0331"/>
  </node>
  <node id="103000049014" lat="25.02042143805" lon="121.54268602556">
    <tag k="local_x" v="304769.8051"/>
    <tag k="local_y" v="2768149.1245"/>
    <tag k="ele" v="9.0291"/>
  </node>
  <node id="103000049015" lat="25.02042004326" lon="121.54268453631">
    <tag k="local_x" v="304769.6581"/>
    <tag k="local_y" v="2768148.9665"/>
    <tag k="ele" v="9.0281"/>
  </node>
  <node id="10300001401" lat="25.0204525888" lon="121.54273326216">
    <tag k="local_x" v="304774.5001"/>
    <tag k="local_y" v="2768152.6847"/>
    <tag k="ele" v="9.0186"/>
  </node>
  <node id="10300001402" lat="25.02045186505" lon="121.54273297124">
    <tag k="local_x" v="304774.4725"/>
    <tag k="local_y" v="2768152.6038"/>
    <tag k="ele" v="9.0211"/>
  </node>
  <node id="10300001403" lat="25.02044998359" lon="121.54273235107">
    <tag k="local_x" v="304774.4145"/>
    <tag k="local_y" v="2768152.3938"/>
    <tag k="ele" v="9.0161"/>
  </node>
  <node id="10300001404" lat="25.02044739679" lon="121.54273137707">
    <tag k="local_x" v="304774.3225"/>
    <tag k="local_y" v="2768152.1048"/>
    <tag k="ele" v="9.0251"/>
  </node>
  <node id="10300001405" lat="25.02044286431" lon="121.54272961404">
    <tag k="local_x" v="304774.1556"/>
    <tag k="local_y" v="2768151.5983"/>
    <tag k="ele" v="9.0141"/>
  </node>
  <node id="10300001406" lat="25.02043741974" lon="121.54272715261">
    <tag k="local_x" v="304773.9204"/>
    <tag k="local_y" v="2768150.9891"/>
    <tag k="ele" v="9.0161"/>
  </node>
  <node id="10300001407" lat="25.02042907492" lon="121.54272263155">
    <tag k="local_x" v="304773.4843"/>
    <tag k="local_y" v="2768150.0537"/>
    <tag k="ele" v="9.0311"/>
  </node>
  <node id="10300001408" lat="25.0204225135" lon="121.5427174751">
    <tag k="local_x" v="304772.9796"/>
    <tag k="local_y" v="2768149.3146"/>
    <tag k="ele" v="9.0311"/>
  </node>
  <node id="10300001409" lat="25.02041722976" lon="121.54271171542">
    <tag k="local_x" v="304772.4108"/>
    <tag k="local_y" v="2768148.7158"/>
    <tag k="ele" v="9.0481"/>
  </node>
  <node id="103000014010" lat="25.02041221203" lon="121.54270555938">
    <tag k="local_x" v="304771.8013"/>
    <tag k="local_y" v="2768148.1456"/>
    <tag k="ele" v="9.0481"/>
  </node>
  <node id="103000014011" lat="25.02040921904" lon="121.54270295899">
    <tag k="local_x" v="304771.546"/>
    <tag k="local_y" v="2768147.8079"/>
    <tag k="ele" v="9.0414"/>
  </node>
  <node id="103000014012" lat="25.02040810621" lon="121.54270228537">
    <tag k="local_x" v="304771.4807"/>
    <tag k="local_y" v="2768147.683"/>
    <tag k="ele" v="9.0271"/>
  </node>
  <node id="103000014013" lat="25.0204079151" lon="121.54270219161">
    <tag k="local_x" v="304771.4717"/>
    <tag k="local_y" v="2768147.6616"/>
    <tag k="ele" v="9.0272"/>
  </node>
  <node id="10300007101" lat="25.02048053205" lon="121.54272840589">
    <tag k="local_x" v="304773.9404"/>
    <tag k="local_y" v="2768155.7719"/>
    <tag k="ele" v="9.0316"/>
  </node>
  <node id="10300007102" lat="25.02047360358" lon="121.54272693166">
    <tag k="local_x" v="304773.8086"/>
    <tag k="local_y" v="2768155.0004"/>
    <tag k="ele" v="9.0451"/>
  </node>
  <node id="10300007103" lat="25.02046577245" lon="121.54272469392">
    <tag k="local_x" v="304773.6019"/>
    <tag k="local_y" v="2768154.1271"/>
    <tag k="ele" v="9.0501"/>
  </node>
  <node id="10300007104" lat="25.02045883643" lon="121.54272239296">
    <tag k="local_x" v="304773.3866"/>
    <tag k="local_y" v="2768153.3529"/>
    <tag k="ele" v="9.0541"/>
  </node>
  <node id="10300004102" lat="25.02045326192" lon="121.54273347067">
    <tag k="local_x" v="304774.5195"/>
    <tag k="local_y" v="2768152.7598"/>
    <tag k="ele" v="9.0181"/>
  </node>
  <node id="10300004103" lat="25.0204593608" lon="121.54273520176">
    <tag k="local_x" v="304774.6793"/>
    <tag k="local_y" v="2768153.4399"/>
    <tag k="ele" v="9.0191"/>
  </node>
  <node id="10300004104" lat="25.02046412076" lon="121.5427366447">
    <tag k="local_x" v="304774.8133"/>
    <tag k="local_y" v="2768153.9709"/>
    <tag k="ele" v="9.0191"/>
  </node>
  <node id="10300004105" lat="25.02046849866" lon="121.5427378031">
    <tag k="local_x" v="304774.9195"/>
    <tag k="local_y" v="2768154.4589"/>
    <tag k="ele" v="9.0261"/>
  </node>
  <node id="10300004106" lat="25.02047462867" lon="121.54273928946">
    <tag k="local_x" v="304775.0545"/>
    <tag k="local_y" v="2768155.1419"/>
    <tag k="ele" v="9.0201"/>
  </node>
  <node id="10300007202" lat="25.0205178083" lon="121.54278347482">
    <tag k="local_x" v="304779.4115"/>
    <tag k="local_y" v="2768160.0289"/>
    <tag k="ele" v="8.9207"/>
  </node>
  <node id="10300007203" lat="25.02051899052" lon="121.54277989075">
    <tag k="local_x" v="304779.0465"/>
    <tag k="local_y" v="2768160.1519"/>
    <tag k="ele" v="8.9318"/>
  </node>
  <node id="10300007204" lat="25.02052087626" lon="121.54277408681">
    <tag k="local_x" v="304778.4555"/>
    <tag k="local_y" v="2768160.3479"/>
    <tag k="ele" v="8.9447"/>
  </node>
  <node id="10300007205" lat="25.02052353661" lon="121.54276713677">
    <tag k="local_x" v="304777.7468"/>
    <tag k="local_y" v="2768160.6272"/>
    <tag k="ele" v="8.9528"/>
  </node>
  <node id="10300007206" lat="25.02052593925" lon="121.54276168401">
    <tag k="local_x" v="304777.19"/>
    <tag k="local_y" v="2768160.8813"/>
    <tag k="ele" v="8.9528"/>
  </node>
  <node id="10300007207" lat="25.02052838328" lon="121.54275685688">
    <tag k="local_x" v="304776.6963"/>
    <tag k="local_y" v="2768161.1414"/>
    <tag k="ele" v="8.9548"/>
  </node>
  <node id="10300007208" lat="25.02053082475" lon="121.54275242266">
    <tag k="local_x" v="304776.2423"/>
    <tag k="local_y" v="2768161.4021"/>
    <tag k="ele" v="8.9528"/>
  </node>
  <node id="10300007209" lat="25.0205332764" lon="121.54274864101">
    <tag k="local_x" v="304775.8542"/>
    <tag k="local_y" v="2768161.6654"/>
    <tag k="ele" v="8.9594"/>
  </node>
  <node id="103000072010" lat="25.0205358433" lon="121.54274509084">
    <tag k="local_x" v="304775.4892"/>
    <tag k="local_y" v="2768161.942"/>
    <tag k="ele" v="8.9604"/>
  </node>
  <node id="103000072011" lat="25.02053841799" lon="121.54274235551">
    <tag k="local_x" v="304775.2065"/>
    <tag k="local_y" v="2768162.2213"/>
    <tag k="ele" v="8.9544"/>
  </node>
  <node id="103000072012" lat="25.02054157003" lon="121.54274010352">
    <tag k="local_x" v="304774.9712"/>
    <tag k="local_y" v="2768162.5657"/>
    <tag k="ele" v="8.9604"/>
  </node>
  <node id="103000072013" lat="25.02054496303" lon="121.5427384652">
    <tag k="local_x" v="304774.7973"/>
    <tag k="local_y" v="2768162.9382"/>
    <tag k="ele" v="8.9499"/>
  </node>
  <node id="103000072014" lat="25.02054646356" lon="121.54273785852">
    <tag k="local_x" v="304774.7323"/>
    <tag k="local_y" v="2768163.1032"/>
    <tag k="ele" v="8.9559"/>
  </node>
  <node id="103000072015" lat="25.02054747232" lon="121.54273730612">
    <tag k="local_x" v="304774.674"/>
    <tag k="local_y" v="2768163.2138"/>
    <tag k="ele" v="8.9508"/>
  </node>
  <node id="10300002102" lat="25.02054590494" lon="121.54273774091">
    <tag k="local_x" v="304774.7218"/>
    <tag k="local_y" v="2768163.041"/>
    <tag k="ele" v="8.9499"/>
  </node>
  <node id="10300002103" lat="25.0205384031" lon="121.54274007054">
    <tag k="local_x" v="304774.9757"/>
    <tag k="local_y" v="2768162.2145"/>
    <tag k="ele" v="8.9624"/>
  </node>
  <node id="10300002104" lat="25.02053093624" lon="121.54274201003">
    <tag k="local_x" v="304775.1901"/>
    <tag k="local_y" v="2768161.391"/>
    <tag k="ele" v="8.9698"/>
  </node>
  <node id="10300002105" lat="25.02052193261" lon="121.54274394359">
    <tag k="local_x" v="304775.4077"/>
    <tag k="local_y" v="2768160.3971"/>
    <tag k="ele" v="8.9778"/>
  </node>
  <node id="10300002106" lat="25.02051552528" lon="121.54274487461">
    <tag k="local_x" v="304775.5176"/>
    <tag k="local_y" v="2768159.6888"/>
    <tag k="ele" v="8.9768"/>
  </node>
  <node id="10300002107" lat="25.02050962564" lon="121.54274536667">
    <tag k="local_x" v="304775.5819"/>
    <tag k="local_y" v="2768159.0358"/>
    <tag k="ele" v="8.9868"/>
  </node>
  <node id="10300002108" lat="25.02050427165" lon="121.54274541577">
    <tag k="local_x" v="304775.6001"/>
    <tag k="local_y" v="2768158.4423"/>
    <tag k="ele" v="8.9918"/>
  </node>
  <node id="10300002109" lat="25.02049894631" lon="121.54274494292">
    <tag k="local_x" v="304775.5655"/>
    <tag k="local_y" v="2768157.8508"/>
    <tag k="ele" v="8.9918"/>
  </node>
  <node id="103000021010" lat="25.02049464605" lon="121.54274413585">
    <tag k="local_x" v="304775.4946"/>
    <tag k="local_y" v="2768157.3722"/>
    <tag k="ele" v="8.9868"/>
  </node>
  <node id="103000021011" lat="25.02049029359" lon="121.54274323445">
    <tag k="local_x" v="304775.4143"/>
    <tag k="local_y" v="2768156.8876"/>
    <tag k="ele" v="8.9988"/>
  </node>
  <node id="103000021012" lat="25.02048582825" lon="121.54274194027">
    <tag k="local_x" v="304775.2946"/>
    <tag k="local_y" v="2768156.3896"/>
    <tag k="ele" v="9.0068"/>
  </node>
  <node id="103000021013" lat="25.02048309261" lon="121.54274123386">
    <tag k="local_x" v="304775.23"/>
    <tag k="local_y" v="2768156.0847"/>
    <tag k="ele" v="9.0121"/>
  </node>
  <node id="103000021014" lat="25.02048025747" lon="121.54274058539">
    <tag k="local_x" v="304775.1715"/>
    <tag k="local_y" v="2768155.7689"/>
    <tag k="ele" v="9.0161"/>
  </node>
  <node id="10300002702" lat="25.02053006413" lon="121.54277822168">
    <tag k="local_x" v="304778.8505"/>
    <tag k="local_y" v="2768161.3759"/>
    <tag k="ele" v="8.9278"/>
  </node>
  <node id="10300002703" lat="25.0205349443" lon="121.54276780206">
    <tag k="local_x" v="304777.7858"/>
    <tag k="local_y" v="2768161.8935"/>
    <tag k="ele" v="8.9424"/>
  </node>
  <node id="10300002704" lat="25.02054044338" lon="121.54276092447">
    <tag k="local_x" v="304777.0774"/>
    <tag k="local_y" v="2768162.4877"/>
    <tag k="ele" v="8.9474"/>
  </node>
  <node id="10300002705" lat="25.02054650063" lon="121.54275600562">
    <tag k="local_x" v="304776.5655"/>
    <tag k="local_y" v="2768163.1482"/>
    <tag k="ele" v="8.9604"/>
  </node>
  <node id="10300002706" lat="25.02055126447" lon="121.54275370696">
    <tag k="local_x" v="304776.3215"/>
    <tag k="local_y" v="2768163.6712"/>
    <tag k="ele" v="8.9694"/>
  </node>
  <node id="10300002002" lat="25.02050335666" lon="121.54279647433">
    <tag k="local_x" v="304780.7605"/>
    <tag k="local_y" v="2768158.4559"/>
    <tag k="ele" v="8.8928"/>
  </node>
  <node id="10300002003" lat="25.02050164036" lon="121.54279970975">
    <tag k="local_x" v="304781.0916"/>
    <tag k="local_y" v="2768158.2729"/>
    <tag k="ele" v="8.9038"/>
  </node>
  <node id="10300002004" lat="25.0204995344" lon="121.54280250307">
    <tag k="local_x" v="304781.379"/>
    <tag k="local_y" v="2768158.0457"/>
    <tag k="ele" v="8.9038"/>
  </node>
  <node id="10300002005" lat="25.02049698188" lon="121.54280525675">
    <tag k="local_x" v="304781.6635"/>
    <tag k="local_y" v="2768157.7689"/>
    <tag k="ele" v="8.9078"/>
  </node>
  <node id="10300002006" lat="25.02049453348" lon="121.54280723594">
    <tag k="local_x" v="304781.8695"/>
    <tag k="local_y" v="2768157.5019"/>
    <tag k="ele" v="8.9068"/>
  </node>
  <node id="10300002007" lat="25.02049139634" lon="121.54280937644">
    <tag k="local_x" v="304782.0935"/>
    <tag k="local_y" v="2768157.1589"/>
    <tag k="ele" v="8.9048"/>
  </node>
  <node id="10300002008" lat="25.02048736197" lon="121.54281084167">
    <tag k="local_x" v="304782.2515"/>
    <tag k="local_y" v="2768156.7149"/>
    <tag k="ele" v="8.9177"/>
  </node>
  <node id="10300002009" lat="25.02048221501" lon="121.54281171049">
    <tag k="local_x" v="304782.352"/>
    <tag k="local_y" v="2768156.1462"/>
    <tag k="ele" v="8.9267"/>
  </node>
  <node id="103000020010" lat="25.02047633463" lon="121.5428120981">
    <tag k="local_x" v="304782.4057"/>
    <tag k="local_y" v="2768155.4951"/>
    <tag k="ele" v="8.9357"/>
  </node>
  <node id="103000020011" lat="25.02047209055" lon="121.54281358591">
    <tag k="local_x" v="304782.5665"/>
    <tag k="local_y" v="2768155.0279"/>
    <tag k="ele" v="8.9398"/>
  </node>
  <node id="103000020012" lat="25.02046882336" lon="121.5428153352">
    <tag k="local_x" v="304782.7513"/>
    <tag k="local_y" v="2768154.6696"/>
    <tag k="ele" v="8.9357"/>
  </node>
  <node id="103000020013" lat="25.02046606868" lon="121.54281787309">
    <tag k="local_x" v="304783.0145"/>
    <tag k="local_y" v="2768154.3699"/>
    <tag k="ele" v="8.9348"/>
  </node>
  <node id="103000020014" lat="25.02046388338" lon="121.54282066447">
    <tag k="local_x" v="304783.3019"/>
    <tag k="local_y" v="2768154.1339"/>
    <tag k="ele" v="8.9338"/>
  </node>
  <node id="103000020015" lat="25.02046180101" lon="121.54282433835">
    <tag k="local_x" v="304783.6782"/>
    <tag k="local_y" v="2768153.9113"/>
    <tag k="ele" v="8.9357"/>
  </node>
  <node id="103000020016" lat="25.02046049044" lon="121.54282784701">
    <tag k="local_x" v="304784.0359"/>
    <tag k="local_y" v="2768153.7739"/>
    <tag k="ele" v="8.9348"/>
  </node>
  <node id="103000020017" lat="25.02045972512" lon="121.5428313324">
    <tag k="local_x" v="304784.3899"/>
    <tag k="local_y" v="2768153.6969"/>
    <tag k="ele" v="8.9267"/>
  </node>
  <node id="103000020018" lat="25.02045922776" lon="121.542835834">
    <tag k="local_x" v="304784.8459"/>
    <tag k="local_y" v="2768153.6519"/>
    <tag k="ele" v="8.9218"/>
  </node>
  <node id="103000020019" lat="25.02045914264" lon="121.54284090992">
    <tag k="local_x" v="304785.3589"/>
    <tag k="local_y" v="2768153.6539"/>
    <tag k="ele" v="8.9168"/>
  </node>
  <node id="103000020020" lat="25.02045977042" lon="121.54284623393">
    <tag k="local_x" v="304785.8952"/>
    <tag k="local_y" v="2768153.7355"/>
    <tag k="ele" v="8.9198"/>
  </node>
  <node id="103000020021" lat="25.02046167313" lon="121.5428517109">
    <tag k="local_x" v="304786.4438"/>
    <tag k="local_y" v="2768153.9588"/>
    <tag k="ele" v="8.9177"/>
  </node>
  <node id="103000020022" lat="25.02046702261" lon="121.54286173554">
    <tag k="local_x" v="304787.4433"/>
    <tag k="local_y" v="2768154.5745"/>
    <tag k="ele" v="8.9048"/>
  </node>
  <node id="103000020023" lat="25.0204708064" lon="121.54286785148">
    <tag k="local_x" v="304788.0518"/>
    <tag k="local_y" v="2768155.0078"/>
    <tag k="ele" v="8.8981"/>
  </node>
  <node id="103000020024" lat="25.02047509318" lon="121.54287096363">
    <tag k="local_x" v="304788.3556"/>
    <tag k="local_y" v="2768155.4901"/>
    <tag k="ele" v="8.9027"/>
  </node>
  <node id="103000020025" lat="25.02047657159" lon="121.54287166698">
    <tag k="local_x" v="304788.423"/>
    <tag k="local_y" v="2768155.6556"/>
    <tag k="ele" v="8.9008"/>
  </node>
  <node id="10300002302" lat="25.02051290334" lon="121.54280026163">
    <tag k="local_x" v="304781.1195"/>
    <tag k="local_y" v="2768159.5229"/>
    <tag k="ele" v="8.9087"/>
  </node>
  <node id="10300002303" lat="25.02050943811" lon="121.54280660795">
    <tag k="local_x" v="304781.7692"/>
    <tag k="local_y" v="2768159.153"/>
    <tag k="ele" v="8.9027"/>
  </node>
  <node id="10300002304" lat="25.0205045915" lon="121.54281302341">
    <tag k="local_x" v="304782.4293"/>
    <tag k="local_y" v="2768158.6301"/>
    <tag k="ele" v="8.9018"/>
  </node>
  <node id="10300002305" lat="25.02049904195" lon="121.54281821303">
    <tag k="local_x" v="304782.9673"/>
    <tag k="local_y" v="2768158.0265"/>
    <tag k="ele" v="8.8998"/>
  </node>
  <node id="10300002306" lat="25.02049183706" lon="121.5428236383">
    <tag k="local_x" v="304783.5332"/>
    <tag k="local_y" v="2768157.2399"/>
    <tag k="ele" v="8.9098"/>
  </node>
  <node id="10300002307" lat="25.02048552248" lon="121.54282808264">
    <tag k="local_x" v="304783.9978"/>
    <tag k="local_y" v="2768156.5498"/>
    <tag k="ele" v="8.9147"/>
  </node>
  <node id="10300002308" lat="25.0204815342" lon="121.54283256115">
    <tag k="local_x" v="304784.4601"/>
    <tag k="local_y" v="2768156.1177"/>
    <tag k="ele" v="8.9168"/>
  </node>
  <node id="10300002309" lat="25.0204790452" lon="121.54283778114">
    <tag k="local_x" v="304784.9936"/>
    <tag k="local_y" v="2768155.8535"/>
    <tag k="ele" v="8.9138"/>
  </node>
  <node id="103000023010" lat="25.02047839736" lon="121.54284298583">
    <tag k="local_x" v="304785.521"/>
    <tag k="local_y" v="2768155.7934"/>
    <tag k="ele" v="8.9078"/>
  </node>
  <node id="103000023011" lat="25.02048026626" lon="121.54284710883">
    <tag k="local_x" v="304785.9329"/>
    <tag k="local_y" v="2768156.0099"/>
    <tag k="ele" v="8.9058"/>
  </node>
  <node id="103000023012" lat="25.02048285076" lon="121.54284979325">
    <tag k="local_x" v="304786.1977"/>
    <tag k="local_y" v="2768156.3025"/>
    <tag k="ele" v="8.9048"/>
  </node>
  <node id="10300002202" lat="25.02047958915" lon="121.5428731029">
    <tag k="local_x" v="304788.5606"/>
    <tag k="local_y" v="2768155.9934"/>
    <tag k="ele" v="8.8967"/>
  </node>
  <node id="10300002203" lat="25.02048445272" lon="121.54287441772">
    <tag k="local_x" v="304788.6814"/>
    <tag k="local_y" v="2768156.5356"/>
    <tag k="ele" v="8.8958"/>
  </node>
  <node id="10300002204" lat="25.02048985328" lon="121.54287522798">
    <tag k="local_x" v="304788.7499"/>
    <tag k="local_y" v="2768157.1362"/>
    <tag k="ele" v="8.8878"/>
  </node>
  <node id="10300002205" lat="25.02049505178" lon="121.54287528495">
    <tag k="local_x" v="304788.7428"/>
    <tag k="local_y" v="2768157.7127"/>
    <tag k="ele" v="8.8878"/>
  </node>
  <node id="10300002206" lat="25.02049948712" lon="121.54287459372">
    <tag k="local_x" v="304788.662"/>
    <tag k="local_y" v="2768158.2029"/>
    <tag k="ele" v="8.8858"/>
  </node>
  <node id="10300002207" lat="25.02050380387" lon="121.5428727256">
    <tag k="local_x" v="304788.4626"/>
    <tag k="local_y" v="2768158.6773"/>
    <tag k="ele" v="8.8868"/>
  </node>
  <node id="10300002208" lat="25.02050830011" lon="121.54286899301">
    <tag k="local_x" v="304788.0744"/>
    <tag k="local_y" v="2768159.1674"/>
    <tag k="ele" v="8.8907"/>
  </node>
  <node id="10300002209" lat="25.02051208403" lon="121.54286298709">
    <tag k="local_x" v="304787.4583"/>
    <tag k="local_y" v="2768159.5734"/>
    <tag k="ele" v="8.8898"/>
  </node>
  <node id="103000022010" lat="25.02051393375" lon="121.54285815728">
    <tag k="local_x" v="304786.9658"/>
    <tag k="local_y" v="2768159.7676"/>
    <tag k="ele" v="8.8918"/>
  </node>
  <node id="103000022011" lat="25.02051511075" lon="121.5428478628">
    <tag k="local_x" v="304785.9229"/>
    <tag k="local_y" v="2768159.8749"/>
    <tag k="ele" v="8.8967"/>
  </node>
  <node id="103000022012" lat="25.02051561494" lon="121.54283769934">
    <tag k="local_x" v="304784.8949"/>
    <tag k="local_y" v="2768159.9079"/>
    <tag k="ele" v="8.9087"/>
  </node>
  <node id="103000022013" lat="25.02051644072" lon="121.54282946409">
    <tag k="local_x" v="304784.0609"/>
    <tag k="local_y" v="2768159.9809"/>
    <tag k="ele" v="8.9158"/>
  </node>
  <node id="103000022014" lat="25.02051761734" lon="121.54282304887">
    <tag k="local_x" v="304783.4099"/>
    <tag k="local_y" v="2768160.0969"/>
    <tag k="ele" v="8.9118"/>
  </node>
  <node id="103000022015" lat="25.02052059035" lon="121.54280945756">
    <tag k="local_x" v="304782.0295"/>
    <tag k="local_y" v="2768160.3959"/>
    <tag k="ele" v="8.9168"/>
  </node>
  <node id="10300004502" lat="25.02014013822" lon="121.54263150492">
    <tag k="local_x" v="304764.9928"/>
    <tag k="local_y" v="2768117.8132"/>
    <tag k="ele" v="8.934"/>
  </node>
  <node id="10300004503" lat="25.02014757243" lon="121.5426317047">
    <tag k="local_x" v="304764.9946"/>
    <tag k="local_y" v="2768118.6379"/>
    <tag k="ele" v="8.917"/>
  </node>
  <node id="10300004504" lat="25.0201557376" lon="121.54263379322">
    <tag k="local_x" v="304765.1854"/>
    <tag k="local_y" v="2768119.5479"/>
    <tag k="ele" v="8.964"/>
  </node>
  <node id="10300004505" lat="25.02016229642" lon="121.54263752419">
    <tag k="local_x" v="304765.5461"/>
    <tag k="local_y" v="2768120.2835"/>
    <tag k="ele" v="8.967"/>
  </node>
  <node id="10300004506" lat="25.02017047531" lon="121.54264346459">
    <tag k="local_x" v="304766.126"/>
    <tag k="local_y" v="2768121.2037"/>
    <tag k="ele" v="8.9729"/>
  </node>
  <node id="10300004507" lat="25.02017545957" lon="121.54264749556">
    <tag k="local_x" v="304766.5209"/>
    <tag k="local_y" v="2768121.7654"/>
    <tag k="ele" v="8.9769"/>
  </node>
  <node id="10300004508" lat="25.02017980202" lon="121.54265128611">
    <tag k="local_x" v="304766.8931"/>
    <tag k="local_y" v="2768122.2554"/>
    <tag k="ele" v="8.9768"/>
  </node>
  <node id="10300004509" lat="25.02018611003" lon="121.54265688475">
    <tag k="local_x" v="304767.4431"/>
    <tag k="local_y" v="2768122.9674"/>
    <tag k="ele" v="8.9728"/>
  </node>
  <node id="103000045010" lat="25.02019188375" lon="121.5426625891">
    <tag k="local_x" v="304768.0051"/>
    <tag k="local_y" v="2768123.6204"/>
    <tag k="ele" v="8.9728"/>
  </node>
  <node id="103000045011" lat="25.02019702428" lon="121.54266749596">
    <tag k="local_x" v="304768.4881"/>
    <tag k="local_y" v="2768124.2014"/>
    <tag k="ele" v="8.9808"/>
  </node>
  <node id="103000045012" lat="25.02020331456" lon="121.54267441069">
    <tag k="local_x" v="304769.1711"/>
    <tag k="local_y" v="2768124.9144"/>
    <tag k="ele" v="8.9788"/>
  </node>
  <node id="103000045013" lat="25.02020764774" lon="121.54267954525">
    <tag k="local_x" v="304769.6791"/>
    <tag k="local_y" v="2768125.4064"/>
    <tag k="ele" v="8.9698"/>
  </node>
  <node id="103000045014" lat="25.02021145989" lon="121.54268413253">
    <tag k="local_x" v="304770.1331"/>
    <tag k="local_y" v="2768125.8394"/>
    <tag k="ele" v="8.9698"/>
  </node>
  <node id="103000045015" lat="25.02021537712" lon="121.54268985182">
    <tag k="local_x" v="304770.7012"/>
    <tag k="local_y" v="2768126.2866"/>
    <tag k="ele" v="8.9728"/>
  </node>
  <node id="10300004702" lat="25.02024860491" lon="121.54272954991">
    <tag k="local_x" v="304774.6295"/>
    <tag k="local_y" v="2768130.0601"/>
    <tag k="ele" v="8.9904"/>
  </node>
  <node id="10300004703" lat="25.02024860711" lon="121.54272420471">
    <tag k="local_x" v="304774.0895"/>
    <tag k="local_y" v="2768130.0483"/>
    <tag k="ele" v="8.9864"/>
  </node>
  <node id="10300004704" lat="25.0202483347" lon="121.54271870233">
    <tag k="local_x" v="304773.5343"/>
    <tag k="local_y" v="2768130.0057"/>
    <tag k="ele" v="8.9924"/>
  </node>
  <node id="10300004705" lat="25.02024788618" lon="121.5427124572">
    <tag k="local_x" v="304772.9045"/>
    <tag k="local_y" v="2768129.9419"/>
    <tag k="ele" v="8.9944"/>
  </node>
  <node id="10300004706" lat="25.0202471697" lon="121.54270657176">
    <tag k="local_x" v="304772.3117"/>
    <tag k="local_y" v="2768129.8492"/>
    <tag k="ele" v="8.9984"/>
  </node>
  <node id="10300004707" lat="25.02024642324" lon="121.54270149529">
    <tag k="local_x" v="304771.8007"/>
    <tag k="local_y" v="2768129.755"/>
    <tag k="ele" v="8.9984"/>
  </node>
  <node id="10300004708" lat="25.02024549438" lon="121.54269638466">
    <tag k="local_x" v="304771.2867"/>
    <tag k="local_y" v="2768129.6405"/>
    <tag k="ele" v="9.0004"/>
  </node>
  <node id="10300004709" lat="25.02024430301" lon="121.54269158734">
    <tag k="local_x" v="304770.805"/>
    <tag k="local_y" v="2768129.4976"/>
    <tag k="ele" v="9.0034"/>
  </node>
  <node id="103000047010" lat="25.02024263099" lon="121.54268714053">
    <tag k="local_x" v="304770.3599"/>
    <tag k="local_y" v="2768129.3022"/>
    <tag k="ele" v="8.9844"/>
  </node>
  <node id="103000047011" lat="25.02024073852" lon="121.54268342281">
    <tag k="local_x" v="304769.989"/>
    <tag k="local_y" v="2768129.084"/>
    <tag k="ele" v="8.9754"/>
  </node>
  <node id="103000047012" lat="25.02023819678" lon="121.54267974364">
    <tag k="local_x" v="304769.6236"/>
    <tag k="local_y" v="2768128.7939"/>
    <tag k="ele" v="8.9724"/>
  </node>
  <node id="103000047013" lat="25.02023557226" lon="121.5426768088">
    <tag k="local_x" v="304769.3336"/>
    <tag k="local_y" v="2768128.4963"/>
    <tag k="ele" v="8.9678"/>
  </node>
  <node id="103000047014" lat="25.02023241702" lon="121.5426733601">
    <tag k="local_x" v="304768.993"/>
    <tag k="local_y" v="2768128.1387"/>
    <tag k="ele" v="8.9668"/>
  </node>
  <node id="103000047015" lat="25.02023120121" lon="121.54267180694">
    <tag k="local_x" v="304768.8391"/>
    <tag k="local_y" v="2768128.0004"/>
    <tag k="ele" v="8.9618"/>
  </node>
  <node id="10300003701" lat="25.02026741742" lon="121.54268046681">
    <tag k="local_x" v="304769.6244"/>
    <tag k="local_y" v="2768132.0353"/>
    <tag k="ele" v="8.9794"/>
  </node>
  <node id="10300003702" lat="25.02026146714" lon="121.54268145356">
    <tag k="local_x" v="304769.7388"/>
    <tag k="local_y" v="2768131.3778"/>
    <tag k="ele" v="8.9794"/>
  </node>
  <node id="10300003703" lat="25.02025658579" lon="121.54268247836">
    <tag k="local_x" v="304769.8544"/>
    <tag k="local_y" v="2768130.8389"/>
    <tag k="ele" v="8.9694"/>
  </node>
  <node id="10300003704" lat="25.0202522643" lon="121.54268333671">
    <tag k="local_x" v="304769.9518"/>
    <tag k="local_y" v="2768130.3617"/>
    <tag k="ele" v="8.9594"/>
  </node>
  <node id="10300003705" lat="25.020248113" lon="121.5426829223">
    <tag k="local_x" v="304769.9202"/>
    <tag k="local_y" v="2768129.9005"/>
    <tag k="ele" v="8.9634"/>
  </node>
  <node id="10300003706" lat="25.02024403794" lon="121.54268164065">
    <tag k="local_x" v="304769.8008"/>
    <tag k="local_y" v="2768129.4458"/>
    <tag k="ele" v="8.9584"/>
  </node>
  <node id="10300003707" lat="25.02023870948" lon="121.54267839216">
    <tag k="local_x" v="304769.4858"/>
    <tag k="local_y" v="2768128.8477"/>
    <tag k="ele" v="8.9574"/>
  </node>
  <node id="10300006801" lat="25.02031598915" lon="121.5426882888">
    <tag k="local_x" v="304770.2945"/>
    <tag k="local_y" v="2768137.4382"/>
    <tag k="ele" v="9.0248"/>
  </node>
  <node id="10300006802" lat="25.02031462726" lon="121.54268828714">
    <tag k="local_x" v="304770.2977"/>
    <tag k="local_y" v="2768137.2872"/>
    <tag k="ele" v="9.0251"/>
  </node>
  <node id="10300006803" lat="25.02031038045" lon="121.54268764569">
    <tag k="local_x" v="304770.2434"/>
    <tag k="local_y" v="2768136.8149"/>
    <tag k="ele" v="9.0241"/>
  </node>
  <node id="10300006804" lat="25.02030499307" lon="121.54268609832">
    <tag k="local_x" v="304770.1004"/>
    <tag k="local_y" v="2768136.2141"/>
    <tag k="ele" v="9.0271"/>
  </node>
  <node id="10300006805" lat="25.0202991002" lon="121.54268470388">
    <tag k="local_x" v="304769.9741"/>
    <tag k="local_y" v="2768135.5576"/>
    <tag k="ele" v="9.0081"/>
  </node>
  <node id="10300006806" lat="25.0202934831" lon="121.54268336469">
    <tag k="local_x" v="304769.8527"/>
    <tag k="local_y" v="2768134.9318"/>
    <tag k="ele" v="9.0034"/>
  </node>
  <node id="10300006807" lat="25.02028894317" lon="121.54268236764">
    <tag k="local_x" v="304769.7632"/>
    <tag k="local_y" v="2768134.4262"/>
    <tag k="ele" v="8.9964"/>
  </node>
  <node id="10300006808" lat="25.02028358057" lon="121.54268137618">
    <tag k="local_x" v="304769.6763"/>
    <tag k="local_y" v="2768133.8294"/>
    <tag k="ele" v="8.9894"/>
  </node>
  <node id="10300006809" lat="25.02027906837" lon="121.54268074606">
    <tag k="local_x" v="304769.6238"/>
    <tag k="local_y" v="2768133.3277"/>
    <tag k="ele" v="8.9874"/>
  </node>
  <node id="103000068010" lat="25.02027344852" lon="121.54268025215">
    <tag k="local_x" v="304769.5878"/>
    <tag k="local_y" v="2768132.7035"/>
    <tag k="ele" v="8.9784"/>
  </node>
  <node id="10300003901" lat="25.02022322084" lon="121.54268090739">
    <tag k="local_x" v="304769.7782"/>
    <tag k="local_y" v="2768127.1361"/>
    <tag k="ele" v="8.9857"/>
  </node>
  <node id="10300003902" lat="25.02022429646" lon="121.5426823908">
    <tag k="local_x" v="304769.9254"/>
    <tag k="local_y" v="2768127.2587"/>
    <tag k="ele" v="8.9848"/>
  </node>
  <node id="10300003903" lat="25.02022650217" lon="121.54268529658">
    <tag k="local_x" v="304770.2135"/>
    <tag k="local_y" v="2768127.5098"/>
    <tag k="ele" v="8.9878"/>
  </node>
  <node id="10300003904" lat="25.0202287708" lon="121.5426883019">
    <tag k="local_x" v="304770.5115"/>
    <tag k="local_y" v="2768127.7681"/>
    <tag k="ele" v="8.9938"/>
  </node>
  <node id="10300003905" lat="25.02023098357" lon="121.54269188096">
    <tag k="local_x" v="304770.8676"/>
    <tag k="local_y" v="2768128.0215"/>
    <tag k="ele" v="9.0008"/>
  </node>
  <node id="10300003906" lat="25.0202329745" lon="121.54269563574">
    <tag k="local_x" v="304771.242"/>
    <tag k="local_y" v="2768128.2507"/>
    <tag k="ele" v="9.0111"/>
  </node>
  <node id="10300003907" lat="25.02023465029" lon="121.54269963027">
    <tag k="local_x" v="304771.6414"/>
    <tag k="local_y" v="2768128.4455"/>
    <tag k="ele" v="9.0101"/>
  </node>
  <node id="10300003908" lat="25.02023633169" lon="121.54270428121">
    <tag k="local_x" v="304772.1071"/>
    <tag k="local_y" v="2768128.6424"/>
    <tag k="ele" v="9.0037"/>
  </node>
  <node id="10300003909" lat="25.02023797985" lon="121.54271016768">
    <tag k="local_x" v="304772.6977"/>
    <tag k="local_y" v="2768128.8384"/>
    <tag k="ele" v="8.9974"/>
  </node>
  <node id="103000039010" lat="25.02023929466" lon="121.54271776736">
    <tag k="local_x" v="304773.4622"/>
    <tag k="local_y" v="2768129.0013"/>
    <tag k="ele" v="8.9904"/>
  </node>
  <node id="103000039011" lat="25.02023975464" lon="121.54272407018">
    <tag k="local_x" v="304774.0978"/>
    <tag k="local_y" v="2768129.0665"/>
    <tag k="ele" v="8.9854"/>
  </node>
  <node id="103000039012" lat="25.02023948282" lon="121.54273061048">
    <tag k="local_x" v="304774.7592"/>
    <tag k="local_y" v="2768129.0511"/>
    <tag k="ele" v="8.9864"/>
  </node>
  <node id="10300003802" lat="25.0202243271" lon="121.54268208172">
    <tag k="local_x" v="304769.8941"/>
    <tag k="local_y" v="2768127.2614"/>
    <tag k="ele" v="8.9898"/>
  </node>
  <node id="10300003803" lat="25.02022876106" lon="121.54268727221">
    <tag k="local_x" v="304770.4075"/>
    <tag k="local_y" v="2768127.7647"/>
    <tag k="ele" v="8.9908"/>
  </node>
  <node id="10300003804" lat="25.02023374098" lon="121.54269213752">
    <tag k="local_x" v="304770.8867"/>
    <tag k="local_y" v="2768128.3278"/>
    <tag k="ele" v="9.0028"/>
  </node>
  <node id="10300003805" lat="25.02023795271" lon="121.54269494888">
    <tag k="local_x" v="304771.1603"/>
    <tag k="local_y" v="2768128.8011"/>
    <tag k="ele" v="9.0111"/>
  </node>
  <node id="10300003806" lat="25.02024218429" lon="121.54269647291">
    <tag k="local_x" v="304771.3038"/>
    <tag k="local_y" v="2768129.2737"/>
    <tag k="ele" v="9.0074"/>
  </node>
  <node id="10300003807" lat="25.02024656171" lon="121.54269743332">
    <tag k="local_x" v="304771.39"/>
    <tag k="local_y" v="2768129.7612"/>
    <tag k="ele" v="8.9954"/>
  </node>
  <node id="10300003808" lat="25.0202515407" lon="121.54269755123">
    <tag k="local_x" v="304771.3896"/>
    <tag k="local_y" v="2768130.3135"/>
    <tag k="ele" v="8.9994"/>
  </node>
  <node id="10300003809" lat="25.02025661181" lon="121.54269682012">
    <tag k="local_x" v="304771.3032"/>
    <tag k="local_y" v="2768130.8741"/>
    <tag k="ele" v="8.9954"/>
  </node>
  <node id="103000038010" lat="25.02026120739" lon="121.54269587742">
    <tag k="local_x" v="304771.1966"/>
    <tag k="local_y" v="2768131.3815"/>
    <tag k="ele" v="8.9874"/>
  </node>
  <node id="103000038011" lat="25.02026541226" lon="121.54269503205">
    <tag k="local_x" v="304771.1008"/>
    <tag k="local_y" v="2768131.8458"/>
    <tag k="ele" v="8.9904"/>
  </node>
  <node id="103000038012" lat="25.02026780586" lon="121.54269441754">
    <tag k="local_x" v="304771.0328"/>
    <tag k="local_y" v="2768132.1098"/>
    <tag k="ele" v="8.9814"/>
  </node>
  <node id="103000038013" lat="25.02026961707" lon="121.54269405603">
    <tag k="local_x" v="304770.9918"/>
    <tag k="local_y" v="2768132.3098"/>
    <tag k="ele" v="8.9824"/>
  </node>
  <node id="10300004002" lat="25.02021964424" lon="121.54269726046">
    <tag k="local_x" v="304771.4391"/>
    <tag k="local_y" v="2768126.7764"/>
    <tag k="ele" v="8.9878"/>
  </node>
  <node id="10300004003" lat="25.02022495988" lon="121.54270730899">
    <tag k="local_x" v="304772.4411"/>
    <tag k="local_y" v="2768127.3884"/>
    <tag k="ele" v="8.9758"/>
  </node>
  <node id="10300004004" lat="25.02022799556" lon="121.5427145994">
    <tag k="local_x" v="304773.1701"/>
    <tag k="local_y" v="2768127.7414"/>
    <tag k="ele" v="8.9698"/>
  </node>
  <node id="10300004005" lat="25.02023033212" lon="121.54272451363">
    <tag k="local_x" v="304774.1659"/>
    <tag k="local_y" v="2768128.0228"/>
    <tag k="ele" v="8.9738"/>
  </node>
  <node id="10300006902" lat="25.02021835628" lon="121.54269339916">
    <tag k="local_x" v="304771.0522"/>
    <tag k="local_y" v="2768126.6249"/>
    <tag k="ele" v="8.9918"/>
  </node>
  <node id="10300006903" lat="25.02022186331" lon="121.54269724549">
    <tag k="local_x" v="304771.4321"/>
    <tag k="local_y" v="2768127.0224"/>
    <tag k="ele" v="8.9888"/>
  </node>
  <node id="10300006904" lat="25.02022568848" lon="121.54270119265">
    <tag k="local_x" v="304771.8214"/>
    <tag k="local_y" v="2768127.4554"/>
    <tag k="ele" v="8.9828"/>
  </node>
  <node id="10300006905" lat="25.02022971545" lon="121.54270439642">
    <tag k="local_x" v="304772.1351"/>
    <tag k="local_y" v="2768127.9091"/>
    <tag k="ele" v="8.9858"/>
  </node>
  <node id="10300006906" lat="25.02023434866" lon="121.54270710525">
    <tag k="local_x" v="304772.3973"/>
    <tag k="local_y" v="2768128.4289"/>
    <tag k="ele" v="8.9898"/>
  </node>
  <node id="10300006907" lat="25.02024029873" lon="121.5427089693">
    <tag k="local_x" v="304772.5709"/>
    <tag k="local_y" v="2768129.0928"/>
    <tag k="ele" v="8.9964"/>
  </node>
  <node id="10300006908" lat="25.0202462602" lon="121.54271022782">
    <tag k="local_x" v="304772.6833"/>
    <tag k="local_y" v="2768129.7566"/>
    <tag k="ele" v="8.9994"/>
  </node>
  <node id="10300006909" lat="25.02025131269" lon="121.5427105465">
    <tag k="local_x" v="304772.703"/>
    <tag k="local_y" v="2768130.3175"/>
    <tag k="ele" v="8.9924"/>
  </node>
  <node id="103000069010" lat="25.02025569039" lon="121.54271033888">
    <tag k="local_x" v="304772.6712"/>
    <tag k="local_y" v="2768130.8024"/>
    <tag k="ele" v="8.9884"/>
  </node>
  <node id="103000069011" lat="25.02026018398" lon="121.54270966589">
    <tag k="local_x" v="304772.5921"/>
    <tag k="local_y" v="2768131.2991"/>
    <tag k="ele" v="8.9824"/>
  </node>
  <node id="103000069012" lat="25.02026529281" lon="121.54270738954">
    <tag k="local_x" v="304772.3495"/>
    <tag k="local_y" v="2768131.8604"/>
    <tag k="ele" v="8.9784"/>
  </node>
  <node id="103000069013" lat="25.02026805661" lon="121.54270604466">
    <tag k="local_x" v="304772.2068"/>
    <tag k="local_y" v="2768132.1638"/>
    <tag k="ele" v="8.9734"/>
  </node>
  <node id="103000069014" lat="25.02027007219" lon="121.54270539119">
    <tag k="local_x" v="304772.1358"/>
    <tag k="local_y" v="2768132.3858"/>
    <tag k="ele" v="8.9704"/>
  </node>
  <node id="103000069015" lat="25.02027142001" lon="121.54270519751">
    <tag k="local_x" v="304772.1129"/>
    <tag k="local_y" v="2768132.5348"/>
    <tag k="ele" v="8.9793"/>
  </node>
  <node id="10300000601" lat="25.0201328835" lon="121.54197197073">
    <tag k="local_x" v="304698.3818"/>
    <tag k="local_y" v="2768115.523"/>
    <tag k="ele" v="8.9338"/>
  </node>
  <node id="10300000602" lat="25.02013526414" lon="121.54196755481">
    <tag k="local_x" v="304697.9298"/>
    <tag k="local_y" v="2768115.777"/>
    <tag k="ele" v="8.9297"/>
  </node>
  <node id="10300000603" lat="25.02013850566" lon="121.54196369449">
    <tag k="local_x" v="304697.5318"/>
    <tag k="local_y" v="2768116.1277"/>
    <tag k="ele" v="8.9327"/>
  </node>
  <node id="10300000604" lat="25.02014242258" lon="121.54196148396">
    <tag k="local_x" v="304697.2988"/>
    <tag k="local_y" v="2768116.557"/>
    <tag k="ele" v="8.9387"/>
  </node>
  <node id="10300000605" lat="25.02014680109" lon="121.54196039338">
    <tag k="local_x" v="304697.1778"/>
    <tag k="local_y" v="2768117.04"/>
    <tag k="ele" v="8.9447"/>
  </node>
  <node id="10300000606" lat="25.02015044265" lon="121.54196046072">
    <tag k="local_x" v="304697.1756"/>
    <tag k="local_y" v="2768117.4439"/>
    <tag k="ele" v="8.9417"/>
  </node>
  <node id="10300000607" lat="25.02015402287" lon="121.54196119372">
    <tag k="local_x" v="304697.2408"/>
    <tag k="local_y" v="2768117.8425"/>
    <tag k="ele" v="8.9428"/>
  </node>
  <node id="10300006001" lat="25.02056665706" lon="121.54196251352">
    <tag k="local_x" v="304696.354"/>
    <tag k="local_y" v="2768163.5953"/>
    <tag k="ele" v="8.9733"/>
  </node>
  <node id="10300006002" lat="25.02056851879" lon="121.54196232943">
    <tag k="local_x" v="304696.3308"/>
    <tag k="local_y" v="2768163.8013"/>
    <tag k="ele" v="8.9696"/>
  </node>
  <node id="10300006003" lat="25.02057576524" lon="121.54196124964">
    <tag k="local_x" v="304696.2038"/>
    <tag k="local_y" v="2768164.6023"/>
    <tag k="ele" v="8.9736"/>
  </node>
  <node id="10300006004" lat="25.02058018759" lon="121.54196110842">
    <tag k="local_x" v="304696.1786"/>
    <tag k="local_y" v="2768165.0923"/>
    <tag k="ele" v="8.9696"/>
  </node>
  <node id="10300006005" lat="25.02058697818" lon="121.54196244462">
    <tag k="local_x" v="304696.2968"/>
    <tag k="local_y" v="2768165.8482"/>
    <tag k="ele" v="8.9716"/>
  </node>
  <node id="10300006006" lat="25.02059256154" lon="121.54196331375">
    <tag k="local_x" v="304696.3708"/>
    <tag k="local_y" v="2768166.4692"/>
    <tag k="ele" v="8.9706"/>
  </node>
  <node id="10300006007" lat="25.02060231726" lon="121.54196484922">
    <tag k="local_x" v="304696.5018"/>
    <tag k="local_y" v="2768167.5543"/>
    <tag k="ele" v="8.9676"/>
  </node>
  <node id="10300006008" lat="25.02060751516" lon="121.54196604548">
    <tag k="local_x" v="304696.6098"/>
    <tag k="local_y" v="2768168.1333"/>
    <tag k="ele" v="8.9766"/>
  </node>
  <node id="10300006009" lat="25.02060907031" lon="121.54196630131">
    <tag k="local_x" v="304696.6318"/>
    <tag k="local_y" v="2768168.3063"/>
    <tag k="ele" v="8.9786"/>
  </node>
  <node id="103000060010" lat="25.02061063629" lon="121.54196646831">
    <tag k="local_x" v="304696.6448"/>
    <tag k="local_y" v="2768168.4803"/>
    <tag k="ele" v="8.9766"/>
  </node>
  <node id="103000060011" lat="25.02061155564" lon="121.54196605527">
    <tag k="local_x" v="304696.6008"/>
    <tag k="local_y" v="2768168.5813"/>
    <tag k="ele" v="8.9746"/>
  </node>
  <node id="103000060012" lat="25.02061264921" lon="121.54196501298">
    <tag k="local_x" v="304696.4928"/>
    <tag k="local_y" v="2768168.7002"/>
    <tag k="ele" v="8.9776"/>
  </node>
  <node id="103000060013" lat="25.02061306409" lon="121.54196372641">
    <tag k="local_x" v="304696.3618"/>
    <tag k="local_y" v="2768168.7433"/>
    <tag k="ele" v="8.9766"/>
  </node>
  <node id="103000060014" lat="25.0206131927" lon="121.54196223486">
    <tag k="local_x" v="304696.2108"/>
    <tag k="local_y" v="2768168.7542"/>
    <tag k="ele" v="8.9756"/>
  </node>
  <node id="103000060015" lat="25.02061300157" lon="121.54196103244">
    <tag k="local_x" v="304696.0898"/>
    <tag k="local_y" v="2768168.7303"/>
    <tag k="ele" v="8.9756"/>
  </node>
  <node id="103000060016" lat="25.02061171499" lon="121.54195599224">
    <tag k="local_x" v="304695.5838"/>
    <tag k="local_y" v="2768168.5763"/>
    <tag k="ele" v="8.9696"/>
  </node>
  <node id="103000060017" lat="25.0206114078" lon="121.54195286664">
    <tag k="local_x" v="304695.2688"/>
    <tag k="local_y" v="2768168.5352"/>
    <tag k="ele" v="8.9636"/>
  </node>
  <node id="10300000701" lat="25.02005434021" lon="121.54219903021">
    <tag k="local_x" v="304721.5145"/>
    <tag k="local_y" v="2768107.3262"/>
    <tag k="ele" v="8.9288"/>
  </node>
  <node id="10300000702" lat="25.02005642327" lon="121.54219731924">
    <tag k="local_x" v="304721.3365"/>
    <tag k="local_y" v="2768107.5533"/>
    <tag k="ele" v="8.9264"/>
  </node>
  <node id="10300000703" lat="25.02005970216" lon="121.54219259668">
    <tag k="local_x" v="304720.8513"/>
    <tag k="local_y" v="2768107.9062"/>
    <tag k="ele" v="8.9334"/>
  </node>
  <node id="10300000704" lat="25.02006270894" lon="121.54218786053">
    <tag k="local_x" v="304720.3654"/>
    <tag k="local_y" v="2768108.2289"/>
    <tag k="ele" v="8.9364"/>
  </node>
  <node id="10300000705" lat="25.02006614124" lon="121.54218206872">
    <tag k="local_x" v="304719.7718"/>
    <tag k="local_y" v="2768108.5964"/>
    <tag k="ele" v="8.9364"/>
  </node>
  <node id="10300000706" lat="25.02006947362" lon="121.54217520145">
    <tag k="local_x" v="304719.0698"/>
    <tag k="local_y" v="2768108.9504"/>
    <tag k="ele" v="8.9344"/>
  </node>
  <node id="10300000707" lat="25.02007213779" lon="121.54216908299">
    <tag k="local_x" v="304718.4451"/>
    <tag k="local_y" v="2768109.232"/>
    <tag k="ele" v="8.9374"/>
  </node>
  <node id="10300000708" lat="25.02007493804" lon="121.54216221556">
    <tag k="local_x" v="304717.7444"/>
    <tag k="local_y" v="2768109.527"/>
    <tag k="ele" v="8.9404"/>
  </node>
  <node id="10300000709" lat="25.02007762592" lon="121.54215564036">
    <tag k="local_x" v="304717.0735"/>
    <tag k="local_y" v="2768109.8102"/>
    <tag k="ele" v="8.9434"/>
  </node>
  <node id="103000007010" lat="25.02008043892" lon="121.54214770123">
    <tag k="local_x" v="304716.2645"/>
    <tag k="local_y" v="2768110.1042"/>
    <tag k="ele" v="8.9444"/>
  </node>
  <node id="103000007011" lat="25.02008211349" lon="121.54214145857">
    <tag k="local_x" v="304715.6297"/>
    <tag k="local_y" v="2768110.2758"/>
    <tag k="ele" v="8.9534"/>
  </node>
  <node id="103000007012" lat="25.02008420934" lon="121.54213010666">
    <tag k="local_x" v="304714.4777"/>
    <tag k="local_y" v="2768110.4826"/>
    <tag k="ele" v="8.9544"/>
  </node>
  <node id="103000007013" lat="25.02008676069" lon="121.54212159493">
    <tag k="local_x" v="304713.6115"/>
    <tag k="local_y" v="2768110.7463"/>
    <tag k="ele" v="8.9564"/>
  </node>
  <node id="103000007014" lat="25.02008813632" lon="121.54211532713">
    <tag k="local_x" v="304712.9749"/>
    <tag k="local_y" v="2768110.8847"/>
    <tag k="ele" v="8.9384"/>
  </node>
  <node id="103000007015" lat="25.02008928015" lon="121.54210652952">
    <tag k="local_x" v="304712.0833"/>
    <tag k="local_y" v="2768110.9917"/>
    <tag k="ele" v="8.9474"/>
  </node>
  <node id="103000007016" lat="25.02008988957" lon="121.54209713284">
    <tag k="local_x" v="304711.1325"/>
    <tag k="local_y" v="2768111.0381"/>
    <tag k="ele" v="8.9534"/>
  </node>
  <node id="103000007017" lat="25.0200895422" lon="121.54208905994">
    <tag k="local_x" v="304710.3178"/>
    <tag k="local_y" v="2768110.9814"/>
    <tag k="ele" v="8.9594"/>
  </node>
  <node id="103000007018" lat="25.02008891277" lon="121.54208057528">
    <tag k="local_x" v="304709.4622"/>
    <tag k="local_y" v="2768110.8925"/>
    <tag k="ele" v="8.9529"/>
  </node>
  <node id="103000007019" lat="25.02008759813" lon="121.54207283209">
    <tag k="local_x" v="304708.6832"/>
    <tag k="local_y" v="2768110.7293"/>
    <tag k="ele" v="8.9529"/>
  </node>
  <node id="103000007020" lat="25.02008587805" lon="121.54206622227">
    <tag k="local_x" v="304708.0197"/>
    <tag k="local_y" v="2768110.5237"/>
    <tag k="ele" v="8.9519"/>
  </node>
  <node id="103000007021" lat="25.02008364178" lon="121.54205922663">
    <tag k="local_x" v="304707.3185"/>
    <tag k="local_y" v="2768110.26"/>
    <tag k="ele" v="8.9529"/>
  </node>
  <node id="103000007022" lat="25.02008161467" lon="121.54205321212">
    <tag k="local_x" v="304706.7159"/>
    <tag k="local_y" v="2768110.0217"/>
    <tag k="ele" v="8.9559"/>
  </node>
  <node id="103000007023" lat="25.02007940977" lon="121.54204711407">
    <tag k="local_x" v="304706.1053"/>
    <tag k="local_y" v="2768109.7635"/>
    <tag k="ele" v="8.9589"/>
  </node>
  <node id="103000007024" lat="25.02007781096" lon="121.54204292544">
    <tag k="local_x" v="304705.6861"/>
    <tag k="local_y" v="2768109.5768"/>
    <tag k="ele" v="8.9729"/>
  </node>
  <node id="103000007025" lat="25.02007698087" lon="121.54204058787">
    <tag k="local_x" v="304705.452"/>
    <tag k="local_y" v="2768109.4795"/>
    <tag k="ele" v="8.9729"/>
  </node>
  <node id="103000007026" lat="25.02007639137" lon="121.54203777312">
    <tag k="local_x" v="304705.1691"/>
    <tag k="local_y" v="2768109.4078"/>
    <tag k="ele" v="8.9819"/>
  </node>
  <node id="103000007027" lat="25.02007608391" lon="121.54203439413">
    <tag k="local_x" v="304704.8285"/>
    <tag k="local_y" v="2768109.3661"/>
    <tag k="ele" v="8.9789"/>
  </node>
  <node id="103000007028" lat="25.02007633189" lon="121.54203164443">
    <tag k="local_x" v="304704.5501"/>
    <tag k="local_y" v="2768109.3874"/>
    <tag k="ele" v="8.9789"/>
  </node>
  <node id="103000007029" lat="25.02007692689" lon="121.54202863991">
    <tag k="local_x" v="304704.2451"/>
    <tag k="local_y" v="2768109.4466"/>
    <tag k="ele" v="8.9739"/>
  </node>
  <node id="103000007030" lat="25.02007812145" lon="121.54202586784">
    <tag k="local_x" v="304703.9621"/>
    <tag k="local_y" v="2768109.5728"/>
    <tag k="ele" v="8.9739"/>
  </node>
  <node id="103000007031" lat="25.02008045937" lon="121.54202222297">
    <tag k="local_x" v="304703.5881"/>
    <tag k="local_y" v="2768109.8238"/>
    <tag k="ele" v="8.9719"/>
  </node>
  <node id="103000007032" lat="25.02008262812" lon="121.54201975685">
    <tag k="local_x" v="304703.3336"/>
    <tag k="local_y" v="2768110.0587"/>
    <tag k="ele" v="8.9669"/>
  </node>
  <node id="103000007033" lat="25.02008464999" lon="121.54201866007">
    <tag k="local_x" v="304703.2178"/>
    <tag k="local_y" v="2768110.2804"/>
    <tag k="ele" v="8.9609"/>
  </node>
  <node id="103000007034" lat="25.02009222138" lon="121.54201375054">
    <tag k="local_x" v="304702.7031"/>
    <tag k="local_y" v="2768111.1088"/>
    <tag k="ele" v="8.9559"/>
  </node>
  <node id="103000007035" lat="25.02009769214" lon="121.54201150578">
    <tag k="local_x" v="304702.4628"/>
    <tag k="local_y" v="2768111.7103"/>
    <tag k="ele" v="8.9589"/>
  </node>
  <node id="103000007036" lat="25.02010239815" lon="121.54200921162">
    <tag k="local_x" v="304702.2194"/>
    <tag k="local_y" v="2768112.2269"/>
    <tag k="ele" v="8.9609"/>
  </node>
  <node id="103000007037" lat="25.02010687761" lon="121.54200688124">
    <tag k="local_x" v="304701.9729"/>
    <tag k="local_y" v="2768112.7183"/>
    <tag k="ele" v="8.9608"/>
  </node>
  <node id="103000007038" lat="25.02011019498" lon="121.54200479264">
    <tag k="local_x" v="304701.7537"/>
    <tag k="local_y" v="2768113.0814"/>
    <tag k="ele" v="8.9568"/>
  </node>
  <node id="103000007039" lat="25.02011353773" lon="121.54200198702">
    <tag k="local_x" v="304701.462"/>
    <tag k="local_y" v="2768113.4457"/>
    <tag k="ele" v="8.9558"/>
  </node>
  <node id="103000007040" lat="25.02011620551" lon="121.54199888673">
    <tag k="local_x" v="304701.1422"/>
    <tag k="local_y" v="2768113.7345"/>
    <tag k="ele" v="8.9468"/>
  </node>
  <node id="103000007041" lat="25.02011839694" lon="121.54199588168">
    <tag k="local_x" v="304700.8332"/>
    <tag k="local_y" v="2768113.9707"/>
    <tag k="ele" v="8.9447"/>
  </node>
  <node id="103000007042" lat="25.02012048774" lon="121.54199285735">
    <tag k="local_x" v="304700.5225"/>
    <tag k="local_y" v="2768114.1957"/>
    <tag k="ele" v="8.9387"/>
  </node>
  <node id="103000007043" lat="25.02012235276" lon="121.54199007001">
    <tag k="local_x" v="304700.2363"/>
    <tag k="local_y" v="2768114.3962"/>
    <tag k="ele" v="8.9368"/>
  </node>
  <node id="103000007044" lat="25.02012455271" lon="121.54198669001">
    <tag k="local_x" v="304699.8894"/>
    <tag k="local_y" v="2768114.6325"/>
    <tag k="ele" v="8.9368"/>
  </node>
  <node id="103000007045" lat="25.02012643278" lon="121.54198373872">
    <tag k="local_x" v="304699.5866"/>
    <tag k="local_y" v="2768114.8343"/>
    <tag k="ele" v="8.9327"/>
  </node>
  <node id="103000007046" lat="25.02012827022" lon="121.54198066562">
    <tag k="local_x" v="304699.2716"/>
    <tag k="local_y" v="2768115.0311"/>
    <tag k="ele" v="8.9398"/>
  </node>
  <node id="103000007047" lat="25.02013013629" lon="121.54197738238">
    <tag k="local_x" v="304698.9353"/>
    <tag k="local_y" v="2768115.2306"/>
    <tag k="ele" v="8.9368"/>
  </node>
  <node id="103000007048" lat="25.02013176508" lon="121.54197419133">
    <tag k="local_x" v="304698.6089"/>
    <tag k="local_y" v="2768115.404"/>
    <tag k="ele" v="8.9348"/>
  </node>
  <node id="10300000502" lat="25.02013351025" lon="121.54197042208">
    <tag k="local_x" v="304698.2238"/>
    <tag k="local_y" v="2768115.589"/>
    <tag k="ele" v="8.9327"/>
  </node>
  <node id="10300000503" lat="25.02013470546" lon="121.5419671739">
    <tag k="local_x" v="304697.8927"/>
    <tag k="local_y" v="2768115.7142"/>
    <tag k="ele" v="8.9318"/>
  </node>
  <node id="10300000504" lat="25.02013568594" lon="121.54196321964">
    <tag k="local_x" v="304697.4908"/>
    <tag k="local_y" v="2768115.814"/>
    <tag k="ele" v="8.9368"/>
  </node>
  <node id="10300000505" lat="25.02013645187" lon="121.54195925914">
    <tag k="local_x" v="304697.0888"/>
    <tag k="local_y" v="2768115.89"/>
    <tag k="ele" v="8.9468"/>
  </node>
  <node id="10300000506" lat="25.0201369465" lon="121.5419544912">
    <tag k="local_x" v="304696.6059"/>
    <tag k="local_y" v="2768115.9341"/>
    <tag k="ele" v="8.9648"/>
  </node>
  <node id="10300000507" lat="25.02013730169" lon="121.54194855083">
    <tag k="local_x" v="304696.0049"/>
    <tag k="local_y" v="2768115.9601"/>
    <tag k="ele" v="8.9688"/>
  </node>
  <node id="10300000508" lat="25.02013732145" lon="121.54194265074">
    <tag k="local_x" v="304695.4088"/>
    <tag k="local_y" v="2768115.949"/>
    <tag k="ele" v="8.9698"/>
  </node>
  <node id="10300000509" lat="25.0201369524" lon="121.54193688765">
    <tag k="local_x" v="304694.8275"/>
    <tag k="local_y" v="2768115.8951"/>
    <tag k="ele" v="8.9608"/>
  </node>
  <node id="103000005010" lat="25.02013602321" lon="121.5419309485">
    <tag k="local_x" v="304694.2298"/>
    <tag k="local_y" v="2768115.7787"/>
    <tag k="ele" v="8.9618"/>
  </node>
  <node id="103000005011" lat="25.02013489443" lon="121.54192533311">
    <tag k="local_x" v="304693.6653"/>
    <tag k="local_y" v="2768115.6409"/>
    <tag k="ele" v="8.9588"/>
  </node>
  <node id="103000005012" lat="25.02013347199" lon="121.54191996592">
    <tag k="local_x" v="304693.1266"/>
    <tag k="local_y" v="2768115.4711"/>
    <tag k="ele" v="8.9518"/>
  </node>
  <node id="103000005013" lat="25.02013179136" lon="121.54191483195">
    <tag k="local_x" v="304692.6121"/>
    <tag k="local_y" v="2768115.2732"/>
    <tag k="ele" v="8.9698"/>
  </node>
  <node id="103000005014" lat="25.02013010516" lon="121.54191059368">
    <tag k="local_x" v="304692.1881"/>
    <tag k="local_y" v="2768115.0767"/>
    <tag k="ele" v="8.9818"/>
  </node>
  <node id="103000005015" lat="25.02012710483" lon="121.54190790999">
    <tag k="local_x" v="304691.9244"/>
    <tag k="local_y" v="2768114.738"/>
    <tag k="ele" v="8.9828"/>
  </node>
  <node id="10300000401" lat="25.02015890508" lon="121.54194307994">
    <tag k="local_x" v="304695.3988"/>
    <tag k="local_y" v="2768118.343"/>
    <tag k="ele" v="8.9908"/>
  </node>
  <node id="10300000402" lat="25.02015422356" lon="121.54193999579">
    <tag k="local_x" v="304695.0988"/>
    <tag k="local_y" v="2768117.817"/>
    <tag k="ele" v="8.9918"/>
  </node>
  <node id="10300000403" lat="25.02015043169" lon="121.54193707199">
    <tag k="local_x" v="304694.8128"/>
    <tag k="local_y" v="2768117.39"/>
    <tag k="ele" v="8.9848"/>
  </node>
  <node id="10300000404" lat="25.02014631475" lon="121.54193327906">
    <tag k="local_x" v="304694.4398"/>
    <tag k="local_y" v="2768116.925"/>
    <tag k="ele" v="8.9758"/>
  </node>
  <node id="10300000405" lat="25.02014279701" lon="121.54192929292">
    <tag k="local_x" v="304694.0458"/>
    <tag k="local_y" v="2768116.526"/>
    <tag k="ele" v="8.9798"/>
  </node>
  <node id="10300000406" lat="25.02014085501" lon="121.54192632531">
    <tag k="local_x" v="304693.7508"/>
    <tag k="local_y" v="2768116.304"/>
    <tag k="ele" v="8.9728"/>
  </node>
  <node id="10300000407" lat="25.02013958249" lon="121.54192370073">
    <tag k="local_x" v="304693.4888"/>
    <tag k="local_y" v="2768116.157"/>
    <tag k="ele" v="8.9668"/>
  </node>
  <node id="10300000408" lat="25.02013568587" lon="121.54191749793">
    <tag k="local_x" v="304692.8718"/>
    <tag k="local_y" v="2768115.711"/>
    <tag k="ele" v="8.9508"/>
  </node>
  <node id="10300000409" lat="25.02013077163" lon="121.54191086339">
    <tag k="local_x" v="304692.2137"/>
    <tag k="local_y" v="2768115.1512"/>
    <tag k="ele" v="8.9798"/>
  </node>
  <node id="10300004302" lat="25.02002926205" lon="121.54227798938">
    <tag k="local_x" v="304729.5533"/>
    <tag k="local_y" v="2768104.7236"/>
    <tag k="ele" v="8.9447"/>
  </node>
  <node id="10300004303" lat="25.02002891531" lon="121.54227463517">
    <tag k="local_x" v="304729.2153"/>
    <tag k="local_y" v="2768104.6776"/>
    <tag k="ele" v="8.9477"/>
  </node>
  <node id="10300004304" lat="25.0200278976" lon="121.54226657259">
    <tag k="local_x" v="304728.4033"/>
    <tag k="local_y" v="2768104.5466"/>
    <tag k="ele" v="8.9468"/>
  </node>
  <node id="10300004305" lat="25.02002673157" lon="121.54225959523">
    <tag k="local_x" v="304727.7013"/>
    <tag k="local_y" v="2768104.4016"/>
    <tag k="ele" v="8.9558"/>
  </node>
  <node id="10300004306" lat="25.02002549336" lon="121.54225204199">
    <tag k="local_x" v="304726.9413"/>
    <tag k="local_y" v="2768104.2473"/>
    <tag k="ele" v="8.9598"/>
  </node>
  <node id="10300004307" lat="25.02002403992" lon="121.54224411723">
    <tag k="local_x" v="304726.1443"/>
    <tag k="local_y" v="2768104.0683"/>
    <tag k="ele" v="8.9908"/>
  </node>
  <node id="10300004308" lat="25.02002291578" lon="121.54223450094">
    <tag k="local_x" v="304725.1756"/>
    <tag k="local_y" v="2768103.922"/>
    <tag k="ele" v="9.0074"/>
  </node>
  <node id="10300004309" lat="25.0200225423" lon="121.54222744696">
    <tag k="local_x" v="304724.4639"/>
    <tag k="local_y" v="2768103.8647"/>
    <tag k="ele" v="9.0361"/>
  </node>
  <node id="103000043010" lat="25.02002292248" lon="121.5422193008">
    <tag k="local_x" v="304723.64"/>
    <tag k="local_y" v="2768103.8885"/>
    <tag k="ele" v="9.0341"/>
  </node>
  <node id="103000043011" lat="25.02002414853" lon="121.54221156139">
    <tag k="local_x" v="304722.8551"/>
    <tag k="local_y" v="2768104.007"/>
    <tag k="ele" v="9.0321"/>
  </node>
  <node id="103000043012" lat="25.02002594671" lon="121.54220465064">
    <tag k="local_x" v="304722.1525"/>
    <tag k="local_y" v="2768104.1908"/>
    <tag k="ele" v="9.0201"/>
  </node>
  <node id="103000043013" lat="25.02002768048" lon="121.54220028819">
    <tag k="local_x" v="304721.7075"/>
    <tag k="local_y" v="2768104.3732"/>
    <tag k="ele" v="9.0064"/>
  </node>
  <node id="103000043014" lat="25.0200302432" lon="121.54219623309">
    <tag k="local_x" v="304721.2915"/>
    <tag k="local_y" v="2768104.6482"/>
    <tag k="ele" v="8.9894"/>
  </node>
  <node id="103000043015" lat="25.02003367784" lon="121.5421923676">
    <tag k="local_x" v="304720.8925"/>
    <tag k="local_y" v="2768105.0203"/>
    <tag k="ele" v="8.9724"/>
  </node>
  <node id="103000043016" lat="25.02003702492" lon="121.5421894829">
    <tag k="local_x" v="304720.5928"/>
    <tag k="local_y" v="2768105.3849"/>
    <tag k="ele" v="8.9584"/>
  </node>
  <node id="103000043017" lat="25.02004101759" lon="121.54218691789">
    <tag k="local_x" v="304720.3238"/>
    <tag k="local_y" v="2768105.8218"/>
    <tag k="ele" v="8.9324"/>
  </node>
  <node id="103000043018" lat="25.02004432122" lon="121.54218452904">
    <tag k="local_x" v="304720.0743"/>
    <tag k="local_y" v="2768106.1827"/>
    <tag k="ele" v="8.9334"/>
  </node>
  <node id="10300005702" lat="25.01997313041" lon="121.54215998633">
    <tag k="local_x" v="304717.7709"/>
    <tag k="local_y" v="2768098.2343"/>
    <tag k="ele" v="9.1311"/>
  </node>
  <node id="10300005703" lat="25.01999454493" lon="121.54217366565">
    <tag k="local_x" v="304719.0999"/>
    <tag k="local_y" v="2768100.6394"/>
    <tag k="ele" v="9.0741"/>
  </node>
  <node id="10300005704" lat="25.02001294285" lon="121.54218430751">
    <tag k="local_x" v="304720.1295"/>
    <tag k="local_y" v="2768102.7032"/>
    <tag k="ele" v="9.0074"/>
  </node>
  <node id="10300005705" lat="25.02001965516" lon="121.54218687714">
    <tag k="local_x" v="304720.3725"/>
    <tag k="local_y" v="2768103.4532"/>
    <tag k="ele" v="8.9904"/>
  </node>
  <node id="10300005706" lat="25.02002372279" lon="121.54218821402">
    <tag k="local_x" v="304720.4975"/>
    <tag k="local_y" v="2768103.9072"/>
    <tag k="ele" v="8.9764"/>
  </node>
  <node id="10300005707" lat="25.0200264173" lon="121.54218881449">
    <tag k="local_x" v="304720.5515"/>
    <tag k="local_y" v="2768104.2073"/>
    <tag k="ele" v="8.9714"/>
  </node>
  <node id="10300005708" lat="25.02002910903" lon="121.54218901894">
    <tag k="local_x" v="304720.5655"/>
    <tag k="local_y" v="2768104.5062"/>
    <tag k="ele" v="8.9634"/>
  </node>
  <node id="10300005709" lat="25.02003441943" lon="121.54218867377">
    <tag k="local_x" v="304720.5175"/>
    <tag k="local_y" v="2768105.0942"/>
    <tag k="ele" v="8.9474"/>
  </node>
  <node id="103000057010" lat="25.0200374621" lon="121.54218807513">
    <tag k="local_x" v="304720.4495"/>
    <tag k="local_y" v="2768105.4302"/>
    <tag k="ele" v="8.9384"/>
  </node>
  <node id="103000057011" lat="25.0200407432" lon="121.54218683892">
    <tag k="local_x" v="304720.3165"/>
    <tag k="local_y" v="2768105.7912"/>
    <tag k="ele" v="8.9324"/>
  </node>
  <node id="103000057012" lat="25.02004428842" lon="121.54218450052">
    <tag k="local_x" v="304720.0715"/>
    <tag k="local_y" v="2768106.179"/>
    <tag k="ele" v="8.9334"/>
  </node>
  <node id="10300005502" lat="25.02011578012" lon="121.54191674454">
    <tag k="local_x" v="304692.8449"/>
    <tag k="local_y" v="2768113.5023"/>
    <tag k="ele" v="8.9588"/>
  </node>
  <node id="10300005503" lat="25.02011270389" lon="121.54191411146">
    <tag k="local_x" v="304692.5865"/>
    <tag k="local_y" v="2768113.1553"/>
    <tag k="ele" v="8.9458"/>
  </node>
  <node id="10300005504" lat="25.02010899067" lon="121.54191135687">
    <tag k="local_x" v="304692.3174"/>
    <tag k="local_y" v="2768112.7374"/>
    <tag k="ele" v="8.9477"/>
  </node>
  <node id="10300005505" lat="25.02010379104" lon="121.54190860254">
    <tag k="local_x" v="304692.052"/>
    <tag k="local_y" v="2768112.1547"/>
    <tag k="ele" v="8.9524"/>
  </node>
  <node id="10300005506" lat="25.02009691858" lon="121.54190588052">
    <tag k="local_x" v="304691.794"/>
    <tag k="local_y" v="2768111.3866"/>
    <tag k="ele" v="8.9464"/>
  </node>
  <node id="10300005507" lat="25.02009007137" lon="121.54190395695">
    <tag k="local_x" v="304691.6166"/>
    <tag k="local_y" v="2768110.6231"/>
    <tag k="ele" v="8.9424"/>
  </node>
  <node id="10300005508" lat="25.02007785235" lon="121.54190185045">
    <tag k="local_x" v="304691.434"/>
    <tag k="local_y" v="2768109.2636"/>
    <tag k="ele" v="8.9264"/>
  </node>
  <node id="10300005509" lat="25.02006252581" lon="121.54190033804">
    <tag k="local_x" v="304691.3191"/>
    <tag k="local_y" v="2768107.5609"/>
    <tag k="ele" v="8.9354"/>
  </node>
  <node id="103000055010" lat="25.02005544564" lon="121.54190020339">
    <tag k="local_x" v="304691.323"/>
    <tag k="local_y" v="2768106.7756"/>
    <tag k="ele" v="8.9444"/>
  </node>
  <node id="103000055011" lat="25.02004986129" lon="121.54190089228">
    <tag k="local_x" v="304691.4064"/>
    <tag k="local_y" v="2768106.158"/>
    <tag k="ele" v="8.9564"/>
  </node>
  <node id="103000055012" lat="25.02004391858" lon="121.5419022168">
    <tag k="local_x" v="304691.5549"/>
    <tag k="local_y" v="2768105.5021"/>
    <tag k="ele" v="8.9434"/>
  </node>
  <node id="103000055013" lat="25.02003873399" lon="121.54190431612">
    <tag k="local_x" v="304691.7798"/>
    <tag k="local_y" v="2768104.932"/>
    <tag k="ele" v="8.9414"/>
  </node>
  <node id="103000055014" lat="25.0200344965" lon="121.54190703353">
    <tag k="local_x" v="304692.0648"/>
    <tag k="local_y" v="2768104.4683"/>
    <tag k="ele" v="8.9434"/>
  </node>
  <node id="103000055015" lat="25.02002995717" lon="121.54191128971">
    <tag k="local_x" v="304692.506"/>
    <tag k="local_y" v="2768103.9746"/>
    <tag k="ele" v="8.9484"/>
  </node>
  <node id="103000055016" lat="25.02002623496" lon="121.54191568072">
    <tag k="local_x" v="304692.9588"/>
    <tag k="local_y" v="2768103.5718"/>
    <tag k="ele" v="8.9369"/>
  </node>
  <node id="103000055017" lat="25.02002374575" lon="121.54192011377">
    <tag k="local_x" v="304693.4128"/>
    <tag k="local_y" v="2768103.3058"/>
    <tag k="ele" v="8.9279"/>
  </node>
  <node id="103000055018" lat="25.02002063093" lon="121.54192692698">
    <tag k="local_x" v="304694.1088"/>
    <tag k="local_y" v="2768102.9758"/>
    <tag k="ele" v="8.9339"/>
  </node>
  <node id="103000055019" lat="25.02001898504" lon="121.54193246952">
    <tag k="local_x" v="304694.6728"/>
    <tag k="local_y" v="2768102.8058"/>
    <tag k="ele" v="8.9439"/>
  </node>
  <node id="103000055020" lat="25.02001818543" lon="121.54193804266">
    <tag k="local_x" v="304695.2378"/>
    <tag k="local_y" v="2768102.7297"/>
    <tag k="ele" v="8.9429"/>
  </node>
  <node id="103000055021" lat="25.02001805482" lon="121.54194274032">
    <tag k="local_x" v="304695.7127"/>
    <tag k="local_y" v="2768102.7258"/>
    <tag k="ele" v="8.9399"/>
  </node>
  <node id="103000055022" lat="25.02001799151" lon="121.54194745446">
    <tag k="local_x" v="304696.1891"/>
    <tag k="local_y" v="2768102.7294"/>
    <tag k="ele" v="8.9489"/>
  </node>
  <node id="103000055023" lat="25.02001804546" lon="121.54195261197">
    <tag k="local_x" v="304696.71"/>
    <tag k="local_y" v="2768102.747"/>
    <tag k="ele" v="8.9619"/>
  </node>
  <node id="103000055024" lat="25.02001809826" lon="121.54195911368">
    <tag k="local_x" v="304697.3667"/>
    <tag k="local_y" v="2768102.7675"/>
    <tag k="ele" v="8.968"/>
  </node>
  <node id="103000055025" lat="25.02001780658" lon="121.54196792125">
    <tag k="local_x" v="304698.2572"/>
    <tag k="local_y" v="2768102.755"/>
    <tag k="ele" v="8.97"/>
  </node>
  <node id="103000055026" lat="25.02001756294" lon="121.5419718777">
    <tag k="local_x" v="304698.6575"/>
    <tag k="local_y" v="2768102.7369"/>
    <tag k="ele" v="8.972"/>
  </node>
  <node id="103000055027" lat="25.020017374" lon="121.54197549498">
    <tag k="local_x" v="304699.0234"/>
    <tag k="local_y" v="2768102.7241"/>
    <tag k="ele" v="8.97"/>
  </node>
  <node id="103000055028" lat="25.02001690409" lon="121.54198153251">
    <tag k="local_x" v="304699.6345"/>
    <tag k="local_y" v="2768102.6856"/>
    <tag k="ele" v="8.9861"/>
  </node>
  <node id="103000055029" lat="25.02001649547" lon="121.54198535229">
    <tag k="local_x" v="304700.0214"/>
    <tag k="local_y" v="2768102.6489"/>
    <tag k="ele" v="8.9931"/>
  </node>
  <node id="103000055030" lat="25.02001598362" lon="121.54198888148">
    <tag k="local_x" v="304700.3792"/>
    <tag k="local_y" v="2768102.6001"/>
    <tag k="ele" v="8.9961"/>
  </node>
  <node id="103000055031" lat="25.02001479258" lon="121.54199436586">
    <tag k="local_x" v="304700.9362"/>
    <tag k="local_y" v="2768102.4804"/>
    <tag k="ele" v="8.9968"/>
  </node>
  <node id="103000055032" lat="25.02001347788" lon="121.54199932159">
    <tag k="local_x" v="304701.4401"/>
    <tag k="local_y" v="2768102.3458"/>
    <tag k="ele" v="9.0101"/>
  </node>
  <node id="103000055033" lat="25.02001191496" lon="121.54200393173">
    <tag k="local_x" v="304701.9097"/>
    <tag k="local_y" v="2768102.1829"/>
    <tag k="ele" v="9.0201"/>
  </node>
  <node id="103000055034" lat="25.02000995597" lon="121.54200859256">
    <tag k="local_x" v="304702.3854"/>
    <tag k="local_y" v="2768101.9762"/>
    <tag k="ele" v="9.0321"/>
  </node>
  <node id="103000055035" lat="25.02000750786" lon="121.54201331071">
    <tag k="local_x" v="304702.8681"/>
    <tag k="local_y" v="2768101.7154"/>
    <tag k="ele" v="9.0301"/>
  </node>
  <node id="103000055036" lat="25.02000445069" lon="121.54201844058">
    <tag k="local_x" v="304703.3939"/>
    <tag k="local_y" v="2768101.388"/>
    <tag k="ele" v="9.0201"/>
  </node>
  <node id="103000055037" lat="25.02000078272" lon="121.54202437907">
    <tag k="local_x" v="304704.0029"/>
    <tag k="local_y" v="2768100.9947"/>
    <tag k="ele" v="9.0271"/>
  </node>
  <node id="103000055040" lat="25.01998154678" lon="121.54204574861">
    <tag k="local_x" v="304706.2093"/>
    <tag k="local_y" v="2768098.9101"/>
    <tag k="ele" v="9.0541"/>
  </node>
  <node id="103000055041" lat="25.01997279463" lon="121.54205812248">
    <tag k="local_x" v="304707.481"/>
    <tag k="local_y" v="2768097.9676"/>
    <tag k="ele" v="9.0721"/>
  </node>
  <node id="103000055042" lat="25.01996636962" lon="121.54206671561">
    <tag k="local_x" v="304708.365"/>
    <tag k="local_y" v="2768097.2746"/>
    <tag k="ele" v="9.0791"/>
  </node>
  <node id="103000055043" lat="25.01995909497" lon="121.54207806153">
    <tag k="local_x" v="304709.5292"/>
    <tag k="local_y" v="2768096.4936"/>
    <tag k="ele" v="9.0801"/>
  </node>
  <node id="103000055044" lat="25.01995259964" lon="121.54208958293">
    <tag k="local_x" v="304710.7092"/>
    <tag k="local_y" v="2768095.7994"/>
    <tag k="ele" v="9.0811"/>
  </node>
  <node id="103000055045" lat="25.01994907711" lon="121.54209693057">
    <tag k="local_x" v="304711.4602"/>
    <tag k="local_y" v="2768095.4254"/>
    <tag k="ele" v="9.0881"/>
  </node>
  <node id="103000055046" lat="25.01994709917" lon="121.5421037221">
    <tag k="local_x" v="304712.1512"/>
    <tag k="local_y" v="2768095.2214"/>
    <tag k="ele" v="9.1031"/>
  </node>
  <node id="103000055047" lat="25.01994560653" lon="121.54211193111">
    <tag k="local_x" v="304712.9842"/>
    <tag k="local_y" v="2768095.0744"/>
    <tag k="ele" v="9.1101"/>
  </node>
  <node id="103000055048" lat="25.01994519422" lon="121.5421175751">
    <tag k="local_x" v="304713.5554"/>
    <tag k="local_y" v="2768095.0414"/>
    <tag k="ele" v="9.1121"/>
  </node>
  <node id="103000055049" lat="25.0199452308" lon="121.54212154533">
    <tag k="local_x" v="304713.9564"/>
    <tag k="local_y" v="2768095.0544"/>
    <tag k="ele" v="9.1171"/>
  </node>
  <node id="103000055050" lat="25.01994573171" lon="121.54212619013">
    <tag k="local_x" v="304714.4244"/>
    <tag k="local_y" v="2768095.1204"/>
    <tag k="ele" v="9.1261"/>
  </node>
  <node id="103000055051" lat="25.01994700531" lon="121.54213053709">
    <tag k="local_x" v="304714.8604"/>
    <tag k="local_y" v="2768095.2714"/>
    <tag k="ele" v="9.1291"/>
  </node>
  <node id="103000055052" lat="25.01994910121" lon="121.54213569606">
    <tag k="local_x" v="304715.3764"/>
    <tag k="local_y" v="2768095.5154"/>
    <tag k="ele" v="9.1381"/>
  </node>
  <node id="103000055053" lat="25.01995224803" lon="121.54214106883">
    <tag k="local_x" v="304715.9114"/>
    <tag k="local_y" v="2768095.8764"/>
    <tag k="ele" v="9.1431"/>
  </node>
  <node id="103000055054" lat="25.01995571315" lon="121.54214546942">
    <tag k="local_x" v="304716.3474"/>
    <tag k="local_y" v="2768096.2705"/>
    <tag k="ele" v="9.1411"/>
  </node>
  <node id="103000055055" lat="25.01996042899" lon="121.54215041535">
    <tag k="local_x" v="304716.8354"/>
    <tag k="local_y" v="2768096.8045"/>
    <tag k="ele" v="9.1421"/>
  </node>
  <node id="103000055056" lat="25.01996438108" lon="121.54215388749">
    <tag k="local_x" v="304717.1764"/>
    <tag k="local_y" v="2768097.2505"/>
    <tag k="ele" v="9.1361"/>
  </node>
  <node id="103000055057" lat="25.01996772953" lon="121.54215648368">
    <tag k="local_x" v="304717.4304"/>
    <tag k="local_y" v="2768097.6276"/>
    <tag k="ele" v="9.1351"/>
  </node>
  <node id="10300005601" lat="25.01996156988" lon="121.54217643106">
    <tag k="local_x" v="304719.4608"/>
    <tag k="local_y" v="2768096.9896"/>
    <tag k="ele" v="9.1451"/>
  </node>
  <node id="10300005602" lat="25.01996334896" lon="121.54217702991">
    <tag k="local_x" v="304719.5169"/>
    <tag k="local_y" v="2768097.1882"/>
    <tag k="ele" v="9.1451"/>
  </node>
  <node id="10300005603" lat="25.01996472443" lon="121.5421781831">
    <tag k="local_x" v="304719.63"/>
    <tag k="local_y" v="2768097.3433"/>
    <tag k="ele" v="9.1401"/>
  </node>
  <node id="10300005604" lat="25.01996762754" lon="121.54218085748">
    <tag k="local_x" v="304719.893"/>
    <tag k="local_y" v="2768097.6712"/>
    <tag k="ele" v="9.1331"/>
  </node>
  <node id="10300005605" lat="25.01997159519" lon="121.54218427358">
    <tag k="local_x" v="304720.2283"/>
    <tag k="local_y" v="2768098.1188"/>
    <tag k="ele" v="9.1201"/>
  </node>
  <node id="10300005606" lat="25.01997777324" lon="121.54218934439">
    <tag k="local_x" v="304720.7253"/>
    <tag k="local_y" v="2768098.8152"/>
    <tag k="ele" v="9.0951"/>
  </node>
  <node id="10300005607" lat="25.01998329238" lon="121.54219337456">
    <tag k="local_x" v="304721.1188"/>
    <tag k="local_y" v="2768099.4362"/>
    <tag k="ele" v="9.0901"/>
  </node>
  <node id="10300005608" lat="25.01998835211" lon="121.54219653231">
    <tag k="local_x" v="304721.4253"/>
    <tag k="local_y" v="2768100.0043"/>
    <tag k="ele" v="9.0901"/>
  </node>
  <node id="10300005609" lat="25.01999323918" lon="121.54219939877">
    <tag k="local_x" v="304721.7028"/>
    <tag k="local_y" v="2768100.5526"/>
    <tag k="ele" v="9.0821"/>
  </node>
  <node id="103000056010" lat="25.01999748433" lon="121.54220149822">
    <tag k="local_x" v="304721.9044"/>
    <tag k="local_y" v="2768101.028"/>
    <tag k="ele" v="9.0821"/>
  </node>
  <node id="103000056011" lat="25.02000127834" lon="121.54220316198">
    <tag k="local_x" v="304722.0631"/>
    <tag k="local_y" v="2768101.4524"/>
    <tag k="ele" v="9.0751"/>
  </node>
  <node id="103000056012" lat="25.02000566266" lon="121.54220489266">
    <tag k="local_x" v="304722.2271"/>
    <tag k="local_y" v="2768101.9424"/>
    <tag k="ele" v="9.0621"/>
  </node>
  <node id="103000056013" lat="25.02000940005" lon="121.54220610266">
    <tag k="local_x" v="304722.3401"/>
    <tag k="local_y" v="2768102.3595"/>
    <tag k="ele" v="9.0581"/>
  </node>
  <node id="103000056014" lat="25.02001451401" lon="121.54220743545">
    <tag k="local_x" v="304722.4621"/>
    <tag k="local_y" v="2768102.9295"/>
    <tag k="ele" v="9.0521"/>
  </node>
  <node id="103000056015" lat="25.02001910432" lon="121.54220834958">
    <tag k="local_x" v="304722.5431"/>
    <tag k="local_y" v="2768103.4405"/>
    <tag k="ele" v="9.0401"/>
  </node>
  <node id="103000056016" lat="25.0200220033" lon="121.5422086086">
    <tag k="local_x" v="304722.5621"/>
    <tag k="local_y" v="2768103.7625"/>
    <tag k="ele" v="9.0351"/>
  </node>
  <node id="103000056017" lat="25.02002535163" lon="121.54220850247">
    <tag k="local_x" v="304722.5431"/>
    <tag k="local_y" v="2768104.1335"/>
    <tag k="ele" v="9.0231"/>
  </node>
  <node id="103000056018" lat="25.02002821512" lon="121.542208333">
    <tag k="local_x" v="304722.5189"/>
    <tag k="local_y" v="2768104.4506"/>
    <tag k="ele" v="9.0141"/>
  </node>
  <node id="103000056019" lat="25.02003158489" lon="121.54220792648">
    <tag k="local_x" v="304722.4695"/>
    <tag k="local_y" v="2768104.8233"/>
    <tag k="ele" v="8.9994"/>
  </node>
  <node id="103000056020" lat="25.02003504255" lon="121.54220727861">
    <tag k="local_x" v="304722.3955"/>
    <tag k="local_y" v="2768105.2052"/>
    <tag k="ele" v="8.9844"/>
  </node>
  <node id="103000056021" lat="25.02003957471" lon="121.542206172">
    <tag k="local_x" v="304722.2725"/>
    <tag k="local_y" v="2768105.7052"/>
    <tag k="ele" v="8.9704"/>
  </node>
  <node id="103000056022" lat="25.02004241728" lon="121.54220521211">
    <tag k="local_x" v="304722.1685"/>
    <tag k="local_y" v="2768106.0182"/>
    <tag k="ele" v="8.9604"/>
  </node>
  <node id="103000056023" lat="25.02004593649" lon="121.54220384314">
    <tag k="local_x" v="304722.0215"/>
    <tag k="local_y" v="2768106.4053"/>
    <tag k="ele" v="8.9544"/>
  </node>
  <node id="103000056024" lat="25.02004966817" lon="121.54220218241">
    <tag k="local_x" v="304721.8445"/>
    <tag k="local_y" v="2768106.8153"/>
    <tag k="ele" v="8.9404"/>
  </node>
  <node id="103000056025" lat="25.02005195104" lon="121.54220080298">
    <tag k="local_x" v="304721.6995"/>
    <tag k="local_y" v="2768107.0653"/>
    <tag k="ele" v="8.9344"/>
  </node>
  <node id="10300005402" lat="25.02012504784" lon="121.54190518604">
    <tag k="local_x" v="304691.6543"/>
    <tag k="local_y" v="2768114.5038"/>
    <tag k="ele" v="8.9858"/>
  </node>
  <node id="10300005403" lat="25.02012179233" lon="121.54190147754">
    <tag k="local_x" v="304691.2877"/>
    <tag k="local_y" v="2768114.1345"/>
    <tag k="ele" v="8.9868"/>
  </node>
  <node id="10300005404" lat="25.02011813713" lon="121.54189799782">
    <tag k="local_x" v="304690.9452"/>
    <tag k="local_y" v="2768113.7214"/>
    <tag k="ele" v="8.9878"/>
  </node>
  <node id="10300005405" lat="25.0201143516" lon="121.5418949841">
    <tag k="local_x" v="304690.6501"/>
    <tag k="local_y" v="2768113.2949"/>
    <tag k="ele" v="8.9778"/>
  </node>
  <node id="10300005406" lat="25.02010945682" lon="121.54189227484">
    <tag k="local_x" v="304690.3885"/>
    <tag k="local_y" v="2768112.7461"/>
    <tag k="ele" v="8.9748"/>
  </node>
  <node id="10300005407" lat="25.02010434187" lon="121.54189054709">
    <tag k="local_x" v="304690.2266"/>
    <tag k="local_y" v="2768112.1751"/>
    <tag k="ele" v="8.9754"/>
  </node>
  <node id="10300005408" lat="25.02009959454" lon="121.54188972514">
    <tag k="local_x" v="304690.1553"/>
    <tag k="local_y" v="2768111.6469"/>
    <tag k="ele" v="8.9634"/>
  </node>
  <node id="10300005409" lat="25.02009477588" lon="121.54188943994">
    <tag k="local_x" v="304690.1384"/>
    <tag k="local_y" v="2768111.112"/>
    <tag k="ele" v="8.9614"/>
  </node>
  <node id="103000054010" lat="25.02008949398" lon="121.54188935919">
    <tag k="local_x" v="304690.1433"/>
    <tag k="local_y" v="2768110.5262"/>
    <tag k="ele" v="8.9604"/>
  </node>
  <node id="103000054011" lat="25.02008482217" lon="121.54188948144">
    <tag k="local_x" v="304690.1672"/>
    <tag k="local_y" v="2768110.0085"/>
    <tag k="ele" v="8.9584"/>
  </node>
  <node id="103000054012" lat="25.02007928991" lon="121.54188973706">
    <tag k="local_x" v="304690.2067"/>
    <tag k="local_y" v="2768109.3957"/>
    <tag k="ele" v="8.9604"/>
  </node>
  <node id="103000054013" lat="25.02007483888" lon="121.54188973603">
    <tag k="local_x" v="304690.2176"/>
    <tag k="local_y" v="2768108.9022"/>
    <tag k="ele" v="8.9494"/>
  </node>
  <node id="103000054014" lat="25.02006447552" lon="121.5418914285">
    <tag k="local_x" v="304690.4142"/>
    <tag k="local_y" v="2768107.757"/>
    <tag k="ele" v="8.9314"/>
  </node>
  <node id="103000054015" lat="25.02005465974" lon="121.54189182874">
    <tag k="local_x" v="304690.4789"/>
    <tag k="local_y" v="2768106.6696"/>
    <tag k="ele" v="8.9304"/>
  </node>
  <node id="103000054016" lat="25.02004507278" lon="121.54189117642">
    <tag k="local_x" v="304690.4367"/>
    <tag k="local_y" v="2768105.6052"/>
    <tag k="ele" v="8.9454"/>
  </node>
  <node id="103000054017" lat="25.02004198459" lon="121.54189099691">
    <tag k="local_x" v="304690.4262"/>
    <tag k="local_y" v="2768105.2624"/>
    <tag k="ele" v="8.9324"/>
  </node>
  <node id="103000054018" lat="25.02003890329" lon="121.54189114423">
    <tag k="local_x" v="304690.4487"/>
    <tag k="local_y" v="2768104.9211"/>
    <tag k="ele" v="8.9364"/>
  </node>
  <node id="103000054019" lat="25.02003666435" lon="121.54189169325">
    <tag k="local_x" v="304690.5097"/>
    <tag k="local_y" v="2768104.6741"/>
    <tag k="ele" v="8.9354"/>
  </node>
  <node id="103000054020" lat="25.02003362996" lon="121.54189321663">
    <tag k="local_x" v="304690.6711"/>
    <tag k="local_y" v="2768104.3411"/>
    <tag k="ele" v="8.9334"/>
  </node>
  <node id="103000054021" lat="25.020030847" lon="121.54189528267">
    <tag k="local_x" v="304690.8867"/>
    <tag k="local_y" v="2768104.0372"/>
    <tag k="ele" v="8.9344"/>
  </node>
  <node id="103000054022" lat="25.02002766765" lon="121.54189812496">
    <tag k="local_x" v="304691.1817"/>
    <tag k="local_y" v="2768103.6911"/>
    <tag k="ele" v="8.9364"/>
  </node>
  <node id="103000054023" lat="25.02002413275" lon="121.54190226417">
    <tag k="local_x" v="304691.6086"/>
    <tag k="local_y" v="2768103.3085"/>
    <tag k="ele" v="8.9354"/>
  </node>
  <node id="103000054024" lat="25.02002129182" lon="121.54190594029">
    <tag k="local_x" v="304691.987"/>
    <tag k="local_y" v="2768103.0018"/>
    <tag k="ele" v="8.9364"/>
  </node>
  <node id="103000054025" lat="25.02001858078" lon="121.54190974925">
    <tag k="local_x" v="304692.3785"/>
    <tag k="local_y" v="2768102.7098"/>
    <tag k="ele" v="8.9294"/>
  </node>
  <node id="103000054026" lat="25.02001631045" lon="121.54191361948">
    <tag k="local_x" v="304692.7751"/>
    <tag k="local_y" v="2768102.4668"/>
    <tag k="ele" v="8.9294"/>
  </node>
  <node id="103000054027" lat="25.02001442641" lon="121.54191805349">
    <tag k="local_x" v="304693.2277"/>
    <tag k="local_y" v="2768102.2679"/>
    <tag k="ele" v="8.9349"/>
  </node>
  <node id="103000054028" lat="25.02001310785" lon="121.54192217863">
    <tag k="local_x" v="304693.6477"/>
    <tag k="local_y" v="2768102.131"/>
    <tag k="ele" v="8.9379"/>
  </node>
  <node id="103000054029" lat="25.02001210195" lon="121.54192591945">
    <tag k="local_x" v="304694.0281"/>
    <tag k="local_y" v="2768102.0279"/>
    <tag k="ele" v="8.9429"/>
  </node>
  <node id="103000054030" lat="25.02001152903" lon="121.54193001335">
    <tag k="local_x" v="304694.4431"/>
    <tag k="local_y" v="2768101.9736"/>
    <tag k="ele" v="8.9449"/>
  </node>
  <node id="103000054031" lat="25.02001060646" lon="121.54193444713">
    <tag k="local_x" v="304694.8933"/>
    <tag k="local_y" v="2768101.8813"/>
    <tag k="ele" v="8.9489"/>
  </node>
  <node id="103000054032" lat="25.02000991072" lon="121.54193956946">
    <tag k="local_x" v="304695.4125"/>
    <tag k="local_y" v="2768101.8157"/>
    <tag k="ele" v="8.9539"/>
  </node>
  <node id="103000054033" lat="25.02001004239" lon="121.54194551877">
    <tag k="local_x" v="304696.0132"/>
    <tag k="local_y" v="2768101.8437"/>
    <tag k="ele" v="8.9589"/>
  </node>
  <node id="103000054034" lat="25.02001010497" lon="121.54195073984">
    <tag k="local_x" v="304696.5405"/>
    <tag k="local_y" v="2768101.8624"/>
    <tag k="ele" v="8.9609"/>
  </node>
  <node id="103000054035" lat="25.02001016304" lon="121.54195671606">
    <tag k="local_x" v="304697.1441"/>
    <tag k="local_y" v="2768101.8823"/>
    <tag k="ele" v="8.9659"/>
  </node>
  <node id="103000054037" lat="25.02000957474" lon="121.54196529563">
    <tag k="local_x" v="304698.0123"/>
    <tag k="local_y" v="2768101.8364"/>
    <tag k="ele" v="8.97"/>
  </node>
  <node id="103000054038" lat="25.02000919358" lon="121.54197202528">
    <tag k="local_x" v="304698.6931"/>
    <tag k="local_y" v="2768101.8093"/>
    <tag k="ele" v="8.975"/>
  </node>
  <node id="103000054039" lat="25.02000847152" lon="121.54197604624">
    <tag k="local_x" v="304699.1011"/>
    <tag k="local_y" v="2768101.7383"/>
    <tag k="ele" v="8.978"/>
  </node>
  <node id="103000054040" lat="25.02000751604" lon="121.54198001299">
    <tag k="local_x" v="304699.5042"/>
    <tag k="local_y" v="2768101.6413"/>
    <tag k="ele" v="8.98"/>
  </node>
  <node id="103000054041" lat="25.0200067558" lon="121.54198280559">
    <tag k="local_x" v="304699.7882"/>
    <tag k="local_y" v="2768101.5633"/>
    <tag k="ele" v="8.977"/>
  </node>
  <node id="103000054042" lat="25.02000617852" lon="121.54198458311">
    <tag k="local_x" v="304699.9692"/>
    <tag k="local_y" v="2768101.5033"/>
    <tag k="ele" v="8.981"/>
  </node>
  <node id="103000054043" lat="25.02000298191" lon="121.54199395706">
    <tag k="local_x" v="304700.9241"/>
    <tag k="local_y" v="2768101.17"/>
    <tag k="ele" v="8.994"/>
  </node>
  <node id="103000054044" lat="25.01999809593" lon="121.54200431022">
    <tag k="local_x" v="304701.9821"/>
    <tag k="local_y" v="2768100.6516"/>
    <tag k="ele" v="8.9898"/>
  </node>
  <node id="103000054045" lat="25.01999382428" lon="121.54201226018">
    <tag k="local_x" v="304702.7958"/>
    <tag k="local_y" v="2768100.1959"/>
    <tag k="ele" v="8.9948"/>
  </node>
  <node id="103000054046" lat="25.01998905167" lon="121.54202049582">
    <tag k="local_x" v="304703.6396"/>
    <tag k="local_y" v="2768099.6853"/>
    <tag k="ele" v="9.0008"/>
  </node>
  <node id="103000054047" lat="25.01998478864" lon="121.54202691171">
    <tag k="local_x" v="304704.2983"/>
    <tag k="local_y" v="2768099.2271"/>
    <tag k="ele" v="9.0058"/>
  </node>
  <node id="103000054048" lat="25.01997785184" lon="121.54203539135">
    <tag k="local_x" v="304705.1721"/>
    <tag k="local_y" v="2768098.4771"/>
    <tag k="ele" v="9.0201"/>
  </node>
  <node id="103000054049" lat="25.01997565717" lon="121.54203828941">
    <tag k="local_x" v="304705.4703"/>
    <tag k="local_y" v="2768098.2403"/>
    <tag k="ele" v="9.0321"/>
  </node>
  <node id="103000054050" lat="25.01997093995" lon="121.54204450907">
    <tag k="local_x" v="304706.1103"/>
    <tag k="local_y" v="2768097.7313"/>
    <tag k="ele" v="9.0511"/>
  </node>
  <node id="103000054051" lat="25.01996690845" lon="121.54204933992">
    <tag k="local_x" v="304706.6083"/>
    <tag k="local_y" v="2768097.2952"/>
    <tag k="ele" v="9.0541"/>
  </node>
  <node id="103000054052" lat="25.0199617998" lon="121.54205529264">
    <tag k="local_x" v="304707.2223"/>
    <tag k="local_y" v="2768096.7422"/>
    <tag k="ele" v="9.0681"/>
  </node>
  <node id="103000054053" lat="25.01995681377" lon="121.5420609811">
    <tag k="local_x" v="304707.8093"/>
    <tag k="local_y" v="2768096.2022"/>
    <tag k="ele" v="9.0851"/>
  </node>
  <node id="103000054054" lat="25.01995223876" lon="121.54206601642">
    <tag k="local_x" v="304708.3293"/>
    <tag k="local_y" v="2768095.7063"/>
    <tag k="ele" v="9.0841"/>
  </node>
  <node id="103000054055" lat="25.01994672086" lon="121.54207160277">
    <tag k="local_x" v="304708.9073"/>
    <tag k="local_y" v="2768095.1071"/>
    <tag k="ele" v="9.0961"/>
  </node>
  <node id="103000054056" lat="25.01994525675" lon="121.54207605497">
    <tag k="local_x" v="304709.3607"/>
    <tag k="local_y" v="2768094.9548"/>
    <tag k="ele" v="9.1121"/>
  </node>
  <node id="103000054057" lat="25.01994403377" lon="121.5420794262">
    <tag k="local_x" v="304709.7043"/>
    <tag k="local_y" v="2768094.8268"/>
    <tag k="ele" v="9.1161"/>
  </node>
  <node id="103000054058" lat="25.01994269369" lon="121.54208305687">
    <tag k="local_x" v="304710.0744"/>
    <tag k="local_y" v="2768094.6864"/>
    <tag k="ele" v="9.1211"/>
  </node>
  <node id="103000054059" lat="25.01994032582" lon="121.5420881759">
    <tag k="local_x" v="304710.5974"/>
    <tag k="local_y" v="2768094.4354"/>
    <tag k="ele" v="9.1241"/>
  </node>
  <node id="103000054060" lat="25.01993818011" lon="121.54209345873">
    <tag k="local_x" v="304711.1364"/>
    <tag k="local_y" v="2768094.2094"/>
    <tag k="ele" v="9.1381"/>
  </node>
  <node id="103000054061" lat="25.01993604231" lon="121.54210012756">
    <tag k="local_x" v="304711.8154"/>
    <tag k="local_y" v="2768093.9874"/>
    <tag k="ele" v="9.1521"/>
  </node>
  <node id="103000054062" lat="25.01993438639" lon="121.54210571934">
    <tag k="local_x" v="304712.3844"/>
    <tag k="local_y" v="2768093.8164"/>
    <tag k="ele" v="9.1611"/>
  </node>
  <node id="103000054063" lat="25.01993287677" lon="121.54211241146">
    <tag k="local_x" v="304713.0642"/>
    <tag k="local_y" v="2768093.6641"/>
    <tag k="ele" v="9.1661"/>
  </node>
  <node id="103000054064" lat="25.0199320287" lon="121.54211886043">
    <tag k="local_x" v="304713.7178"/>
    <tag k="local_y" v="2768093.5846"/>
    <tag k="ele" v="9.1731"/>
  </node>
  <node id="103000054065" lat="25.01993203938" lon="121.54212508197">
    <tag k="local_x" v="304714.3463"/>
    <tag k="local_y" v="2768093.5998"/>
    <tag k="ele" v="9.1751"/>
  </node>
  <node id="103000054066" lat="25.01993254413" lon="121.54213113543">
    <tag k="local_x" v="304714.9566"/>
    <tag k="local_y" v="2768093.6694"/>
    <tag k="ele" v="9.1781"/>
  </node>
  <node id="103000054067" lat="25.01993382313" lon="121.54213819078">
    <tag k="local_x" v="304715.6662"/>
    <tag k="local_y" v="2768093.8271"/>
    <tag k="ele" v="9.1751"/>
  </node>
  <node id="103000054068" lat="25.0199357539" lon="121.54214450781">
    <tag k="local_x" v="304716.2996"/>
    <tag k="local_y" v="2768094.0554"/>
    <tag k="ele" v="9.1801"/>
  </node>
  <node id="103000054069" lat="25.01993847496" lon="121.54215086001">
    <tag k="local_x" v="304716.9346"/>
    <tag k="local_y" v="2768094.3714"/>
    <tag k="ele" v="9.1771"/>
  </node>
  <node id="103000054070" lat="25.01994104026" lon="121.54215555533">
    <tag k="local_x" v="304717.4026"/>
    <tag k="local_y" v="2768094.6664"/>
    <tag k="ele" v="9.1791"/>
  </node>
  <node id="103000054071" lat="25.01994344414" lon="121.54215922913">
    <tag k="local_x" v="304717.7678"/>
    <tag k="local_y" v="2768094.9412"/>
    <tag k="ele" v="9.1741"/>
  </node>
  <node id="103000054072" lat="25.01994552719" lon="121.54216191314">
    <tag k="local_x" v="304718.0338"/>
    <tag k="local_y" v="2768095.1782"/>
    <tag k="ele" v="9.1691"/>
  </node>
  <node id="103000054073" lat="25.01994662031" lon="121.54216315742">
    <tag k="local_x" v="304718.1568"/>
    <tag k="local_y" v="2768095.3022"/>
    <tag k="ele" v="9.1691"/>
  </node>
  <node id="10300001102" lat="25.02003683006" lon="121.54227928325">
    <tag k="local_x" v="304729.6653"/>
    <tag k="local_y" v="2768105.5656"/>
    <tag k="ele" v="8.9327"/>
  </node>
  <node id="10300001103" lat="25.02003601405" lon="121.54226884004">
    <tag k="local_x" v="304728.6123"/>
    <tag k="local_y" v="2768105.4516"/>
    <tag k="ele" v="8.9327"/>
  </node>
  <node id="10300001104" lat="25.02003542428" lon="121.54225747191">
    <tag k="local_x" v="304727.4653"/>
    <tag k="local_y" v="2768105.3606"/>
    <tag k="ele" v="8.9297"/>
  </node>
  <node id="10300001105" lat="25.02003510226" lon="121.54225023804">
    <tag k="local_x" v="304726.7353"/>
    <tag k="local_y" v="2768105.3086"/>
    <tag k="ele" v="8.9447"/>
  </node>
  <node id="10300001106" lat="25.02003502961" lon="121.5422436042">
    <tag k="local_x" v="304726.0653"/>
    <tag k="local_y" v="2768105.2856"/>
    <tag k="ele" v="8.9498"/>
  </node>
  <node id="10300001107" lat="25.02003545881" lon="121.54223606405">
    <tag k="local_x" v="304725.3025"/>
    <tag k="local_y" v="2768105.3162"/>
    <tag k="ele" v="8.9524"/>
  </node>
  <node id="10300001108" lat="25.02003593024" lon="121.54223110648">
    <tag k="local_x" v="304724.8005"/>
    <tag k="local_y" v="2768105.3573"/>
    <tag k="ele" v="8.9604"/>
  </node>
  <node id="10300001109" lat="25.02003669102" lon="121.54222651235">
    <tag k="local_x" v="304724.3345"/>
    <tag k="local_y" v="2768105.4313"/>
    <tag k="ele" v="8.9614"/>
  </node>
  <node id="103000011010" lat="25.0200375506" lon="121.54222278182">
    <tag k="local_x" v="304723.9555"/>
    <tag k="local_y" v="2768105.5182"/>
    <tag k="ele" v="8.9574"/>
  </node>
  <node id="103000011011" lat="25.02003922909" lon="121.54221829923">
    <tag k="local_x" v="304723.4985"/>
    <tag k="local_y" v="2768105.6942"/>
    <tag k="ele" v="8.9574"/>
  </node>
  <node id="103000011012" lat="25.02004109984" lon="121.54221456375">
    <tag k="local_x" v="304723.1165"/>
    <tag k="local_y" v="2768105.8932"/>
    <tag k="ele" v="8.9584"/>
  </node>
  <node id="103000011013" lat="25.02004331615" lon="121.54221113368">
    <tag k="local_x" v="304722.7645"/>
    <tag k="local_y" v="2768106.1312"/>
    <tag k="ele" v="8.9494"/>
  </node>
  <node id="103000011014" lat="25.02004597739" lon="121.54220755612">
    <tag k="local_x" v="304722.3965"/>
    <tag k="local_y" v="2768106.4182"/>
    <tag k="ele" v="8.9454"/>
  </node>
  <node id="103000011015" lat="25.02004890356" lon="121.5422043018">
    <tag k="local_x" v="304722.0605"/>
    <tag k="local_y" v="2768106.7353"/>
    <tag k="ele" v="8.9424"/>
  </node>
  <node id="103000011016" lat="25.02005208375" lon="121.54220088542">
    <tag k="local_x" v="304721.7075"/>
    <tag k="local_y" v="2768107.0802"/>
    <tag k="ele" v="8.9314"/>
  </node>
  <node id="10300003002" lat="25.02060503034" lon="121.54262594863">
    <tag k="local_x" v="304763.2819"/>
    <tag k="local_y" v="2768169.3445"/>
    <tag k="ele" v="9.0101"/>
  </node>
  <node id="10300003003" lat="25.02060145841" lon="121.54262906836">
    <tag k="local_x" v="304763.6059"/>
    <tag k="local_y" v="2768168.9555"/>
    <tag k="ele" v="9.0161"/>
  </node>
  <node id="10300003004" lat="25.02059850837" lon="121.54263132233">
    <tag k="local_x" v="304763.8409"/>
    <tag k="local_y" v="2768168.6335"/>
    <tag k="ele" v="9.0181"/>
  </node>
  <node id="10300003005" lat="25.02059558719" lon="121.54263348793">
    <tag k="local_x" v="304764.0669"/>
    <tag k="local_y" v="2768168.3145"/>
    <tag k="ele" v="9.0171"/>
  </node>
  <node id="10300003006" lat="25.0205926534" lon="121.54263538595">
    <tag k="local_x" v="304764.2659"/>
    <tag k="local_y" v="2768167.9935"/>
    <tag k="ele" v="9.0191"/>
  </node>
  <node id="10300003007" lat="25.02058866461" lon="121.54263820346">
    <tag k="local_x" v="304764.5604"/>
    <tag k="local_y" v="2768167.5576"/>
    <tag k="ele" v="9.0221"/>
  </node>
  <node id="10300003008" lat="25.02058577701" lon="121.54264124591">
    <tag k="local_x" v="304764.8749"/>
    <tag k="local_y" v="2768167.2443"/>
    <tag k="ele" v="9.0221"/>
  </node>
  <node id="10300003009" lat="25.02058232324" lon="121.5426454752">
    <tag k="local_x" v="304765.3107"/>
    <tag k="local_y" v="2768166.8709"/>
    <tag k="ele" v="9.0171"/>
  </node>
  <node id="103000030010" lat="25.02057905203" lon="121.54264986338">
    <tag k="local_x" v="304765.7621"/>
    <tag k="local_y" v="2768166.5181"/>
    <tag k="ele" v="9.0059"/>
  </node>
  <node id="103000030011" lat="25.02057592532" lon="121.54265481931">
    <tag k="local_x" v="304766.2705"/>
    <tag k="local_y" v="2768166.1826"/>
    <tag k="ele" v="8.9939"/>
  </node>
  <node id="103000030012" lat="25.02057276551" lon="121.54266091576">
    <tag k="local_x" v="304766.8942"/>
    <tag k="local_y" v="2768165.846"/>
    <tag k="ele" v="8.987"/>
  </node>
  <node id="103000030013" lat="25.02057003665" lon="121.54266786413">
    <tag k="local_x" v="304767.6029"/>
    <tag k="local_y" v="2768165.5591"/>
    <tag k="ele" v="8.979"/>
  </node>
  <node id="103000030014" lat="25.02056772411" lon="121.54267554134">
    <tag k="local_x" v="304768.3842"/>
    <tag k="local_y" v="2768165.32"/>
    <tag k="ele" v="8.972"/>
  </node>
  <node id="103000030015" lat="25.02056606844" lon="121.54268165183">
    <tag k="local_x" v="304769.0056"/>
    <tag k="local_y" v="2768165.1502"/>
    <tag k="ele" v="8.972"/>
  </node>
  <node id="103000030016" lat="25.02056459002" lon="121.54268654121">
    <tag k="local_x" v="304769.5032"/>
    <tag k="local_y" v="2768164.9973"/>
    <tag k="ele" v="8.969"/>
  </node>
  <node id="103000030017" lat="25.02056281728" lon="121.54269211035">
    <tag k="local_x" v="304770.0702"/>
    <tag k="local_y" v="2768164.8133"/>
    <tag k="ele" v="8.956"/>
  </node>
  <node id="103000030018" lat="25.02056114032" lon="121.54269740467">
    <tag k="local_x" v="304770.6092"/>
    <tag k="local_y" v="2768164.6393"/>
    <tag k="ele" v="8.945"/>
  </node>
  <node id="103000030019" lat="25.02055952641" lon="121.54270177105">
    <tag k="local_x" v="304771.0543"/>
    <tag k="local_y" v="2768164.4702"/>
    <tag k="ele" v="8.9459"/>
  </node>
  <node id="103000030020" lat="25.02055735265" lon="121.54270670181">
    <tag k="local_x" v="304771.5578"/>
    <tag k="local_y" v="2768164.2403"/>
    <tag k="ele" v="8.9559"/>
  </node>
  <node id="103000030021" lat="25.02055537321" lon="121.5427103703">
    <tag k="local_x" v="304771.9333"/>
    <tag k="local_y" v="2768164.0291"/>
    <tag k="ele" v="8.9579"/>
  </node>
  <node id="103000030022" lat="25.02055285726" lon="121.54271438696">
    <tag k="local_x" v="304772.3453"/>
    <tag k="local_y" v="2768163.7592"/>
    <tag k="ele" v="8.9469"/>
  </node>
  <node id="103000030023" lat="25.0205507086" lon="121.54271719507">
    <tag k="local_x" v="304772.6343"/>
    <tag k="local_y" v="2768163.5273"/>
    <tag k="ele" v="8.9429"/>
  </node>
  <node id="103000030024" lat="25.02054852513" lon="121.54271940841">
    <tag k="local_x" v="304772.8633"/>
    <tag k="local_y" v="2768163.2902"/>
    <tag k="ele" v="8.9439"/>
  </node>
  <node id="103000030025" lat="25.02054612215" lon="121.54272097297">
    <tag k="local_x" v="304773.0273"/>
    <tag k="local_y" v="2768163.0273"/>
    <tag k="ele" v="8.9409"/>
  </node>
  <node id="103000030026" lat="25.02054391149" lon="121.54272190575">
    <tag k="local_x" v="304773.127"/>
    <tag k="local_y" v="2768162.7843"/>
    <tag k="ele" v="8.9429"/>
  </node>
  <node id="10300006602" lat="25.02061256466" lon="121.54263471419">
    <tag k="local_x" v="304764.1488"/>
    <tag k="local_y" v="2768170.1996"/>
    <tag k="ele" v="9.0068"/>
  </node>
  <node id="10300006603" lat="25.02061513769" lon="121.54263459009">
    <tag k="local_x" v="304764.1299"/>
    <tag k="local_y" v="2768170.4846"/>
    <tag k="ele" v="9.0091"/>
  </node>
  <node id="10300006604" lat="25.02061870805" lon="121.54263376681">
    <tag k="local_x" v="304764.0379"/>
    <tag k="local_y" v="2768170.8786"/>
    <tag k="ele" v="9.0151"/>
  </node>
  <node id="10300006605" lat="25.02062166459" lon="121.5426329681">
    <tag k="local_x" v="304763.9499"/>
    <tag k="local_y" v="2768171.2046"/>
    <tag k="ele" v="9.0191"/>
  </node>
  <node id="10300006606" lat="25.02062278287" lon="121.54263253023">
    <tag k="local_x" v="304763.9029"/>
    <tag k="local_y" v="2768171.3276"/>
    <tag k="ele" v="9.0181"/>
  </node>
  <node id="10300006607" lat="25.02062375913" lon="121.54263198001">
    <tag k="local_x" v="304763.8449"/>
    <tag k="local_y" v="2768171.4346"/>
    <tag k="ele" v="9.0191"/>
  </node>
  <node id="10300006608" lat="25.0206246765" lon="121.54263122047">
    <tag k="local_x" v="304763.7659"/>
    <tag k="local_y" v="2768171.5346"/>
    <tag k="ele" v="9.0201"/>
  </node>
  <node id="10300006609" lat="25.02062531943" lon="121.54263020674">
    <tag k="local_x" v="304763.6619"/>
    <tag k="local_y" v="2768171.6036"/>
    <tag k="ele" v="9.0211"/>
  </node>
  <node id="103000066010" lat="25.02062557855" lon="121.54262899555">
    <tag k="local_x" v="304763.5389"/>
    <tag k="local_y" v="2768171.6296"/>
    <tag k="ele" v="9.0241"/>
  </node>
  <node id="103000066011" lat="25.02062558746" lon="121.54262766935">
    <tag k="local_x" v="304763.4049"/>
    <tag k="local_y" v="2768171.6276"/>
    <tag k="ele" v="9.0251"/>
  </node>
  <node id="103000066012" lat="25.02062530207" lon="121.54262662301">
    <tag k="local_x" v="304763.2999"/>
    <tag k="local_y" v="2768171.5936"/>
    <tag k="ele" v="9.0261"/>
  </node>
  <node id="10300003602" lat="25.02054935715" lon="121.54273678408">
    <tag k="local_x" v="304774.6166"/>
    <tag k="local_y" v="2768163.4216"/>
    <tag k="ele" v="8.9519"/>
  </node>
  <node id="10300003603" lat="25.02055116559" lon="121.54273553855">
    <tag k="local_x" v="304774.4863"/>
    <tag k="local_y" v="2768163.6193"/>
    <tag k="ele" v="8.9529"/>
  </node>
  <node id="10300003604" lat="25.02055295627" lon="121.5427339689">
    <tag k="local_x" v="304774.3233"/>
    <tag k="local_y" v="2768163.8143"/>
    <tag k="ele" v="8.9549"/>
  </node>
  <node id="10300003605" lat="25.02055548445" lon="121.54273117008">
    <tag k="local_x" v="304774.0343"/>
    <tag k="local_y" v="2768164.0883"/>
    <tag k="ele" v="8.9609"/>
  </node>
  <node id="10300003606" lat="25.02055901674" lon="121.54272640621">
    <tag k="local_x" v="304773.5443"/>
    <tag k="local_y" v="2768164.4692"/>
    <tag k="ele" v="8.9639"/>
  </node>
  <node id="10300003607" lat="25.02056332483" lon="121.54271994886">
    <tag k="local_x" v="304772.8813"/>
    <tag k="local_y" v="2768164.9323"/>
    <tag k="ele" v="8.9649"/>
  </node>
  <node id="10300003608" lat="25.02056720781" lon="121.54271208638">
    <tag k="local_x" v="304772.0774"/>
    <tag k="local_y" v="2768165.3451"/>
    <tag k="ele" v="8.9659"/>
  </node>
  <node id="10300003609" lat="25.02057023547" lon="121.54270481471">
    <tag k="local_x" v="304771.3353"/>
    <tag k="local_y" v="2768165.6644"/>
    <tag k="ele" v="8.9649"/>
  </node>
  <node id="103000036010" lat="25.02057235632" lon="121.54269764952">
    <tag k="local_x" v="304770.6062"/>
    <tag k="local_y" v="2768165.8834"/>
    <tag k="ele" v="8.964"/>
  </node>
  <node id="103000036011" lat="25.02057449642" lon="121.54268891587">
    <tag k="local_x" v="304769.7186"/>
    <tag k="local_y" v="2768166.101"/>
    <tag k="ele" v="8.963"/>
  </node>
  <node id="103000036012" lat="25.02057646904" lon="121.54268136694">
    <tag k="local_x" v="304768.9511"/>
    <tag k="local_y" v="2768166.3027"/>
    <tag k="ele" v="8.969"/>
  </node>
  <node id="103000036013" lat="25.02057912121" lon="121.5426725112">
    <tag k="local_x" v="304768.0499"/>
    <tag k="local_y" v="2768166.5768"/>
    <tag k="ele" v="8.976"/>
  </node>
  <node id="103000036014" lat="25.02058120719" lon="121.54266644093">
    <tag k="local_x" v="304767.4315"/>
    <tag k="local_y" v="2768166.7944"/>
    <tag k="ele" v="8.9817"/>
  </node>
  <node id="103000036015" lat="25.02058408607" lon="121.54266085333">
    <tag k="local_x" v="304766.8599"/>
    <tag k="local_y" v="2768167.101"/>
    <tag k="ele" v="8.988"/>
  </node>
  <node id="103000036016" lat="25.02058818467" lon="121.54265507386">
    <tag k="local_x" v="304766.2659"/>
    <tag k="local_y" v="2768167.5424"/>
    <tag k="ele" v="8.9959"/>
  </node>
  <node id="103000036017" lat="25.02059141722" lon="121.54265116779">
    <tag k="local_x" v="304765.8633"/>
    <tag k="local_y" v="2768167.892"/>
    <tag k="ele" v="8.9994"/>
  </node>
  <node id="103000036018" lat="25.02059496237" lon="121.54264745744">
    <tag k="local_x" v="304765.4797"/>
    <tag k="local_y" v="2768168.2767"/>
    <tag k="ele" v="9.0029"/>
  </node>
  <node id="103000036019" lat="25.02059649486" lon="121.54264603194">
    <tag k="local_x" v="304765.3319"/>
    <tag k="local_y" v="2768168.4434"/>
    <tag k="ele" v="9.0049"/>
  </node>
  <node id="103000036020" lat="25.02060113939" lon="121.54264250292">
    <tag k="local_x" v="304764.9639"/>
    <tag k="local_y" v="2768168.9504"/>
    <tag k="ele" v="8.9919"/>
  </node>
  <node id="103000036021" lat="25.02060705227" lon="121.5426382972">
    <tag k="local_x" v="304764.5244"/>
    <tag k="local_y" v="2768169.5965"/>
    <tag k="ele" v="9.0029"/>
  </node>
  <node id="103000036022" lat="25.02061059783" lon="121.54263598653">
    <tag k="local_x" v="304764.2822"/>
    <tag k="local_y" v="2768169.9844"/>
    <tag k="ele" v="9.0054"/>
  </node>
  <node id="10300006702" lat="25.02055405646" lon="121.54275124125">
    <tag k="local_x" v="304776.0655"/>
    <tag k="local_y" v="2768163.9752"/>
    <tag k="ele" v="8.9734"/>
  </node>
  <node id="10300006703" lat="25.02055651021" lon="121.54274859899">
    <tag k="local_x" v="304775.7925"/>
    <tag k="local_y" v="2768164.2413"/>
    <tag k="ele" v="8.9744"/>
  </node>
  <node id="10300006704" lat="25.02056010526" lon="121.54274434148">
    <tag k="local_x" v="304775.3535"/>
    <tag k="local_y" v="2768164.6303"/>
    <tag k="ele" v="8.9704"/>
  </node>
  <node id="10300006705" lat="25.02056364298" lon="121.54273984303">
    <tag k="local_x" v="304774.8903"/>
    <tag k="local_y" v="2768165.0124"/>
    <tag k="ele" v="8.9714"/>
  </node>
  <node id="10300006706" lat="25.02056716987" lon="121.54273490085">
    <tag k="local_x" v="304774.3823"/>
    <tag k="local_y" v="2768165.3923"/>
    <tag k="ele" v="8.9719"/>
  </node>
  <node id="10300006707" lat="25.02057049226" lon="121.54272945873">
    <tag k="local_x" v="304773.8243"/>
    <tag k="local_y" v="2768165.7484"/>
    <tag k="ele" v="8.9679"/>
  </node>
  <node id="10300006708" lat="25.02057321133" lon="121.54272436809">
    <tag k="local_x" v="304773.3033"/>
    <tag k="local_y" v="2768166.0384"/>
    <tag k="ele" v="8.9719"/>
  </node>
  <node id="10300006709" lat="25.02057575835" lon="121.5427188674">
    <tag k="local_x" v="304772.7413"/>
    <tag k="local_y" v="2768166.3084"/>
    <tag k="ele" v="8.9779"/>
  </node>
  <node id="103000067010" lat="25.02057837332" lon="121.54271268536">
    <tag k="local_x" v="304772.1103"/>
    <tag k="local_y" v="2768166.5844"/>
    <tag k="ele" v="8.9809"/>
  </node>
  <node id="103000067011" lat="25.02058042288" lon="121.54270769712">
    <tag k="local_x" v="304771.6013"/>
    <tag k="local_y" v="2768166.8004"/>
    <tag k="ele" v="8.9729"/>
  </node>
  <node id="103000067012" lat="25.02058198419" lon="121.54270321165">
    <tag k="local_x" v="304771.1443"/>
    <tag k="local_y" v="2768166.9634"/>
    <tag k="ele" v="8.9619"/>
  </node>
  <node id="103000067013" lat="25.02058269548" lon="121.54269927851">
    <tag k="local_x" v="304770.7452"/>
    <tag k="local_y" v="2768167.0334"/>
    <tag k="ele" v="8.957"/>
  </node>
  <node id="103000067014" lat="25.02058353154" lon="121.54269541871">
    <tag k="local_x" v="304770.3532"/>
    <tag k="local_y" v="2768167.1174"/>
    <tag k="ele" v="8.957"/>
  </node>
  <node id="103000067015" lat="25.02058440206" lon="121.54269163894">
    <tag k="local_x" v="304769.9692"/>
    <tag k="local_y" v="2768167.2054"/>
    <tag k="ele" v="8.961"/>
  </node>
  <node id="103000067016" lat="25.02058553847" lon="121.54268720246">
    <tag k="local_x" v="304769.5182"/>
    <tag k="local_y" v="2768167.3214"/>
    <tag k="ele" v="8.964"/>
  </node>
  <node id="103000067017" lat="25.02058777178" lon="121.54268058346">
    <tag k="local_x" v="304768.844"/>
    <tag k="local_y" v="2768167.5541"/>
    <tag k="ele" v="8.981"/>
  </node>
  <node id="103000067018" lat="25.02059069464" lon="121.54267336465">
    <tag k="local_x" v="304768.1075"/>
    <tag k="local_y" v="2768167.8619"/>
    <tag k="ele" v="8.953"/>
  </node>
  <node id="103000067019" lat="25.0205945168" lon="121.54266600948">
    <tag k="local_x" v="304767.355"/>
    <tag k="local_y" v="2768168.2691"/>
    <tag k="ele" v="8.97"/>
  </node>
  <node id="103000067020" lat="25.0205986705" lon="121.54265973741">
    <tag k="local_x" v="304766.7111"/>
    <tag k="local_y" v="2768168.7155"/>
    <tag k="ele" v="8.972"/>
  </node>
  <node id="103000067021" lat="25.02060238651" lon="121.54265525321">
    <tag k="local_x" v="304766.2489"/>
    <tag k="local_y" v="2768169.1174"/>
    <tag k="ele" v="8.9699"/>
  </node>
  <node id="103000067022" lat="25.02060493169" lon="121.54265294973">
    <tag k="local_x" v="304766.0099"/>
    <tag k="local_y" v="2768169.3944"/>
    <tag k="ele" v="8.9769"/>
  </node>
  <node id="103000067023" lat="25.0206072845" lon="121.54265123547">
    <tag k="local_x" v="304765.8309"/>
    <tag k="local_y" v="2768169.6514"/>
    <tag k="ele" v="8.9739"/>
  </node>
  <node id="103000067024" lat="25.0206096822" lon="121.5426496203">
    <tag k="local_x" v="304765.6618"/>
    <tag k="local_y" v="2768169.9136"/>
    <tag k="ele" v="8.9778"/>
  </node>
  <node id="103000067025" lat="25.02061295154" lon="121.5426476315">
    <tag k="local_x" v="304765.4528"/>
    <tag k="local_y" v="2768170.2716"/>
    <tag k="ele" v="8.9828"/>
  </node>
  <node id="103000067026" lat="25.02061582239" lon="121.54264616748">
    <tag k="local_x" v="304765.2978"/>
    <tag k="local_y" v="2768170.5866"/>
    <tag k="ele" v="8.9808"/>
  </node>
  <node id="10300003102" lat="25.02054159822" lon="121.54272225101">
    <tag k="local_x" v="304773.1676"/>
    <tag k="local_y" v="2768162.5286"/>
    <tag k="ele" v="8.9389"/>
  </node>
  <node id="10300003103" lat="25.02053904317" lon="121.54272206672">
    <tag k="local_x" v="304773.1553"/>
    <tag k="local_y" v="2768162.2449"/>
    <tag k="ele" v="8.9339"/>
  </node>
  <node id="10300003104" lat="25.02053521628" lon="121.54272228782">
    <tag k="local_x" v="304773.1871"/>
    <tag k="local_y" v="2768161.8211"/>
    <tag k="ele" v="8.9339"/>
  </node>
  <node id="10300003105" lat="25.02053170024" lon="121.54272270163">
    <tag k="local_x" v="304773.2376"/>
    <tag k="local_y" v="2768161.4322"/>
    <tag k="ele" v="8.9574"/>
  </node>
  <node id="10300003106" lat="25.02052582562" lon="121.54272373775">
    <tag k="local_x" v="304773.3568"/>
    <tag k="local_y" v="2768160.7832"/>
    <tag k="ele" v="8.9734"/>
  </node>
  <node id="10300003107" lat="25.02051944878" lon="121.54272525453">
    <tag k="local_x" v="304773.5258"/>
    <tag k="local_y" v="2768160.0796"/>
    <tag k="ele" v="8.9794"/>
  </node>
  <node id="10300003108" lat="25.02051304959" lon="121.54272627286">
    <tag k="local_x" v="304773.6445"/>
    <tag k="local_y" v="2768159.3724"/>
    <tag k="ele" v="8.9864"/>
  </node>
  <node id="10300003109" lat="25.02050657392" lon="121.54272732693">
    <tag k="local_x" v="304773.767"/>
    <tag k="local_y" v="2768158.6568"/>
    <tag k="ele" v="8.9954"/>
  </node>
  <node id="103000031010" lat="25.02049983805" lon="121.54272818062">
    <tag k="local_x" v="304773.8699"/>
    <tag k="local_y" v="2768157.9119"/>
    <tag k="ele" v="9.0014"/>
  </node>
  <node id="103000031011" lat="25.02049180695" lon="121.5427289927">
    <tag k="local_x" v="304773.9718"/>
    <tag k="local_y" v="2768157.0233"/>
    <tag k="ele" v="9.0121"/>
  </node>
  <node id="103000031012" lat="25.02048772621" lon="121.5427290116">
    <tag k="local_x" v="304773.9838"/>
    <tag k="local_y" v="2768156.5709"/>
    <tag k="ele" v="9.0291"/>
  </node>
  <node id="103000031013" lat="25.02048180101" lon="121.54272867551">
    <tag k="local_x" v="304773.9645"/>
    <tag k="local_y" v="2768155.9132"/>
    <tag k="ele" v="9.0291"/>
  </node>
  <node id="10300006102" lat="25.0201586096" lon="121.54196339457">
    <tag k="local_x" v="304697.4518"/>
    <tag k="local_y" v="2768118.356"/>
    <tag k="ele" v="8.9308"/>
  </node>
  <node id="10300006103" lat="25.02016452589" lon="121.54196740971">
    <tag k="local_x" v="304697.8428"/>
    <tag k="local_y" v="2768119.021"/>
    <tag k="ele" v="8.9498"/>
  </node>
  <node id="10300006104" lat="25.02016731807" lon="121.54196910736">
    <tag k="local_x" v="304698.0074"/>
    <tag k="local_y" v="2768119.3344"/>
    <tag k="ele" v="8.9498"/>
  </node>
  <node id="10300006105" lat="25.02016990309" lon="121.54197039112">
    <tag k="local_x" v="304698.1307"/>
    <tag k="local_y" v="2768119.6239"/>
    <tag k="ele" v="8.9718"/>
  </node>
  <node id="10300006106" lat="25.02017296854" lon="121.54197129069">
    <tag k="local_x" v="304698.214"/>
    <tag k="local_y" v="2768119.9658"/>
    <tag k="ele" v="8.9798"/>
  </node>
  <node id="10300006107" lat="25.02017666821" lon="121.54197191575">
    <tag k="local_x" v="304698.268"/>
    <tag k="local_y" v="2768120.3774"/>
    <tag k="ele" v="8.9848"/>
  </node>
  <node id="10300006108" lat="25.02018050684" lon="121.54197209383">
    <tag k="local_x" v="304698.2765"/>
    <tag k="local_y" v="2768120.8034"/>
    <tag k="ele" v="8.9809"/>
  </node>
  <node id="10300006109" lat="25.02018406453" lon="121.54197207101">
    <tag k="local_x" v="304698.2654"/>
    <tag k="local_y" v="2768121.1978"/>
    <tag k="ele" v="8.9809"/>
  </node>
  <node id="103000061010" lat="25.02018768304" lon="121.54197162999">
    <tag k="local_x" v="304698.2119"/>
    <tag k="local_y" v="2768121.598"/>
    <tag k="ele" v="8.9789"/>
  </node>
  <node id="103000061011" lat="25.02019125514" lon="121.54197049888">
    <tag k="local_x" v="304698.0888"/>
    <tag k="local_y" v="2768121.9915"/>
    <tag k="ele" v="8.9799"/>
  </node>
  <node id="103000061012" lat="25.02019447764" lon="121.54196912859">
    <tag k="local_x" v="304697.9424"/>
    <tag k="local_y" v="2768122.3457"/>
    <tag k="ele" v="8.9779"/>
  </node>
  <node id="103000061013" lat="25.0201966627" lon="121.54196843471">
    <tag k="local_x" v="304697.8669"/>
    <tag k="local_y" v="2768122.5864"/>
    <tag k="ele" v="8.9749"/>
  </node>
  <node id="103000061014" lat="25.02019880308" lon="121.54196785358">
    <tag k="local_x" v="304697.8029"/>
    <tag k="local_y" v="2768122.8224"/>
    <tag k="ele" v="8.9679"/>
  </node>
  <node id="103000061015" lat="25.02020050172" lon="121.54196726164">
    <tag k="local_x" v="304697.7389"/>
    <tag k="local_y" v="2768123.0094"/>
    <tag k="ele" v="8.9619"/>
  </node>
  <node id="103000061016" lat="25.02020295535" lon="121.54196622293">
    <tag k="local_x" v="304697.6279"/>
    <tag k="local_y" v="2768123.2791"/>
    <tag k="ele" v="8.9579"/>
  </node>
  <node id="103000061017" lat="25.02020562775" lon="121.54196489263">
    <tag k="local_x" v="304697.4869"/>
    <tag k="local_y" v="2768123.5724"/>
    <tag k="ele" v="8.9539"/>
  </node>
  <node id="103000061018" lat="25.02020875785" lon="121.54196309838">
    <tag k="local_x" v="304697.2979"/>
    <tag k="local_y" v="2768123.9154"/>
    <tag k="ele" v="8.9469"/>
  </node>
  <node id="103000061019" lat="25.02021256561" lon="121.54196066742">
    <tag k="local_x" v="304697.0429"/>
    <tag k="local_y" v="2768124.3321"/>
    <tag k="ele" v="8.946"/>
  </node>
  <node id="103000061020" lat="25.02021678562" lon="121.54195778922">
    <tag k="local_x" v="304696.7417"/>
    <tag k="local_y" v="2768124.7935"/>
    <tag k="ele" v="8.946"/>
  </node>
  <node id="103000061021" lat="25.02022029217" lon="121.54195513411">
    <tag k="local_x" v="304696.4648"/>
    <tag k="local_y" v="2768125.1763"/>
    <tag k="ele" v="8.938"/>
  </node>
  <node id="103000061022" lat="25.02022403524" lon="121.54195189185">
    <tag k="local_x" v="304696.128"/>
    <tag k="local_y" v="2768125.584"/>
    <tag k="ele" v="8.942"/>
  </node>
  <node id="103000061023" lat="25.02022640539" lon="121.54195056701">
    <tag k="local_x" v="304695.9883"/>
    <tag k="local_y" v="2768125.8438"/>
    <tag k="ele" v="8.942"/>
  </node>
  <node id="103000061024" lat="25.02023129006" lon="121.54194906812">
    <tag k="local_x" v="304695.8248"/>
    <tag k="local_y" v="2768126.382"/>
    <tag k="ele" v="8.963"/>
  </node>
  <node id="103000061025" lat="25.02023615324" lon="121.54194840514">
    <tag k="local_x" v="304695.7458"/>
    <tag k="local_y" v="2768126.9197"/>
    <tag k="ele" v="8.968"/>
  </node>
  <node id="103000061026" lat="25.02024069334" lon="121.5419484618">
    <tag k="local_x" v="304695.7403"/>
    <tag k="local_y" v="2768127.4232"/>
    <tag k="ele" v="8.967"/>
  </node>
  <node id="103000061027" lat="25.02024580826" lon="121.54194912546">
    <tag k="local_x" v="304695.7947"/>
    <tag k="local_y" v="2768127.9918"/>
    <tag k="ele" v="8.968"/>
  </node>
  <node id="103000061028" lat="25.02025045055" lon="121.54195010123">
    <tag k="local_x" v="304695.8818"/>
    <tag k="local_y" v="2768128.5087"/>
    <tag k="ele" v="8.967"/>
  </node>
  <node id="103000061029" lat="25.0202542006" lon="121.54195068793">
    <tag k="local_x" v="304695.9318"/>
    <tag k="local_y" v="2768128.9258"/>
    <tag k="ele" v="8.9798"/>
  </node>
  <node id="103000061030" lat="25.02025912099" lon="121.54195129337">
    <tag k="local_x" v="304695.9808"/>
    <tag k="local_y" v="2768129.4727"/>
    <tag k="ele" v="8.9968"/>
  </node>
  <node id="103000061031" lat="25.02026471289" lon="121.54195178657">
    <tag k="local_x" v="304696.0168"/>
    <tag k="local_y" v="2768130.0938"/>
    <tag k="ele" v="9.0028"/>
  </node>
  <node id="103000061032" lat="25.02026960398" lon="121.5419516588">
    <tag k="local_x" v="304695.9918"/>
    <tag k="local_y" v="2768130.6358"/>
    <tag k="ele" v="9.0037"/>
  </node>
  <node id="103000061033" lat="25.02027459407" lon="121.54195109791">
    <tag k="local_x" v="304695.9228"/>
    <tag k="local_y" v="2768131.1878"/>
    <tag k="ele" v="9.0028"/>
  </node>
  <node id="103000061034" lat="25.02027918079" lon="121.54195036877">
    <tag k="local_x" v="304695.8378"/>
    <tag k="local_y" v="2768131.6947"/>
    <tag k="ele" v="9.0028"/>
  </node>
  <node id="103000061035" lat="25.02028394516" lon="121.54194893127">
    <tag k="local_x" v="304695.6808"/>
    <tag k="local_y" v="2768132.2197"/>
    <tag k="ele" v="8.9977"/>
  </node>
  <node id="103000061036" lat="25.02028902536" lon="121.5419471313">
    <tag k="local_x" v="304695.4864"/>
    <tag k="local_y" v="2768132.7789"/>
    <tag k="ele" v="8.9928"/>
  </node>
  <node id="103000061037" lat="25.02029188011" lon="121.54194548276">
    <tag k="local_x" v="304695.3128"/>
    <tag k="local_y" v="2768133.0917"/>
    <tag k="ele" v="8.9918"/>
  </node>
  <node id="103000061038" lat="25.02029464708" lon="121.54194438144">
    <tag k="local_x" v="304695.1947"/>
    <tag k="local_y" v="2768133.396"/>
    <tag k="ele" v="8.9988"/>
  </node>
  <node id="103000061039" lat="25.0202968297" lon="121.54194385183">
    <tag k="local_x" v="304695.1358"/>
    <tag k="local_y" v="2768133.6368"/>
    <tag k="ele" v="8.9998"/>
  </node>
  <node id="103000061040" lat="25.0202995965" lon="121.54194351369">
    <tag k="local_x" v="304695.0948"/>
    <tag k="local_y" v="2768133.9428"/>
    <tag k="ele" v="8.9998"/>
  </node>
  <node id="103000061041" lat="25.02030214816" lon="121.54194337618">
    <tag k="local_x" v="304695.0746"/>
    <tag k="local_y" v="2768134.2254"/>
    <tag k="ele" v="9.0037"/>
  </node>
  <node id="103000061042" lat="25.02030507714" lon="121.54194366761">
    <tag k="local_x" v="304695.0968"/>
    <tag k="local_y" v="2768134.5508"/>
    <tag k="ele" v="8.9918"/>
  </node>
  <node id="103000061043" lat="25.0203081668" lon="121.54194430744">
    <tag k="local_x" v="304695.1538"/>
    <tag k="local_y" v="2768134.8948"/>
    <tag k="ele" v="8.9998"/>
  </node>
  <node id="103000061044" lat="25.02031150258" lon="121.54194535221">
    <tag k="local_x" v="304695.2511"/>
    <tag k="local_y" v="2768135.267"/>
    <tag k="ele" v="8.9968"/>
  </node>
  <node id="103000061045" lat="25.02031416596" lon="121.54194646367">
    <tag k="local_x" v="304695.3568"/>
    <tag k="local_y" v="2768135.5648"/>
    <tag k="ele" v="8.9918"/>
  </node>
  <node id="103000061046" lat="25.02031803031" lon="121.54194843898">
    <tag k="local_x" v="304695.5468"/>
    <tag k="local_y" v="2768135.9977"/>
    <tag k="ele" v="8.9948"/>
  </node>
  <node id="103000061047" lat="25.02032247858" lon="121.54195106209">
    <tag k="local_x" v="304695.8008"/>
    <tag k="local_y" v="2768136.4968"/>
    <tag k="ele" v="8.9828"/>
  </node>
  <node id="103000061048" lat="25.02032610616" lon="121.54195359285">
    <tag k="local_x" v="304696.0475"/>
    <tag k="local_y" v="2768136.9047"/>
    <tag k="ele" v="8.9828"/>
  </node>
  <node id="103000061049" lat="25.02032964412" lon="121.5419564946">
    <tag k="local_x" v="304696.3319"/>
    <tag k="local_y" v="2768137.3035"/>
    <tag k="ele" v="8.9878"/>
  </node>
  <node id="103000061050" lat="25.02033256809" lon="121.54195951892">
    <tag k="local_x" v="304696.6302"/>
    <tag k="local_y" v="2768137.6345"/>
    <tag k="ele" v="8.9938"/>
  </node>
  <node id="103000061051" lat="25.02033615649" lon="121.54196220216">
    <tag k="local_x" v="304696.8924"/>
    <tag k="local_y" v="2768138.0384"/>
    <tag k="ele" v="8.9988"/>
  </node>
  <node id="103000061052" lat="25.02033984792" lon="121.54196465332">
    <tag k="local_x" v="304697.1309"/>
    <tag k="local_y" v="2768138.4532"/>
    <tag k="ele" v="9.0058"/>
  </node>
  <node id="103000061053" lat="25.02034350606" lon="121.54196638997">
    <tag k="local_x" v="304697.2973"/>
    <tag k="local_y" v="2768138.8627"/>
    <tag k="ele" v="9.0141"/>
  </node>
  <node id="103000061054" lat="25.02034726439" lon="121.54196790141">
    <tag k="local_x" v="304697.4407"/>
    <tag k="local_y" v="2768139.2828"/>
    <tag k="ele" v="9.0181"/>
  </node>
  <node id="103000061055" lat="25.02035074068" lon="121.54196917728">
    <tag k="local_x" v="304697.561"/>
    <tag k="local_y" v="2768139.6711"/>
    <tag k="ele" v="9.0231"/>
  </node>
  <node id="103000061056" lat="25.02035447182" lon="121.54197020698">
    <tag k="local_x" v="304697.6558"/>
    <tag k="local_y" v="2768140.0871"/>
    <tag k="ele" v="9.0271"/>
  </node>
  <node id="103000061057" lat="25.02035916412" lon="121.54197098502">
    <tag k="local_x" v="304697.7228"/>
    <tag k="local_y" v="2768140.6091"/>
    <tag k="ele" v="9.0331"/>
  </node>
  <node id="103000061058" lat="25.02036389589" lon="121.54197159575">
    <tag k="local_x" v="304697.7728"/>
    <tag k="local_y" v="2768141.1351"/>
    <tag k="ele" v="9.0271"/>
  </node>
  <node id="103000061059" lat="25.02036941377" lon="121.54197213663">
    <tag k="local_x" v="304697.8138"/>
    <tag k="local_y" v="2768141.7481"/>
    <tag k="ele" v="9.0231"/>
  </node>
  <node id="103000061060" lat="25.02037370103" lon="121.54197242962">
    <tag k="local_x" v="304697.8328"/>
    <tag k="local_y" v="2768142.2241"/>
    <tag k="ele" v="9.0181"/>
  </node>
  <node id="103000061061" lat="25.02037841195" lon="121.5419722915">
    <tag k="local_x" v="304697.8072"/>
    <tag k="local_y" v="2768142.7461"/>
    <tag k="ele" v="9.0161"/>
  </node>
  <node id="103000061062" lat="25.02039040742" lon="121.54197008564">
    <tag k="local_x" v="304697.5547"/>
    <tag k="local_y" v="2768144.0711"/>
    <tag k="ele" v="9.0211"/>
  </node>
  <node id="103000061063" lat="25.02040284919" lon="121.54196917456">
    <tag k="local_x" v="304697.4319"/>
    <tag k="local_y" v="2768145.4485"/>
    <tag k="ele" v="9.0151"/>
  </node>
  <node id="103000061064" lat="25.02041332649" lon="121.54196933198">
    <tag k="local_x" v="304697.4219"/>
    <tag k="local_y" v="2768146.6105"/>
    <tag k="ele" v="9.0141"/>
  </node>
  <node id="103000061065" lat="25.02042532543" lon="121.54197064023">
    <tag k="local_x" v="304697.5244"/>
    <tag k="local_y" v="2768147.9438"/>
    <tag k="ele" v="9.0251"/>
  </node>
  <node id="103000061066" lat="25.020434823" lon="121.54197227331">
    <tag k="local_x" v="304697.6659"/>
    <tag k="local_y" v="2768149.0005"/>
    <tag k="ele" v="9.0251"/>
  </node>
  <node id="103000061067" lat="25.02044165986" lon="121.54197408478">
    <tag k="local_x" v="304697.832"/>
    <tag k="local_y" v="2768149.7626"/>
    <tag k="ele" v="9.0171"/>
  </node>
  <node id="103000061068" lat="25.02044664146" lon="121.54197620523">
    <tag k="local_x" v="304698.0339"/>
    <tag k="local_y" v="2768150.3197"/>
    <tag k="ele" v="9.0251"/>
  </node>
  <node id="103000061069" lat="25.0204528605" lon="121.54197952499">
    <tag k="local_x" v="304698.3539"/>
    <tag k="local_y" v="2768151.0167"/>
    <tag k="ele" v="9.0141"/>
  </node>
  <node id="103000061070" lat="25.02045876586" lon="121.54198296872">
    <tag k="local_x" v="304698.6872"/>
    <tag k="local_y" v="2768151.6792"/>
    <tag k="ele" v="9.0111"/>
  </node>
  <node id="103000061071" lat="25.02046540202" lon="121.5419873331">
    <tag k="local_x" v="304699.1117"/>
    <tag k="local_y" v="2768152.4248"/>
    <tag k="ele" v="9.0221"/>
  </node>
  <node id="103000061072" lat="25.02047119016" lon="121.54199139659">
    <tag k="local_x" v="304699.5079"/>
    <tag k="local_y" v="2768153.0757"/>
    <tag k="ele" v="9.0351"/>
  </node>
  <node id="103000061073" lat="25.02047649563" lon="121.54199537799">
    <tag k="local_x" v="304699.897"/>
    <tag k="local_y" v="2768153.6729"/>
    <tag k="ele" v="9.0251"/>
  </node>
  <node id="103000061074" lat="25.02047882832" lon="121.54199638534">
    <tag k="local_x" v="304699.993"/>
    <tag k="local_y" v="2768153.9338"/>
    <tag k="ele" v="9.0301"/>
  </node>
  <node id="103000061075" lat="25.02048238469" lon="121.54199736028">
    <tag k="local_x" v="304700.0827"/>
    <tag k="local_y" v="2768154.3303"/>
    <tag k="ele" v="9.0351"/>
  </node>
  <node id="103000061076" lat="25.02048551712" lon="121.54199793682">
    <tag k="local_x" v="304700.1332"/>
    <tag k="local_y" v="2768154.6789"/>
    <tag k="ele" v="9.0301"/>
  </node>
  <node id="103000061077" lat="25.02048842088" lon="121.54199827119">
    <tag k="local_x" v="304700.1598"/>
    <tag k="local_y" v="2768155.0016"/>
    <tag k="ele" v="9.0301"/>
  </node>
  <node id="103000061078" lat="25.02049140787" lon="121.54199832647">
    <tag k="local_x" v="304700.158"/>
    <tag k="local_y" v="2768155.3329"/>
    <tag k="ele" v="9.0301"/>
  </node>
  <node id="103000061079" lat="25.02049413508" lon="121.54199820514">
    <tag k="local_x" v="304700.139"/>
    <tag k="local_y" v="2768155.635"/>
    <tag k="ele" v="9.0261"/>
  </node>
  <node id="103000061080" lat="25.02049722747" lon="121.54199786705">
    <tag k="local_x" v="304700.0972"/>
    <tag k="local_y" v="2768155.9771"/>
    <tag k="ele" v="9.0221"/>
  </node>
  <node id="103000061081" lat="25.02050066553" lon="121.5419972959">
    <tag k="local_x" v="304700.031"/>
    <tag k="local_y" v="2768156.357"/>
    <tag k="ele" v="9.0221"/>
  </node>
  <node id="103000061082" lat="25.02050397933" lon="121.5419964485">
    <tag k="local_x" v="304699.9372"/>
    <tag k="local_y" v="2768156.7225"/>
    <tag k="ele" v="9.0181"/>
  </node>
  <node id="103000061083" lat="25.02050681289" lon="121.54199557648">
    <tag k="local_x" v="304699.8421"/>
    <tag k="local_y" v="2768157.0347"/>
    <tag k="ele" v="9.0171"/>
  </node>
  <node id="103000061084" lat="25.02050951567" lon="121.54199470423">
    <tag k="local_x" v="304699.7473"/>
    <tag k="local_y" v="2768157.3324"/>
    <tag k="ele" v="9.0151"/>
  </node>
  <node id="103000061085" lat="25.0205120692" lon="121.54199372044">
    <tag k="local_x" v="304699.6416"/>
    <tag k="local_y" v="2768157.6133"/>
    <tag k="ele" v="9.0121"/>
  </node>
  <node id="103000061086" lat="25.02051445173" lon="121.54199267405">
    <tag k="local_x" v="304699.53"/>
    <tag k="local_y" v="2768157.8751"/>
    <tag k="ele" v="9.0131"/>
  </node>
  <node id="103000061087" lat="25.02051718775" lon="121.54199118692">
    <tag k="local_x" v="304699.373"/>
    <tag k="local_y" v="2768158.1751"/>
    <tag k="ele" v="9.0131"/>
  </node>
  <node id="103000061088" lat="25.02052043134" lon="121.5419890005">
    <tag k="local_x" v="304699.1441"/>
    <tag k="local_y" v="2768158.5298"/>
    <tag k="ele" v="9.0131"/>
  </node>
  <node id="103000061089" lat="25.02052407621" lon="121.54198628541">
    <tag k="local_x" v="304698.8608"/>
    <tag k="local_y" v="2768158.9278"/>
    <tag k="ele" v="9.0131"/>
  </node>
  <node id="103000061090" lat="25.020528487" lon="121.54198285162">
    <tag k="local_x" v="304698.503"/>
    <tag k="local_y" v="2768159.4091"/>
    <tag k="ele" v="9.0081"/>
  </node>
  <node id="103000061091" lat="25.0205350371" lon="121.54197933258">
    <tag k="local_x" v="304698.1313"/>
    <tag k="local_y" v="2768160.1274"/>
    <tag k="ele" v="9"/>
  </node>
  <node id="103000061092" lat="25.02054097869" lon="121.5419768202">
    <tag k="local_x" v="304697.8628"/>
    <tag k="local_y" v="2768160.7805"/>
    <tag k="ele" v="8.994"/>
  </node>
  <node id="103000061093" lat="25.02054412518" lon="121.5419758618">
    <tag k="local_x" v="304697.7582"/>
    <tag k="local_y" v="2768161.1272"/>
    <tag k="ele" v="8.984"/>
  </node>
  <node id="103000061094" lat="25.02054707055" lon="121.54197516872">
    <tag k="local_x" v="304697.6809"/>
    <tag k="local_y" v="2768161.4522"/>
    <tag k="ele" v="8.977"/>
  </node>
  <node id="103000061095" lat="25.02054990261" lon="121.54197432636">
    <tag k="local_x" v="304697.5888"/>
    <tag k="local_y" v="2768161.7643"/>
    <tag k="ele" v="8.9686"/>
  </node>
  <node id="103000061096" lat="25.02055331629" lon="121.5419736675">
    <tag k="local_x" v="304697.5138"/>
    <tag k="local_y" v="2768162.1413"/>
    <tag k="ele" v="8.9626"/>
  </node>
  <node id="103000061097" lat="25.02055733679" lon="121.54197288491">
    <tag k="local_x" v="304697.4248"/>
    <tag k="local_y" v="2768162.5853"/>
    <tag k="ele" v="8.9666"/>
  </node>
  <node id="103000061098" lat="25.02056293826" lon="121.54197210834">
    <tag k="local_x" v="304697.3325"/>
    <tag k="local_y" v="2768163.2046"/>
    <tag k="ele" v="8.9756"/>
  </node>
  <node id="103000061099" lat="25.02056740549" lon="121.54197184449">
    <tag k="local_x" v="304697.2948"/>
    <tag k="local_y" v="2768163.6993"/>
    <tag k="ele" v="8.9736"/>
  </node>
  <node id="10300005101" lat="25.02062629135" lon="121.54195172232">
    <tag k="local_x" v="304695.1164"/>
    <tag k="local_y" v="2768170.1828"/>
    <tag k="ele" v="8.9396"/>
  </node>
  <node id="10300005102" lat="25.02062582843" lon="121.54194902548">
    <tag k="local_x" v="304694.8451"/>
    <tag k="local_y" v="2768170.1254"/>
    <tag k="ele" v="8.9406"/>
  </node>
  <node id="10300005103" lat="25.0206257839" lon="121.54194291593">
    <tag k="local_x" v="304694.228"/>
    <tag k="local_y" v="2768170.1067"/>
    <tag k="ele" v="8.9476"/>
  </node>
  <node id="10300005104" lat="25.02062671508" lon="121.54193570577">
    <tag k="local_x" v="304693.4973"/>
    <tag k="local_y" v="2768170.1937"/>
    <tag k="ele" v="8.9436"/>
  </node>
  <node id="10300005105" lat="25.02062850018" lon="121.5419281948">
    <tag k="local_x" v="304692.7341"/>
    <tag k="local_y" v="2768170.3747"/>
    <tag k="ele" v="8.9376"/>
  </node>
  <node id="10300005106" lat="25.02062817809" lon="121.54192562515">
    <tag k="local_x" v="304692.4753"/>
    <tag k="local_y" v="2768170.3332"/>
    <tag k="ele" v="8.9436"/>
  </node>
  <node id="10300005107" lat="25.02062693234" lon="121.5419228369">
    <tag k="local_x" v="304692.1967"/>
    <tag k="local_y" v="2768170.1888"/>
    <tag k="ele" v="8.9466"/>
  </node>
  <node id="10300005108" lat="25.0206247645" lon="121.54192055269">
    <tag k="local_x" v="304691.9713"/>
    <tag k="local_y" v="2768169.9433"/>
    <tag k="ele" v="8.9426"/>
  </node>
  <node id="10300005109" lat="25.02062241712" lon="121.54191906984">
    <tag k="local_x" v="304691.8273"/>
    <tag k="local_y" v="2768169.6797"/>
    <tag k="ele" v="8.9436"/>
  </node>
  <node id="103000051010" lat="25.02061942555" lon="121.54191826314">
    <tag k="local_x" v="304691.7532"/>
    <tag k="local_y" v="2768169.3462"/>
    <tag k="ele" v="8.9426"/>
  </node>
  <node id="103000051011" lat="25.02061604588" lon="121.54191840216">
    <tag k="local_x" v="304691.7756"/>
    <tag k="local_y" v="2768168.9718"/>
    <tag k="ele" v="8.9466"/>
  </node>
  <node id="103000051012" lat="25.02061337304" lon="121.54191904352">
    <tag k="local_x" v="304691.847"/>
    <tag k="local_y" v="2768168.6769"/>
    <tag k="ele" v="8.9496"/>
  </node>
  <node id="103000051013" lat="25.02061114235" lon="121.541920252">
    <tag k="local_x" v="304691.9746"/>
    <tag k="local_y" v="2768168.4323"/>
    <tag k="ele" v="8.9441"/>
  </node>
  <node id="103000051014" lat="25.02060871858" lon="121.54192328403">
    <tag k="local_x" v="304692.2869"/>
    <tag k="local_y" v="2768168.1704"/>
    <tag k="ele" v="8.9456"/>
  </node>
  <node id="103000051015" lat="25.02060322178" lon="121.5419296074">
    <tag k="local_x" v="304692.9393"/>
    <tag k="local_y" v="2768167.5752"/>
    <tag k="ele" v="8.9536"/>
  </node>
  <node id="103000051016" lat="25.02059722343" lon="121.54193549087">
    <tag k="local_x" v="304693.5485"/>
    <tag k="local_y" v="2768166.9234"/>
    <tag k="ele" v="8.9566"/>
  </node>
  <node id="103000051017" lat="25.0205924437" lon="121.54193941552">
    <tag k="local_x" v="304693.9568"/>
    <tag k="local_y" v="2768166.4023"/>
    <tag k="ele" v="8.9596"/>
  </node>
  <node id="103000051018" lat="25.02058768123" lon="121.54194262393">
    <tag k="local_x" v="304694.2927"/>
    <tag k="local_y" v="2768165.8815"/>
    <tag k="ele" v="8.9616"/>
  </node>
  <node id="103000051019" lat="25.02058326012" lon="121.54194527845">
    <tag k="local_x" v="304694.5718"/>
    <tag k="local_y" v="2768165.3973"/>
    <tag k="ele" v="8.9536"/>
  </node>
  <node id="103000051020" lat="25.02057774341" lon="121.54194823183">
    <tag k="local_x" v="304694.8838"/>
    <tag k="local_y" v="2768164.7923"/>
    <tag k="ele" v="8.9596"/>
  </node>
  <node id="103000051021" lat="25.02057338705" lon="121.5419504514">
    <tag k="local_x" v="304695.1188"/>
    <tag k="local_y" v="2768164.3143"/>
    <tag k="ele" v="8.9556"/>
  </node>
  <node id="103000051022" lat="25.02056897315" lon="121.54195239637">
    <tag k="local_x" v="304695.3262"/>
    <tag k="local_y" v="2768163.8293"/>
    <tag k="ele" v="8.9516"/>
  </node>
  <node id="103000051023" lat="25.02056591592" lon="121.54195326786">
    <tag k="local_x" v="304695.4218"/>
    <tag k="local_y" v="2768163.4923"/>
    <tag k="ele" v="8.9586"/>
  </node>
  <node id="10300000102" lat="25.02015441388" lon="121.54195149274">
    <tag k="local_x" v="304696.2598"/>
    <tag k="local_y" v="2768117.864"/>
    <tag k="ele" v="8.9708"/>
  </node>
  <node id="10300000103" lat="25.02015014293" lon="121.54194995293">
    <tag k="local_x" v="304696.1148"/>
    <tag k="local_y" v="2768117.387"/>
    <tag k="ele" v="8.9648"/>
  </node>
  <node id="10300000104" lat="25.02014455487" lon="121.5419475395">
    <tag k="local_x" v="304695.8848"/>
    <tag k="local_y" v="2768116.762"/>
    <tag k="ele" v="8.9668"/>
  </node>
  <node id="10300000105" lat="25.020139958" lon="121.54194561556">
    <tag k="local_x" v="304695.7018"/>
    <tag k="local_y" v="2768116.248"/>
    <tag k="ele" v="8.9678"/>
  </node>
  <node id="10300000106" lat="25.02013638387" lon="121.54194307324">
    <tag k="local_x" v="304695.4538"/>
    <tag k="local_y" v="2768115.846"/>
    <tag k="ele" v="8.9718"/>
  </node>
  <node id="10300000107" lat="25.02013374424" lon="121.5419411477">
    <tag k="local_x" v="304695.2658"/>
    <tag k="local_y" v="2768115.549"/>
    <tag k="ele" v="8.9688"/>
  </node>
  <node id="10300000108" lat="25.02013004758" lon="121.54193753333">
    <tag k="local_x" v="304694.9098"/>
    <tag k="local_y" v="2768115.131"/>
    <tag k="ele" v="8.9628"/>
  </node>
  <node id="10300000109" lat="25.02012661396" lon="121.54193384621">
    <tag k="local_x" v="304694.5458"/>
    <tag k="local_y" v="2768114.742"/>
    <tag k="ele" v="8.9598"/>
  </node>
  <node id="103000001010" lat="25.02012411963" lon="121.5419305404">
    <tag k="local_x" v="304694.218"/>
    <tag k="local_y" v="2768114.458"/>
    <tag k="ele" v="8.9578"/>
  </node>
  <node id="103000001011" lat="25.02012130239" lon="121.54192599234">
    <tag k="local_x" v="304693.7655"/>
    <tag k="local_y" v="2768114.1354"/>
    <tag k="ele" v="8.9468"/>
  </node>
  <node id="103000001012" lat="25.02011843348" lon="121.54192105696">
    <tag k="local_x" v="304693.274"/>
    <tag k="local_y" v="2768113.8062"/>
    <tag k="ele" v="8.9578"/>
  </node>
  <node id="10300006202" lat="25.02056185235" lon="121.54195399495">
    <tag k="local_x" v="304695.5053"/>
    <tag k="local_y" v="2768163.0434"/>
    <tag k="ele" v="8.9676"/>
  </node>
  <node id="10300006203" lat="25.02055789238" lon="121.54195441772">
    <tag k="local_x" v="304695.5578"/>
    <tag k="local_y" v="2768162.6053"/>
    <tag k="ele" v="8.9616"/>
  </node>
  <node id="10300006204" lat="25.02055265652" lon="121.54195464594">
    <tag k="local_x" v="304695.5938"/>
    <tag k="local_y" v="2768162.0253"/>
    <tag k="ele" v="8.9516"/>
  </node>
  <node id="10300006205" lat="25.02054942775" lon="121.54195454911">
    <tag k="local_x" v="304695.592"/>
    <tag k="local_y" v="2768161.6671"/>
    <tag k="ele" v="8.9566"/>
  </node>
  <node id="10300006206" lat="25.02054703934" lon="121.54195428675">
    <tag k="local_x" v="304695.5714"/>
    <tag k="local_y" v="2768161.4017"/>
    <tag k="ele" v="8.956"/>
  </node>
  <node id="10300006207" lat="25.02054451276" lon="121.54195403289">
    <tag k="local_x" v="304695.552"/>
    <tag k="local_y" v="2768161.121"/>
    <tag k="ele" v="8.97"/>
  </node>
  <node id="10300006208" lat="25.02053925954" lon="121.54195409438">
    <tag k="local_x" v="304695.5712"/>
    <tag k="local_y" v="2768160.5387"/>
    <tag k="ele" v="8.986"/>
  </node>
  <node id="10300006209" lat="25.0205356206" lon="121.5419541647">
    <tag k="local_x" v="304695.5873"/>
    <tag k="local_y" v="2768160.1354"/>
    <tag k="ele" v="8.986"/>
  </node>
  <node id="103000062010" lat="25.02053224378" lon="121.54195447405">
    <tag k="local_x" v="304695.6269"/>
    <tag k="local_y" v="2768159.7617"/>
    <tag k="ele" v="8.983"/>
  </node>
  <node id="103000062011" lat="25.02052908871" lon="121.54195536691">
    <tag k="local_x" v="304695.7249"/>
    <tag k="local_y" v="2768159.4139"/>
    <tag k="ele" v="8.983"/>
  </node>
  <node id="103000062012" lat="25.02052622029" lon="121.54195657859">
    <tag k="local_x" v="304695.8544"/>
    <tag k="local_y" v="2768159.0986"/>
    <tag k="ele" v="8.983"/>
  </node>
  <node id="103000062013" lat="25.02052300696" lon="121.54195856283">
    <tag k="local_x" v="304696.0628"/>
    <tag k="local_y" v="2768158.7468"/>
    <tag k="ele" v="8.983"/>
  </node>
  <node id="103000062014" lat="25.02051952483" lon="121.54196139177">
    <tag k="local_x" v="304696.3572"/>
    <tag k="local_y" v="2768158.3671"/>
    <tag k="ele" v="8.983"/>
  </node>
  <node id="103000062015" lat="25.02051507227" lon="121.54196590548">
    <tag k="local_x" v="304696.8242"/>
    <tag k="local_y" v="2768157.8836"/>
    <tag k="ele" v="8.983"/>
  </node>
  <node id="103000062016" lat="25.02051073357" lon="121.54197067439">
    <tag k="local_x" v="304697.3167"/>
    <tag k="local_y" v="2768157.4133"/>
    <tag k="ele" v="8.983"/>
  </node>
  <node id="103000062017" lat="25.02050720536" lon="121.54197466134">
    <tag k="local_x" v="304697.7282"/>
    <tag k="local_y" v="2768157.0311"/>
    <tag k="ele" v="9.0049"/>
  </node>
  <node id="103000062018" lat="25.02050465072" lon="121.54197667655">
    <tag k="local_x" v="304697.9381"/>
    <tag k="local_y" v="2768156.7524"/>
    <tag k="ele" v="9.0131"/>
  </node>
  <node id="103000062019" lat="25.02050283493" lon="121.54197775165">
    <tag k="local_x" v="304698.0512"/>
    <tag k="local_y" v="2768156.5535"/>
    <tag k="ele" v="9.0131"/>
  </node>
  <node id="103000062020" lat="25.02050126565" lon="121.54197841308">
    <tag k="local_x" v="304698.1219"/>
    <tag k="local_y" v="2768156.381"/>
    <tag k="ele" v="9.0121"/>
  </node>
  <node id="103000062021" lat="25.02049938339" lon="121.54197911931">
    <tag k="local_x" v="304698.1979"/>
    <tag k="local_y" v="2768156.1739"/>
    <tag k="ele" v="9.0059"/>
  </node>
  <node id="103000062022" lat="25.0204975399" lon="121.54197973741">
    <tag k="local_x" v="304698.2649"/>
    <tag k="local_y" v="2768155.9709"/>
    <tag k="ele" v="9.0039"/>
  </node>
  <node id="103000062023" lat="25.0204953515" lon="121.54198010751">
    <tag k="local_x" v="304698.3077"/>
    <tag k="local_y" v="2768155.7291"/>
    <tag k="ele" v="9.0069"/>
  </node>
  <node id="103000062024" lat="25.02049269145" lon="121.54198043044">
    <tag k="local_x" v="304698.3469"/>
    <tag k="local_y" v="2768155.4349"/>
    <tag k="ele" v="9.0059"/>
  </node>
  <node id="103000062025" lat="25.02049035378" lon="121.54198051182">
    <tag k="local_x" v="304698.3609"/>
    <tag k="local_y" v="2768155.1759"/>
    <tag k="ele" v="9.0171"/>
  </node>
  <node id="103000062026" lat="25.02048817212" lon="121.54198041685">
    <tag k="local_x" v="304698.3567"/>
    <tag k="local_y" v="2768154.9338"/>
    <tag k="ele" v="9.0131"/>
  </node>
  <node id="103000062027" lat="25.02048576367" lon="121.54197998671">
    <tag k="local_x" v="304698.3192"/>
    <tag k="local_y" v="2768154.6658"/>
    <tag k="ele" v="9.0141"/>
  </node>
  <node id="103000062028" lat="25.02048351885" lon="121.54197931608">
    <tag k="local_x" v="304698.257"/>
    <tag k="local_y" v="2768154.4154"/>
    <tag k="ele" v="9.0131"/>
  </node>
  <node id="103000062029" lat="25.02048116975" lon="121.54197840632">
    <tag k="local_x" v="304698.1709"/>
    <tag k="local_y" v="2768154.1529"/>
    <tag k="ele" v="9.0221"/>
  </node>
  <node id="103000062030" lat="25.02047922561" lon="121.54197731939">
    <tag k="local_x" v="304698.0659"/>
    <tag k="local_y" v="2768153.9349"/>
    <tag k="ele" v="9.0191"/>
  </node>
  <node id="103000062031" lat="25.02047740309" lon="121.54197601766">
    <tag k="local_x" v="304697.9389"/>
    <tag k="local_y" v="2768153.7299"/>
    <tag k="ele" v="9.0221"/>
  </node>
  <node id="103000062032" lat="25.0204751709" lon="121.54197405952">
    <tag k="local_x" v="304697.7466"/>
    <tag k="local_y" v="2768153.478"/>
    <tag k="ele" v="9.0241"/>
  </node>
  <node id="103000062033" lat="25.02047272888" lon="121.54197159736">
    <tag k="local_x" v="304697.5039"/>
    <tag k="local_y" v="2768153.2017"/>
    <tag k="ele" v="9.0211"/>
  </node>
  <node id="103000062034" lat="25.02046910635" lon="121.54196788581">
    <tag k="local_x" v="304697.1379"/>
    <tag k="local_y" v="2768152.7917"/>
    <tag k="ele" v="9.0111"/>
  </node>
  <node id="103000062035" lat="25.02046680468" lon="121.5419662843">
    <tag k="local_x" v="304696.9818"/>
    <tag k="local_y" v="2768152.5329"/>
    <tag k="ele" v="9.0181"/>
  </node>
  <node id="103000062036" lat="25.0204637708" lon="121.54196431942">
    <tag k="local_x" v="304696.7908"/>
    <tag k="local_y" v="2768152.1921"/>
    <tag k="ele" v="9.0191"/>
  </node>
  <node id="103000062037" lat="25.02046047975" lon="121.54196222747">
    <tag k="local_x" v="304696.5876"/>
    <tag k="local_y" v="2768151.8225"/>
    <tag k="ele" v="9.0221"/>
  </node>
  <node id="103000062038" lat="25.0204562691" lon="121.54195949535">
    <tag k="local_x" v="304696.322"/>
    <tag k="local_y" v="2768151.3495"/>
    <tag k="ele" v="9.0201"/>
  </node>
  <node id="103000062039" lat="25.02045223414" lon="121.54195712784">
    <tag k="local_x" v="304696.0928"/>
    <tag k="local_y" v="2768150.8968"/>
    <tag k="ele" v="9.0191"/>
  </node>
  <node id="103000062040" lat="25.02044853681" lon="121.54195510019">
    <tag k="local_x" v="304695.8971"/>
    <tag k="local_y" v="2768150.4823"/>
    <tag k="ele" v="9.0171"/>
  </node>
  <node id="103000062041" lat="25.02044410425" lon="121.54195303575">
    <tag k="local_x" v="304695.6995"/>
    <tag k="local_y" v="2768149.9862"/>
    <tag k="ele" v="9.0161"/>
  </node>
  <node id="103000062042" lat="25.02043973258" lon="121.54195134795">
    <tag k="local_x" v="304695.5398"/>
    <tag k="local_y" v="2768149.4977"/>
    <tag k="ele" v="9.0181"/>
  </node>
  <node id="103000062043" lat="25.02043528472" lon="121.54194999188">
    <tag k="local_x" v="304695.4138"/>
    <tag k="local_y" v="2768149.0015"/>
    <tag k="ele" v="9.0231"/>
  </node>
  <node id="103000062044" lat="25.02043160152" lon="121.54194882279">
    <tag k="local_x" v="304695.3048"/>
    <tag k="local_y" v="2768148.5905"/>
    <tag k="ele" v="9.0231"/>
  </node>
  <node id="103000062045" lat="25.0204271215" lon="121.5419476738">
    <tag k="local_x" v="304695.1998"/>
    <tag k="local_y" v="2768148.0912"/>
    <tag k="ele" v="9.0291"/>
  </node>
  <node id="103000062046" lat="25.02042288104" lon="121.54194698601">
    <tag k="local_x" v="304695.1408"/>
    <tag k="local_y" v="2768147.6195"/>
    <tag k="ele" v="9.0361"/>
  </node>
  <node id="103000062047" lat="25.0204195141" lon="121.54194667594">
    <tag k="local_x" v="304695.1178"/>
    <tag k="local_y" v="2768147.2455"/>
    <tag k="ele" v="9.0361"/>
  </node>
  <node id="103000062048" lat="25.02041527024" lon="121.54194739863">
    <tag k="local_x" v="304695.2013"/>
    <tag k="local_y" v="2768146.7766"/>
    <tag k="ele" v="9.0391"/>
  </node>
  <node id="103000062049" lat="25.02041110393" lon="121.54194776685">
    <tag k="local_x" v="304695.2488"/>
    <tag k="local_y" v="2768146.3155"/>
    <tag k="ele" v="9.0461"/>
  </node>
  <node id="103000062050" lat="25.02040448821" lon="121.54194754556">
    <tag k="local_x" v="304695.2428"/>
    <tag k="local_y" v="2768145.5815"/>
    <tag k="ele" v="9.0531"/>
  </node>
  <node id="103000062051" lat="25.0203963732" lon="121.54194769343">
    <tag k="local_x" v="304695.2778"/>
    <tag k="local_y" v="2768144.6821"/>
    <tag k="ele" v="9.0391"/>
  </node>
  <node id="103000062052" lat="25.02038927846" lon="121.54194796525">
    <tag k="local_x" v="304695.3228"/>
    <tag k="local_y" v="2768143.8961"/>
    <tag k="ele" v="9.0321"/>
  </node>
  <node id="103000062053" lat="25.02038277424" lon="121.541948693">
    <tag k="local_x" v="304695.4124"/>
    <tag k="local_y" v="2768143.1766"/>
    <tag k="ele" v="9.0131"/>
  </node>
  <node id="103000062054" lat="25.02037851236" lon="121.54194959242">
    <tag k="local_x" v="304695.5138"/>
    <tag k="local_y" v="2768142.7061"/>
    <tag k="ele" v="9.0037"/>
  </node>
  <node id="103000062055" lat="25.02037090405" lon="121.54195161363">
    <tag k="local_x" v="304695.7368"/>
    <tag k="local_y" v="2768141.8671"/>
    <tag k="ele" v="8.9858"/>
  </node>
  <node id="103000062056" lat="25.02036432327" lon="121.54195198117">
    <tag k="local_x" v="304695.7902"/>
    <tag k="local_y" v="2768141.1383"/>
    <tag k="ele" v="8.9958"/>
  </node>
  <node id="103000062057" lat="25.02035749545" lon="121.5419514122">
    <tag k="local_x" v="304695.7496"/>
    <tag k="local_y" v="2768140.38"/>
    <tag k="ele" v="8.9878"/>
  </node>
  <node id="103000062058" lat="25.02034993848" lon="121.54194939701">
    <tag k="local_x" v="304695.5647"/>
    <tag k="local_y" v="2768139.5376"/>
    <tag k="ele" v="8.9968"/>
  </node>
  <node id="103000062059" lat="25.020344298" lon="121.54194712186">
    <tag k="local_x" v="304695.3488"/>
    <tag k="local_y" v="2768138.9071"/>
    <tag k="ele" v="9.0028"/>
  </node>
  <node id="103000062060" lat="25.02033795659" lon="121.54194321015">
    <tag k="local_x" v="304694.9693"/>
    <tag k="local_y" v="2768138.1952"/>
    <tag k="ele" v="8.9968"/>
  </node>
  <node id="103000062061" lat="25.0203317168" lon="121.54193864761">
    <tag k="local_x" v="304694.5238"/>
    <tag k="local_y" v="2768137.4931"/>
    <tag k="ele" v="8.9958"/>
  </node>
  <node id="103000062062" lat="25.02032883295" lon="121.54193728922">
    <tag k="local_x" v="304694.3937"/>
    <tag k="local_y" v="2768137.1703"/>
    <tag k="ele" v="9.0068"/>
  </node>
  <node id="103000062063" lat="25.02032546394" lon="121.5419358378">
    <tag k="local_x" v="304694.2554"/>
    <tag k="local_y" v="2768136.7935"/>
    <tag k="ele" v="9.0058"/>
  </node>
  <node id="103000062064" lat="25.02032179315" lon="121.54193450173">
    <tag k="local_x" v="304694.1295"/>
    <tag k="local_y" v="2768136.3835"/>
    <tag k="ele" v="9.0101"/>
  </node>
  <node id="103000062065" lat="25.02031588046" lon="121.54193243967">
    <tag k="local_x" v="304693.9358"/>
    <tag k="local_y" v="2768135.7233"/>
    <tag k="ele" v="9.0171"/>
  </node>
  <node id="103000062066" lat="25.02030953754" lon="121.54193064425">
    <tag k="local_x" v="304693.7701"/>
    <tag k="local_y" v="2768135.016"/>
    <tag k="ele" v="9.0161"/>
  </node>
  <node id="103000062067" lat="25.02030394784" lon="121.54192955422">
    <tag k="local_x" v="304693.6738"/>
    <tag k="local_y" v="2768134.3938"/>
    <tag k="ele" v="9.0181"/>
  </node>
  <node id="103000062068" lat="25.02029870017" lon="121.5419293872">
    <tag k="local_x" v="304693.6699"/>
    <tag k="local_y" v="2768133.8116"/>
    <tag k="ele" v="9.0221"/>
  </node>
  <node id="103000062069" lat="25.02029380589" lon="121.54192958319">
    <tag k="local_x" v="304693.7018"/>
    <tag k="local_y" v="2768133.2694"/>
    <tag k="ele" v="9.0131"/>
  </node>
  <node id="103000062070" lat="25.02029013407" lon="121.54192971804">
    <tag k="local_x" v="304693.7245"/>
    <tag k="local_y" v="2768132.8626"/>
    <tag k="ele" v="9.0058"/>
  </node>
  <node id="103000062071" lat="25.02028672631" lon="121.54192990785">
    <tag k="local_x" v="304693.7521"/>
    <tag k="local_y" v="2768132.4852"/>
    <tag k="ele" v="8.9958"/>
  </node>
  <node id="103000062072" lat="25.02028388225" lon="121.54193023122">
    <tag k="local_x" v="304693.7918"/>
    <tag k="local_y" v="2768132.1706"/>
    <tag k="ele" v="8.9958"/>
  </node>
  <node id="103000062073" lat="25.02028141072" lon="121.54193077456">
    <tag k="local_x" v="304693.8528"/>
    <tag k="local_y" v="2768131.8978"/>
    <tag k="ele" v="8.9958"/>
  </node>
  <node id="103000062074" lat="25.02027724955" lon="121.54193226641">
    <tag k="local_x" v="304694.0138"/>
    <tag k="local_y" v="2768131.4398"/>
    <tag k="ele" v="8.9948"/>
  </node>
  <node id="103000062075" lat="25.0202729621" lon="121.54193327013">
    <tag k="local_x" v="304694.1258"/>
    <tag k="local_y" v="2768130.9667"/>
    <tag k="ele" v="8.9958"/>
  </node>
  <node id="103000062076" lat="25.02026849488" lon="121.54193384382">
    <tag k="local_x" v="304694.1948"/>
    <tag k="local_y" v="2768130.4727"/>
    <tag k="ele" v="8.9808"/>
  </node>
  <node id="103000062077" lat="25.02026567" lon="121.54193393307">
    <tag k="local_x" v="304694.2108"/>
    <tag k="local_y" v="2768130.1597"/>
    <tag k="ele" v="8.9738"/>
  </node>
  <node id="103000062078" lat="25.02026222903" lon="121.54193375978">
    <tag k="local_x" v="304694.2018"/>
    <tag k="local_y" v="2768129.7778"/>
    <tag k="ele" v="8.9738"/>
  </node>
  <node id="103000062079" lat="25.02025895384" lon="121.54193337277">
    <tag k="local_x" v="304694.1708"/>
    <tag k="local_y" v="2768129.4138"/>
    <tag k="ele" v="8.9688"/>
  </node>
  <node id="103000062080" lat="25.02025573938" lon="121.5419326606">
    <tag k="local_x" v="304694.1068"/>
    <tag k="local_y" v="2768129.0558"/>
    <tag k="ele" v="8.9688"/>
  </node>
  <node id="103000062081" lat="25.02025206027" lon="121.54193168958">
    <tag k="local_x" v="304694.0178"/>
    <tag k="local_y" v="2768128.6457"/>
    <tag k="ele" v="8.9671"/>
  </node>
  <node id="103000062082" lat="25.02024929075" lon="121.54193082992">
    <tag k="local_x" v="304693.9378"/>
    <tag k="local_y" v="2768128.3367"/>
    <tag k="ele" v="8.9641"/>
  </node>
  <node id="103000062083" lat="25.0202456392" lon="121.54192939039">
    <tag k="local_x" v="304693.8014"/>
    <tag k="local_y" v="2768127.9286"/>
    <tag k="ele" v="8.9561"/>
  </node>
  <node id="103000062084" lat="25.02024059804" lon="121.54192718237">
    <tag k="local_x" v="304693.5908"/>
    <tag k="local_y" v="2768127.3647"/>
    <tag k="ele" v="8.9601"/>
  </node>
  <node id="103000062085" lat="25.02023772294" lon="121.54192619243">
    <tag k="local_x" v="304693.4979"/>
    <tag k="local_y" v="2768127.0437"/>
    <tag k="ele" v="8.9601"/>
  </node>
  <node id="103000062086" lat="25.02023456055" lon="121.54192562506">
    <tag k="local_x" v="304693.4484"/>
    <tag k="local_y" v="2768126.6918"/>
    <tag k="ele" v="8.96"/>
  </node>
  <node id="103000062087" lat="25.02023157639" lon="121.54192556392">
    <tag k="local_x" v="304693.4496"/>
    <tag k="local_y" v="2768126.3608"/>
    <tag k="ele" v="8.952"/>
  </node>
  <node id="103000062088" lat="25.02022917857" lon="121.54192576458">
    <tag k="local_x" v="304693.4758"/>
    <tag k="local_y" v="2768126.0954"/>
    <tag k="ele" v="8.952"/>
  </node>
  <node id="103000062089" lat="25.02022695967" lon="121.5419263042">
    <tag k="local_x" v="304693.5358"/>
    <tag k="local_y" v="2768125.8506"/>
    <tag k="ele" v="8.961"/>
  </node>
  <node id="103000062090" lat="25.02022465175" lon="121.54192696339">
    <tag k="local_x" v="304693.6081"/>
    <tag k="local_y" v="2768125.5962"/>
    <tag k="ele" v="8.961"/>
  </node>
  <node id="103000062091" lat="25.0202223255" lon="121.54192799234">
    <tag k="local_x" v="304693.7178"/>
    <tag k="local_y" v="2768125.3406"/>
    <tag k="ele" v="8.96"/>
  </node>
  <node id="103000062092" lat="25.02021995427" lon="121.54192923698">
    <tag k="local_x" v="304693.8494"/>
    <tag k="local_y" v="2768125.0805"/>
    <tag k="ele" v="8.96"/>
  </node>
  <node id="103000062093" lat="25.02021785015" lon="121.54193083064">
    <tag k="local_x" v="304694.0156"/>
    <tag k="local_y" v="2768124.8508"/>
    <tag k="ele" v="8.951"/>
  </node>
  <node id="103000062094" lat="25.02021583412" lon="121.54193252742">
    <tag k="local_x" v="304694.192"/>
    <tag k="local_y" v="2768124.6311"/>
    <tag k="ele" v="8.951"/>
  </node>
  <node id="103000062095" lat="25.02021402051" lon="121.54193447167">
    <tag k="local_x" v="304694.3929"/>
    <tag k="local_y" v="2768124.4344"/>
    <tag k="ele" v="8.951"/>
  </node>
  <node id="103000062096" lat="25.02021123951" lon="121.54193777311">
    <tag k="local_x" v="304694.7333"/>
    <tag k="local_y" v="2768124.1335"/>
    <tag k="ele" v="8.959"/>
  </node>
  <node id="103000062097" lat="25.02020895951" lon="121.5419414976">
    <tag k="local_x" v="304695.1152"/>
    <tag k="local_y" v="2768123.8891"/>
    <tag k="ele" v="9.0101"/>
  </node>
  <node id="103000062098" lat="25.02020682048" lon="121.54194427626">
    <tag k="local_x" v="304695.4012"/>
    <tag k="local_y" v="2768123.6582"/>
    <tag k="ele" v="9.0101"/>
  </node>
  <node id="103000062099" lat="25.02020430393" lon="121.54194681405">
    <tag k="local_x" v="304695.6638"/>
    <tag k="local_y" v="2768123.3849"/>
    <tag k="ele" v="8.99"/>
  </node>
  <node id="1030000620100" lat="25.02020078931" lon="121.54194933336">
    <tag k="local_x" v="304695.927"/>
    <tag k="local_y" v="2768123.0009"/>
    <tag k="ele" v="8.983"/>
  </node>
  <node id="1030000620101" lat="25.02019697071" lon="121.54195101078">
    <tag k="local_x" v="304696.1059"/>
    <tag k="local_y" v="2768122.5813"/>
    <tag k="ele" v="8.983"/>
  </node>
  <node id="1030000620102" lat="25.02019306168" lon="121.54195198912">
    <tag k="local_x" v="304696.2144"/>
    <tag k="local_y" v="2768122.1501"/>
    <tag k="ele" v="8.984"/>
  </node>
  <node id="1030000620103" lat="25.02018910901" lon="121.54195262984">
    <tag k="local_x" v="304696.2889"/>
    <tag k="local_y" v="2768121.7133"/>
    <tag k="ele" v="8.985"/>
  </node>
  <node id="1030000620104" lat="25.02018433581" lon="121.54195254866">
    <tag k="local_x" v="304696.2925"/>
    <tag k="local_y" v="2768121.1839"/>
    <tag k="ele" v="8.991"/>
  </node>
  <node id="1030000620105" lat="25.02017916656" lon="121.54195176193">
    <tag k="local_x" v="304696.2258"/>
    <tag k="local_y" v="2768120.609"/>
    <tag k="ele" v="8.9848"/>
  </node>
  <node id="1030000620106" lat="25.02017127749" lon="121.54194940107">
    <tag k="local_x" v="304696.0068"/>
    <tag k="local_y" v="2768119.729"/>
    <tag k="ele" v="8.9838"/>
  </node>
  <node id="1030000620107" lat="25.02016586891" lon="121.54194703163">
    <tag k="local_x" v="304695.7808"/>
    <tag k="local_y" v="2768119.124"/>
    <tag k="ele" v="8.9968"/>
  </node>
  <node id="10300005202" lat="25.02061159031" lon="121.54194965504">
    <tag k="local_x" v="304694.9439"/>
    <tag k="local_y" v="2768168.5482"/>
    <tag k="ele" v="8.9616"/>
  </node>
  <node id="10300005203" lat="25.02061293072" lon="121.54194383278">
    <tag k="local_x" v="304694.3524"/>
    <tag k="local_y" v="2768168.6837"/>
    <tag k="ele" v="8.9596"/>
  </node>
  <node id="10300005204" lat="25.02061339074" lon="121.54194152281">
    <tag k="local_x" v="304694.1179"/>
    <tag k="local_y" v="2768168.7295"/>
    <tag k="ele" v="8.9596"/>
  </node>
  <node id="10300005205" lat="25.02061289815" lon="121.54193997547">
    <tag k="local_x" v="304693.9628"/>
    <tag k="local_y" v="2768168.6714"/>
    <tag k="ele" v="8.9576"/>
  </node>
  <node id="10300005206" lat="25.02061185014" lon="121.54193908567">
    <tag k="local_x" v="304693.8755"/>
    <tag k="local_y" v="2768168.5532"/>
    <tag k="ele" v="8.9566"/>
  </node>
  <node id="10300005207" lat="25.02061050242" lon="121.54193927442">
    <tag k="local_x" v="304693.8979"/>
    <tag k="local_y" v="2768168.4042"/>
    <tag k="ele" v="8.9546"/>
  </node>
  <node id="10300005208" lat="25.02060947117" lon="121.54194035684">
    <tag k="local_x" v="304694.0098"/>
    <tag k="local_y" v="2768168.2923"/>
    <tag k="ele" v="8.9566"/>
  </node>
  <node id="10300005209" lat="25.02060540492" lon="121.5419453888">
    <tag k="local_x" v="304694.5282"/>
    <tag k="local_y" v="2768167.8528"/>
    <tag k="ele" v="8.9596"/>
  </node>
  <node id="103000052010" lat="25.0205990412" lon="121.54195100992">
    <tag k="local_x" v="304695.1118"/>
    <tag k="local_y" v="2768167.1599"/>
    <tag k="ele" v="8.9666"/>
  </node>
  <node id="103000052011" lat="25.02059164027" lon="121.54195565341">
    <tag k="local_x" v="304695.5992"/>
    <tag k="local_y" v="2768166.3498"/>
    <tag k="ele" v="8.9706"/>
  </node>
  <node id="103000052012" lat="25.02058351073" lon="121.54195953469">
    <tag k="local_x" v="304696.0114"/>
    <tag k="local_y" v="2768165.4572"/>
    <tag k="ele" v="8.9666"/>
  </node>
  <node id="103000052013" lat="25.0205801527" lon="121.5419605176">
    <tag k="local_x" v="304696.119"/>
    <tag k="local_y" v="2768165.0871"/>
    <tag k="ele" v="8.9716"/>
  </node>
  <node id="103000052014" lat="25.0205757893" lon="121.54196095327">
    <tag k="local_x" v="304696.1738"/>
    <tag k="local_y" v="2768164.6043"/>
    <tag k="ele" v="8.9726"/>
  </node>
  <node id="103000052015" lat="25.02057291111" lon="121.54196144706">
    <tag k="local_x" v="304696.2308"/>
    <tag k="local_y" v="2768164.2863"/>
    <tag k="ele" v="8.9706"/>
  </node>
  <node id="103000052016" lat="25.02056907503" lon="121.54196198669">
    <tag k="local_x" v="304696.2948"/>
    <tag k="local_y" v="2768163.8622"/>
    <tag k="ele" v="8.9706"/>
  </node>
  <node id="10300005302" lat="25.02057301958" lon="121.54197164532">
    <tag k="local_x" v="304697.2608"/>
    <tag k="local_y" v="2768164.3213"/>
    <tag k="ele" v="8.9776"/>
  </node>
  <node id="10300005303" lat="25.02058002651" lon="121.54197174454">
    <tag k="local_x" v="304697.2535"/>
    <tag k="local_y" v="2768165.0984"/>
    <tag k="ele" v="8.9766"/>
  </node>
  <node id="10300005304" lat="25.02058415014" lon="121.54197205629">
    <tag k="local_x" v="304697.2748"/>
    <tag k="local_y" v="2768165.5563"/>
    <tag k="ele" v="8.9726"/>
  </node>
  <node id="10300005305" lat="25.02059003703" lon="121.5419726359">
    <tag k="local_x" v="304697.3188"/>
    <tag k="local_y" v="2768166.2103"/>
    <tag k="ele" v="8.9696"/>
  </node>
  <node id="10300005306" lat="25.02059339245" lon="121.54197302487">
    <tag k="local_x" v="304697.3498"/>
    <tag k="local_y" v="2768166.5832"/>
    <tag k="ele" v="8.9656"/>
  </node>
  <node id="10300005307" lat="25.02059798015" lon="121.54197406761">
    <tag k="local_x" v="304697.4438"/>
    <tag k="local_y" v="2768167.0942"/>
    <tag k="ele" v="8.9606"/>
  </node>
  <node id="10300005308" lat="25.02060426122" lon="121.54197566653">
    <tag k="local_x" v="304697.5898"/>
    <tag k="local_y" v="2768167.7942"/>
    <tag k="ele" v="8.9706"/>
  </node>
  <node id="10300005309" lat="25.02060911713" lon="121.54197727016">
    <tag k="local_x" v="304697.7398"/>
    <tag k="local_y" v="2768168.3362"/>
    <tag k="ele" v="8.9776"/>
  </node>
  <node id="103000053010" lat="25.02061528044" lon="121.54197982637">
    <tag k="local_x" v="304697.9828"/>
    <tag k="local_y" v="2768169.0253"/>
    <tag k="ele" v="8.9786"/>
  </node>
  <node id="103000053011" lat="25.02062073408" lon="121.54198219692">
    <tag k="local_x" v="304698.2088"/>
    <tag k="local_y" v="2768169.6353"/>
    <tag k="ele" v="8.9746"/>
  </node>
  <node id="103000053012" lat="25.02062377257" lon="121.54198233661">
    <tag k="local_x" v="304698.2154"/>
    <tag k="local_y" v="2768169.9725"/>
    <tag k="ele" v="8.9816"/>
  </node>
  <node id="103000053013" lat="25.02062671415" lon="121.54198147516">
    <tag k="local_x" v="304698.1211"/>
    <tag k="local_y" v="2768170.2967"/>
    <tag k="ele" v="8.9816"/>
  </node>
  <node id="103000053014" lat="25.02062907112" lon="121.54197946699">
    <tag k="local_x" v="304697.9124"/>
    <tag k="local_y" v="2768170.5535"/>
    <tag k="ele" v="8.9786"/>
  </node>
  <node id="103000053015" lat="25.02063080004" lon="121.5419763645">
    <tag k="local_x" v="304697.5947"/>
    <tag k="local_y" v="2768170.7382"/>
    <tag k="ele" v="8.9746"/>
  </node>
  <node id="103000053016" lat="25.02063141271" lon="121.54197231213">
    <tag k="local_x" v="304697.1838"/>
    <tag k="local_y" v="2768170.797"/>
    <tag k="ele" v="8.9676"/>
  </node>
  <node id="103000053017" lat="25.02063108034" lon="121.54196745168">
    <tag k="local_x" v="304696.6936"/>
    <tag k="local_y" v="2768170.7492"/>
    <tag k="ele" v="8.9636"/>
  </node>
  <node id="103000053018" lat="25.02062972417" lon="121.54196144168">
    <tag k="local_x" v="304696.0898"/>
    <tag k="local_y" v="2768170.5853"/>
    <tag k="ele" v="8.9466"/>
  </node>
  <node id="103000053019" lat="25.02062853413" lon="121.54195910815">
    <tag k="local_x" v="304695.857"/>
    <tag k="local_y" v="2768170.4481"/>
    <tag k="ele" v="8.9436"/>
  </node>
  <node id="103000053020" lat="25.02062675425" lon="121.54195442014">
    <tag k="local_x" v="304695.3878"/>
    <tag k="local_y" v="2768170.2402"/>
    <tag k="ele" v="8.9386"/>
  </node>
  <node id="10300003502" lat="25.02013483445" lon="121.54261807631">
    <tag k="local_x" v="304763.6493"/>
    <tag k="local_y" v="2768117.1949"/>
    <tag k="ele" v="8.957"/>
  </node>
  <node id="10300003503" lat="25.02013863513" lon="121.54261772489">
    <tag k="local_x" v="304763.6044"/>
    <tag k="local_y" v="2768117.6155"/>
    <tag k="ele" v="8.959"/>
  </node>
  <node id="10300003504" lat="25.02014263614" lon="121.54261776838">
    <tag k="local_x" v="304763.5989"/>
    <tag k="local_y" v="2768118.0592"/>
    <tag k="ele" v="8.966"/>
  </node>
  <node id="10300003505" lat="25.02014721988" lon="121.54261811815">
    <tag k="local_x" v="304763.6229"/>
    <tag k="local_y" v="2768118.5682"/>
    <tag k="ele" v="8.964"/>
  </node>
  <node id="10300003506" lat="25.02015067545" lon="121.54261890454">
    <tag k="local_x" v="304763.6938"/>
    <tag k="local_y" v="2768118.9531"/>
    <tag k="ele" v="8.972"/>
  </node>
  <node id="10300003507" lat="25.02015441666" lon="121.54262014831">
    <tag k="local_x" v="304763.8102"/>
    <tag k="local_y" v="2768119.3707"/>
    <tag k="ele" v="8.982"/>
  </node>
  <node id="10300003508" lat="25.02015929965" lon="121.54262201692">
    <tag k="local_x" v="304763.9869"/>
    <tag k="local_y" v="2768119.9163"/>
    <tag k="ele" v="9"/>
  </node>
  <node id="10300003509" lat="25.02016308332" lon="121.54262418923">
    <tag k="local_x" v="304764.197"/>
    <tag k="local_y" v="2768120.3407"/>
    <tag k="ele" v="9"/>
  </node>
  <node id="103000035010" lat="25.02016639891" lon="121.54262640453">
    <tag k="local_x" v="304764.4126"/>
    <tag k="local_y" v="2768120.7133"/>
    <tag k="ele" v="9.0231"/>
  </node>
  <node id="103000035011" lat="25.02017212073" lon="121.54263040207">
    <tag k="local_x" v="304764.8023"/>
    <tag k="local_y" v="2768121.3567"/>
    <tag k="ele" v="9.0231"/>
  </node>
  <node id="103000035012" lat="25.02017889025" lon="121.54263530426">
    <tag k="local_x" v="304765.2808"/>
    <tag k="local_y" v="2768122.1183"/>
    <tag k="ele" v="8.9939"/>
  </node>
  <node id="103000035013" lat="25.02018576683" lon="121.54264106331">
    <tag k="local_x" v="304765.8456"/>
    <tag k="local_y" v="2768122.8937"/>
    <tag k="ele" v="8.9909"/>
  </node>
  <node id="103000035014" lat="25.02019076125" lon="121.54264552611">
    <tag k="local_x" v="304766.2841"/>
    <tag k="local_y" v="2768123.4575"/>
    <tag k="ele" v="8.9809"/>
  </node>
  <node id="103000035015" lat="25.02019529099" lon="121.54264982014">
    <tag k="local_x" v="304766.7067"/>
    <tag k="local_y" v="2768123.9694"/>
    <tag k="ele" v="8.9728"/>
  </node>
  <node id="103000035016" lat="25.02020015003" lon="121.54265477554">
    <tag k="local_x" v="304767.1953"/>
    <tag k="local_y" v="2768124.5193"/>
    <tag k="ele" v="8.9788"/>
  </node>
  <node id="103000035017" lat="25.02020503314" lon="121.54266023339">
    <tag k="local_x" v="304767.7346"/>
    <tag k="local_y" v="2768125.073"/>
    <tag k="ele" v="8.9878"/>
  </node>
  <node id="103000035018" lat="25.02021055952" lon="121.54266630288">
    <tag k="local_x" v="304768.3341"/>
    <tag k="local_y" v="2768125.6994"/>
    <tag k="ele" v="8.9848"/>
  </node>
  <node id="103000035019" lat="25.02021599512" lon="121.54267253447">
    <tag k="local_x" v="304768.9502"/>
    <tag k="local_y" v="2768126.3161"/>
    <tag k="ele" v="8.9798"/>
  </node>
  <node id="103000035020" lat="25.020221599" lon="121.54267918394">
    <tag k="local_x" v="304769.6081"/>
    <tag k="local_y" v="2768126.9524"/>
    <tag k="ele" v="8.9798"/>
  </node>
  <node id="10300001702" lat="25.02041864846" lon="121.54268304707">
    <tag k="local_x" v="304769.5111"/>
    <tag k="local_y" v="2768148.8085"/>
    <tag k="ele" v="9.0271"/>
  </node>
  <node id="10300001703" lat="25.0204155832" lon="121.54268031921">
    <tag k="local_x" v="304769.2431"/>
    <tag k="local_y" v="2768148.4625"/>
    <tag k="ele" v="9.0211"/>
  </node>
  <node id="10300001704" lat="25.02041230018" lon="121.5426776553">
    <tag k="local_x" v="304768.9821"/>
    <tag k="local_y" v="2768148.0925"/>
    <tag k="ele" v="9.0171"/>
  </node>
  <node id="10300001705" lat="25.02040819599" lon="121.54267501089">
    <tag k="local_x" v="304768.7251"/>
    <tag k="local_y" v="2768147.6315"/>
    <tag k="ele" v="9.0151"/>
  </node>
  <node id="10300001706" lat="25.02040581754" lon="121.54267399251">
    <tag k="local_x" v="304768.6281"/>
    <tag k="local_y" v="2768147.3655"/>
    <tag k="ele" v="9.0181"/>
  </node>
  <node id="10300001707" lat="25.02040250657" lon="121.54267270383">
    <tag k="local_x" v="304768.5061"/>
    <tag k="local_y" v="2768146.9955"/>
    <tag k="ele" v="9.0301"/>
  </node>
  <node id="10300001708" lat="25.02039918209" lon="121.5426716801">
    <tag k="local_x" v="304768.4109"/>
    <tag k="local_y" v="2768146.6246"/>
    <tag k="ele" v="9.0341"/>
  </node>
  <node id="10300001709" lat="25.0203951081" lon="121.5426706123">
    <tag k="local_x" v="304768.3131"/>
    <tag k="local_y" v="2768146.1705"/>
    <tag k="ele" v="9.0331"/>
  </node>
  <node id="103000017010" lat="25.02039068786" lon="121.54266949543">
    <tag k="local_x" v="304768.2112"/>
    <tag k="local_y" v="2768145.6779"/>
    <tag k="ele" v="9.0281"/>
  </node>
  <node id="103000017011" lat="25.02038606922" lon="121.54266837766">
    <tag k="local_x" v="304768.1097"/>
    <tag k="local_y" v="2768145.1633"/>
    <tag k="ele" v="9.0251"/>
  </node>
  <node id="103000017012" lat="25.02038163587" lon="121.54266763959">
    <tag k="local_x" v="304768.0461"/>
    <tag k="local_y" v="2768144.6701"/>
    <tag k="ele" v="9.0231"/>
  </node>
  <node id="103000017013" lat="25.02037665804" lon="121.54266688721">
    <tag k="local_x" v="304767.9824"/>
    <tag k="local_y" v="2768144.1165"/>
    <tag k="ele" v="9.0241"/>
  </node>
  <node id="103000017014" lat="25.0203720663" lon="121.54266662039">
    <tag k="local_x" v="304767.9668"/>
    <tag k="local_y" v="2768143.6068"/>
    <tag k="ele" v="9.0171"/>
  </node>
  <node id="103000017015" lat="25.02036758209" lon="121.5426666987">
    <tag k="local_x" v="304767.9858"/>
    <tag k="local_y" v="2768143.1098"/>
    <tag k="ele" v="9.0044"/>
  </node>
  <node id="103000017016" lat="25.02036499439" lon="121.5426671006">
    <tag k="local_x" v="304768.0328"/>
    <tag k="local_y" v="2768142.8238"/>
    <tag k="ele" v="8.9964"/>
  </node>
  <node id="103000017017" lat="25.02036149722" lon="121.54266827212">
    <tag k="local_x" v="304768.1598"/>
    <tag k="local_y" v="2768142.4387"/>
    <tag k="ele" v="8.9824"/>
  </node>
  <node id="103000017018" lat="25.02035756858" lon="121.54266901734">
    <tag k="local_x" v="304768.2448"/>
    <tag k="local_y" v="2768142.0048"/>
    <tag k="ele" v="8.9844"/>
  </node>
  <node id="103000017019" lat="25.0203544912" lon="121.54267012589">
    <tag k="local_x" v="304768.3644"/>
    <tag k="local_y" v="2768141.6661"/>
    <tag k="ele" v="8.9904"/>
  </node>
  <node id="103000017020" lat="25.02035124876" lon="121.54267154518">
    <tag k="local_x" v="304768.5158"/>
    <tag k="local_y" v="2768141.3098"/>
    <tag k="ele" v="8.9894"/>
  </node>
  <node id="103000017021" lat="25.02034670043" lon="121.54267384614">
    <tag k="local_x" v="304768.7595"/>
    <tag k="local_y" v="2768140.8107"/>
    <tag k="ele" v="8.9864"/>
  </node>
  <node id="103000017022" lat="25.02034227335" lon="121.54267621738">
    <tag k="local_x" v="304769.01"/>
    <tag k="local_y" v="2768140.3252"/>
    <tag k="ele" v="8.9924"/>
  </node>
  <node id="103000017023" lat="25.02033778491" lon="121.54267903355">
    <tag k="local_x" v="304769.3056"/>
    <tag k="local_y" v="2768139.8339"/>
    <tag k="ele" v="8.9974"/>
  </node>
  <node id="103000017024" lat="25.02033393244" lon="121.5426818445">
    <tag k="local_x" v="304769.5991"/>
    <tag k="local_y" v="2768139.4131"/>
    <tag k="ele" v="9.0121"/>
  </node>
  <node id="103000017025" lat="25.02033026097" lon="121.54268453615">
    <tag k="local_x" v="304769.8801"/>
    <tag k="local_y" v="2768139.0121"/>
    <tag k="ele" v="9.0181"/>
  </node>
  <node id="103000017026" lat="25.02032743668" lon="121.54268623887">
    <tag k="local_x" v="304770.0591"/>
    <tag k="local_y" v="2768138.7028"/>
    <tag k="ele" v="9.0271"/>
  </node>
  <node id="103000017027" lat="25.02032398438" lon="121.54268759956">
    <tag k="local_x" v="304770.2051"/>
    <tag k="local_y" v="2768138.3231"/>
    <tag k="ele" v="9.0271"/>
  </node>
  <node id="103000017028" lat="25.02031952284" lon="121.54268829313">
    <tag k="local_x" v="304770.2862"/>
    <tag k="local_y" v="2768137.83"/>
    <tag k="ele" v="9.0241"/>
  </node>
  <node id="10300002902" lat="25.02022252513" lon="121.54266290358">
    <tag k="local_x" v="304767.9611"/>
    <tag k="local_y" v="2768127.0184"/>
    <tag k="ele" v="8.9698"/>
  </node>
  <node id="10300002903" lat="25.02021470101" lon="121.54265468429">
    <tag k="local_x" v="304767.1501"/>
    <tag k="local_y" v="2768126.1324"/>
    <tag k="ele" v="8.9738"/>
  </node>
  <node id="10300002904" lat="25.02020800677" lon="121.54264687672">
    <tag k="local_x" v="304766.3779"/>
    <tag k="local_y" v="2768125.3726"/>
    <tag k="ele" v="8.9579"/>
  </node>
  <node id="10300002905" lat="25.02020316484" lon="121.54264059136">
    <tag k="local_x" v="304765.7549"/>
    <tag k="local_y" v="2768124.8216"/>
    <tag k="ele" v="8.9619"/>
  </node>
  <node id="10300002906" lat="25.02020142379" lon="121.54263905306">
    <tag k="local_x" v="304765.6038"/>
    <tag k="local_y" v="2768124.6251"/>
    <tag k="ele" v="8.9709"/>
  </node>
  <node id="10300002907" lat="25.02019945406" lon="121.54263740622">
    <tag k="local_x" v="304765.4423"/>
    <tag k="local_y" v="2768124.403"/>
    <tag k="ele" v="8.9789"/>
  </node>
  <node id="10300002908" lat="25.02019705947" lon="121.54263545104">
    <tag k="local_x" v="304765.2507"/>
    <tag k="local_y" v="2768124.1331"/>
    <tag k="ele" v="8.9849"/>
  </node>
  <node id="10300002909" lat="25.02019424845" lon="121.54263321641">
    <tag k="local_x" v="304765.0319"/>
    <tag k="local_y" v="2768123.8164"/>
    <tag k="ele" v="8.9899"/>
  </node>
  <node id="103000029010" lat="25.0201910237" lon="121.54263079151">
    <tag k="local_x" v="304764.7949"/>
    <tag k="local_y" v="2768123.4534"/>
    <tag k="ele" v="8.9959"/>
  </node>
  <node id="103000029011" lat="25.02018728132" lon="121.54262809657">
    <tag k="local_x" v="304764.5319"/>
    <tag k="local_y" v="2768123.0324"/>
    <tag k="ele" v="9.0019"/>
  </node>
  <node id="103000029012" lat="25.02018366618" lon="121.5426254869">
    <tag k="local_x" v="304764.2772"/>
    <tag k="local_y" v="2768122.6257"/>
    <tag k="ele" v="9.0121"/>
  </node>
  <node id="103000029013" lat="25.02017915032" lon="121.54262224049">
    <tag k="local_x" v="304763.9604"/>
    <tag k="local_y" v="2768122.1177"/>
    <tag k="ele" v="9.0171"/>
  </node>
  <node id="103000029014" lat="25.0201753312" lon="121.54261963771">
    <tag k="local_x" v="304763.7069"/>
    <tag k="local_y" v="2768121.6884"/>
    <tag k="ele" v="9.0341"/>
  </node>
  <node id="103000029015" lat="25.02017239369" lon="121.54261772466">
    <tag k="local_x" v="304763.5209"/>
    <tag k="local_y" v="2768121.3584"/>
    <tag k="ele" v="9.0301"/>
  </node>
  <node id="103000029016" lat="25.02016935299" lon="121.54261578534">
    <tag k="local_x" v="304763.3325"/>
    <tag k="local_y" v="2768121.0169"/>
    <tag k="ele" v="9.0251"/>
  </node>
  <node id="103000029017" lat="25.02016718995" lon="121.54261446339">
    <tag k="local_x" v="304763.2043"/>
    <tag k="local_y" v="2768120.7741"/>
    <tag k="ele" v="8.992"/>
  </node>
  <node id="103000029018" lat="25.0201646245" lon="121.54261297124">
    <tag k="local_x" v="304763.0599"/>
    <tag k="local_y" v="2768120.4863"/>
    <tag k="ele" v="8.992"/>
  </node>
  <node id="103000029019" lat="25.02016216716" lon="121.54261161833">
    <tag k="local_x" v="304762.9293"/>
    <tag k="local_y" v="2768120.2108"/>
    <tag k="ele" v="8.979"/>
  </node>
  <node id="103000029020" lat="25.02016019534" lon="121.54260980811">
    <tag k="local_x" v="304762.7513"/>
    <tag k="local_y" v="2768119.9881"/>
    <tag k="ele" v="8.979"/>
  </node>
  <node id="103000029021" lat="25.02015830585" lon="121.54260878388">
    <tag k="local_x" v="304762.6525"/>
    <tag k="local_y" v="2768119.7763"/>
    <tag k="ele" v="8.979"/>
  </node>
  <node id="103000029022" lat="25.0201556083" lon="121.54260771215">
    <tag k="local_x" v="304762.5509"/>
    <tag k="local_y" v="2768119.4748"/>
    <tag k="ele" v="8.986"/>
  </node>
  <node id="103000029023" lat="25.0201523925" lon="121.54260697716">
    <tag k="local_x" v="304762.4846"/>
    <tag k="local_y" v="2768119.1166"/>
    <tag k="ele" v="8.9871"/>
  </node>
  <node id="103000029024" lat="25.02014831755" lon="121.54260635576">
    <tag k="local_x" v="304762.4319"/>
    <tag k="local_y" v="2768118.6634"/>
    <tag k="ele" v="8.9871"/>
  </node>
  <node id="103000029025" lat="25.02014346428" lon="121.54260604296">
    <tag k="local_x" v="304762.4123"/>
    <tag k="local_y" v="2768118.1246"/>
    <tag k="ele" v="8.978"/>
  </node>
  <node id="103000029026" lat="25.02013810819" lon="121.54260588513">
    <tag k="local_x" v="304762.4096"/>
    <tag k="local_y" v="2768117.5304"/>
    <tag k="ele" v="8.965"/>
  </node>
  <node id="103000029027" lat="25.02013385672" lon="121.54260596122">
    <tag k="local_x" v="304762.4278"/>
    <tag k="local_y" v="2768117.0592"/>
    <tag k="ele" v="8.951"/>
  </node>
  <node id="10300001601" lat="25.02040940081" lon="121.5427533079">
    <tag k="local_x" v="304776.632"/>
    <tag k="local_y" v="2768147.9415"/>
    <tag k="ele" v="9.0014"/>
  </node>
  <node id="10300001602" lat="25.02041023151" lon="121.54275281845">
    <tag k="local_x" v="304776.5805"/>
    <tag k="local_y" v="2768148.0325"/>
    <tag k="ele" v="9.0009"/>
  </node>
  <node id="10300001603" lat="25.02041130703" lon="121.5427523548">
    <tag k="local_x" v="304776.531"/>
    <tag k="local_y" v="2768148.1507"/>
    <tag k="ele" v="9.0019"/>
  </node>
  <node id="10300001604" lat="25.02041346085" lon="121.54275146715">
    <tag k="local_x" v="304776.436"/>
    <tag k="local_y" v="2768148.3875"/>
    <tag k="ele" v="9.0081"/>
  </node>
  <node id="10300001605" lat="25.02041603477" lon="121.54275027897">
    <tag k="local_x" v="304776.3096"/>
    <tag k="local_y" v="2768148.6702"/>
    <tag k="ele" v="9.0121"/>
  </node>
  <node id="10300001606" lat="25.02042009032" lon="121.54274772738">
    <tag k="local_x" v="304776.0418"/>
    <tag k="local_y" v="2768149.1141"/>
    <tag k="ele" v="9.0141"/>
  </node>
  <node id="10300001607" lat="25.02042319889" lon="121.54274441814">
    <tag k="local_x" v="304775.6998"/>
    <tag k="local_y" v="2768149.4513"/>
    <tag k="ele" v="9.0111"/>
  </node>
  <node id="10300001608" lat="25.02042610839" lon="121.54273976573">
    <tag k="local_x" v="304775.2226"/>
    <tag k="local_y" v="2768149.7634"/>
    <tag k="ele" v="9.0141"/>
  </node>
  <node id="10300001609" lat="25.02042826578" lon="121.5427334656">
    <tag k="local_x" v="304774.5808"/>
    <tag k="local_y" v="2768149.9884"/>
    <tag k="ele" v="9.0181"/>
  </node>
  <node id="103000016010" lat="25.02042960099" lon="121.54272719087">
    <tag k="local_x" v="304773.9436"/>
    <tag k="local_y" v="2768150.1223"/>
    <tag k="ele" v="9.0251"/>
  </node>
  <node id="103000016011" lat="25.02043019261" lon="121.54272084647">
    <tag k="local_x" v="304773.3012"/>
    <tag k="local_y" v="2768150.1736"/>
    <tag k="ele" v="9.0271"/>
  </node>
  <node id="103000016012" lat="25.02043048679" lon="121.54271373853">
    <tag k="local_x" v="304772.5824"/>
    <tag k="local_y" v="2768150.1902"/>
    <tag k="ele" v="9.0221"/>
  </node>
  <node id="103000016013" lat="25.02043017192" lon="121.54270650878">
    <tag k="local_x" v="304771.8528"/>
    <tag k="local_y" v="2768150.139"/>
    <tag k="ele" v="9.0341"/>
  </node>
  <node id="103000016014" lat="25.02042885321" lon="121.54269989985">
    <tag k="local_x" v="304771.1884"/>
    <tag k="local_y" v="2768149.9779"/>
    <tag k="ele" v="9.0331"/>
  </node>
  <node id="103000016015" lat="25.02042759877" lon="121.54269598689">
    <tag k="local_x" v="304770.7962"/>
    <tag k="local_y" v="2768149.83"/>
    <tag k="ele" v="9.0371"/>
  </node>
  <node id="103000016016" lat="25.02042593537" lon="121.542692936">
    <tag k="local_x" v="304770.4921"/>
    <tag k="local_y" v="2768149.6387"/>
    <tag k="ele" v="9.0341"/>
  </node>
  <node id="103000016017" lat="25.02042444688" lon="121.54269033186">
    <tag k="local_x" v="304770.2327"/>
    <tag k="local_y" v="2768149.4678"/>
    <tag k="ele" v="9.0321"/>
  </node>
  <node id="103000016018" lat="25.02042278926" lon="121.54268797303">
    <tag k="local_x" v="304769.9985"/>
    <tag k="local_y" v="2768149.2787"/>
    <tag k="ele" v="9.0321"/>
  </node>
  <node id="103000016019" lat="25.02042122247" lon="121.54268602622">
    <tag k="local_x" v="304769.8057"/>
    <tag k="local_y" v="2768149.1006"/>
    <tag k="ele" v="9.0291"/>
  </node>
  <node id="10300005002" lat="25.02056596025" lon="121.54196258358">
    <tag k="local_x" v="304696.3628"/>
    <tag k="local_y" v="2768163.5182"/>
    <tag k="ele" v="8.9746"/>
  </node>
  <node id="10300005003" lat="25.0205618997" lon="121.54196311772">
    <tag k="local_x" v="304696.4268"/>
    <tag k="local_y" v="2768163.0692"/>
    <tag k="ele" v="8.9726"/>
  </node>
  <node id="10300005004" lat="25.02055742417" lon="121.5419637011">
    <tag k="local_x" v="304696.4968"/>
    <tag k="local_y" v="2768162.5743"/>
    <tag k="ele" v="8.9736"/>
  </node>
  <node id="10300005005" lat="25.02055575099" lon="121.54196392742">
    <tag k="local_x" v="304696.5238"/>
    <tag k="local_y" v="2768162.3893"/>
    <tag k="ele" v="8.9696"/>
  </node>
  <node id="10300005006" lat="25.02055356946" lon="121.54196426998">
    <tag k="local_x" v="304696.5638"/>
    <tag k="local_y" v="2768162.1482"/>
    <tag k="ele" v="8.9736"/>
  </node>
  <node id="10300005007" lat="25.02055044167" lon="121.54196461907">
    <tag k="local_x" v="304696.6068"/>
    <tag k="local_y" v="2768161.8022"/>
    <tag k="ele" v="8.9826"/>
  </node>
  <node id="10300005008" lat="25.02054787425" lon="121.54196482153">
    <tag k="local_x" v="304696.6336"/>
    <tag k="local_y" v="2768161.518"/>
    <tag k="ele" v="8.985"/>
  </node>
  <node id="10300005009" lat="25.02054609448" lon="121.54196496704">
    <tag k="local_x" v="304696.6527"/>
    <tag k="local_y" v="2768161.321"/>
    <tag k="ele" v="8.985"/>
  </node>
  <node id="103000050010" lat="25.02054211852" lon="121.54196537754">
    <tag k="local_x" v="304696.704"/>
    <tag k="local_y" v="2768160.8811"/>
    <tag k="ele" v="8.992"/>
  </node>
  <node id="103000050011" lat="25.02053753161" lon="121.5419659384">
    <tag k="local_x" v="304696.772"/>
    <tag k="local_y" v="2768160.3738"/>
    <tag k="ele" v="9.0111"/>
  </node>
  <node id="103000050012" lat="25.02053268644" lon="121.5419671799">
    <tag k="local_x" v="304696.9094"/>
    <tag k="local_y" v="2768159.8394"/>
    <tag k="ele" v="9.0181"/>
  </node>
  <node id="103000050013" lat="25.02052905921" lon="121.54196938168">
    <tag k="local_x" v="304697.1408"/>
    <tag k="local_y" v="2768159.4422"/>
    <tag k="ele" v="8.988"/>
  </node>
  <node id="103000050014" lat="25.02052515001" lon="121.54197263275">
    <tag k="local_x" v="304697.4789"/>
    <tag k="local_y" v="2768159.0161"/>
    <tag k="ele" v="8.985"/>
  </node>
  <node id="103000050015" lat="25.02052123505" lon="121.54197572331">
    <tag k="local_x" v="304697.8008"/>
    <tag k="local_y" v="2768158.589"/>
    <tag k="ele" v="8.991"/>
  </node>
  <node id="103000050016" lat="25.02051702392" lon="121.54197936294">
    <tag k="local_x" v="304698.1789"/>
    <tag k="local_y" v="2768158.1303"/>
    <tag k="ele" v="9.0161"/>
  </node>
  <node id="103000050017" lat="25.02051352299" lon="121.54198231813">
    <tag k="local_x" v="304698.4861"/>
    <tag k="local_y" v="2768157.7488"/>
    <tag k="ele" v="8.997"/>
  </node>
  <node id="103000050018" lat="25.02051007685" lon="121.54198506283">
    <tag k="local_x" v="304698.7719"/>
    <tag k="local_y" v="2768157.3729"/>
    <tag k="ele" v="9.0049"/>
  </node>
  <node id="103000050019" lat="25.02050597821" lon="121.54198751637">
    <tag k="local_x" v="304699.0299"/>
    <tag k="local_y" v="2768156.924"/>
    <tag k="ele" v="9.0121"/>
  </node>
  <node id="103000050020" lat="25.02050108801" lon="121.54198893198">
    <tag k="local_x" v="304699.185"/>
    <tag k="local_y" v="2768156.385"/>
    <tag k="ele" v="9.0161"/>
  </node>
  <node id="103000050021" lat="25.02049751366" lon="121.54198950772">
    <tag k="local_x" v="304699.252"/>
    <tag k="local_y" v="2768155.99"/>
    <tag k="ele" v="9.0211"/>
  </node>
  <node id="103000050022" lat="25.02049350724" lon="121.54198990856">
    <tag k="local_x" v="304699.3024"/>
    <tag k="local_y" v="2768155.5467"/>
    <tag k="ele" v="9.0241"/>
  </node>
  <node id="103000050023" lat="25.0204899069" lon="121.54199003229">
    <tag k="local_x" v="304699.3238"/>
    <tag k="local_y" v="2768155.1478"/>
    <tag k="ele" v="9.0251"/>
  </node>
  <node id="103000050024" lat="25.02048538957" lon="121.54198960993">
    <tag k="local_x" v="304699.2923"/>
    <tag k="local_y" v="2768154.646"/>
    <tag k="ele" v="9.0271"/>
  </node>
  <node id="103000050025" lat="25.02048094017" lon="121.5419881964">
    <tag k="local_x" v="304699.1605"/>
    <tag k="local_y" v="2768154.1495"/>
    <tag k="ele" v="9.0261"/>
  </node>
  <node id="103000050026" lat="25.02047732607" lon="121.5419860233">
    <tag k="local_x" v="304698.9499"/>
    <tag k="local_y" v="2768153.7439"/>
    <tag k="ele" v="9.0281"/>
  </node>
  <node id="103000050027" lat="25.02047356193" lon="121.54198324469">
    <tag k="local_x" v="304698.6785"/>
    <tag k="local_y" v="2768153.3203"/>
    <tag k="ele" v="9.0241"/>
  </node>
  <node id="103000050028" lat="25.02046949065" lon="121.54198022298">
    <tag k="local_x" v="304698.3833"/>
    <tag k="local_y" v="2768152.8621"/>
    <tag k="ele" v="9.0221"/>
  </node>
  <node id="103000050029" lat="25.02046598803" lon="121.54197717955">
    <tag k="local_x" v="304698.0845"/>
    <tag k="local_y" v="2768152.4669"/>
    <tag k="ele" v="9.0181"/>
  </node>
  <node id="103000050030" lat="25.02046242334" lon="121.54197430585">
    <tag k="local_x" v="304697.803"/>
    <tag k="local_y" v="2768152.0652"/>
    <tag k="ele" v="9.0231"/>
  </node>
  <node id="103000050031" lat="25.0204584531" lon="121.54197150537">
    <tag k="local_x" v="304697.5299"/>
    <tag k="local_y" v="2768151.6187"/>
    <tag k="ele" v="9.0201"/>
  </node>
  <node id="103000050032" lat="25.02045454963" lon="121.54196945783">
    <tag k="local_x" v="304697.3327"/>
    <tag k="local_y" v="2768151.1813"/>
    <tag k="ele" v="9.0181"/>
  </node>
  <node id="103000050033" lat="25.0204504047" lon="121.54196722027">
    <tag k="local_x" v="304697.1169"/>
    <tag k="local_y" v="2768150.7167"/>
    <tag k="ele" v="9.0191"/>
  </node>
  <node id="103000050034" lat="25.02044592326" lon="121.54196507544">
    <tag k="local_x" v="304696.9113"/>
    <tag k="local_y" v="2768150.215"/>
    <tag k="ele" v="9.0181"/>
  </node>
  <node id="103000050035" lat="25.02044072761" lon="121.54196319128">
    <tag k="local_x" v="304696.7338"/>
    <tag k="local_y" v="2768149.6347"/>
    <tag k="ele" v="9.0191"/>
  </node>
  <node id="103000050036" lat="25.02043467488" lon="121.54196127427">
    <tag k="local_x" v="304696.5551"/>
    <tag k="local_y" v="2768148.9593"/>
    <tag k="ele" v="9.0231"/>
  </node>
  <node id="103000050037" lat="25.02042932759" lon="121.54195997241">
    <tag k="local_x" v="304696.4368"/>
    <tag k="local_y" v="2768148.3635"/>
    <tag k="ele" v="9.0261"/>
  </node>
  <node id="103000050038" lat="25.02042460648" lon="121.5419590145">
    <tag k="local_x" v="304696.3517"/>
    <tag k="local_y" v="2768147.8379"/>
    <tag k="ele" v="9.0311"/>
  </node>
  <node id="103000050039" lat="25.02041961526" lon="121.54195843306">
    <tag k="local_x" v="304696.3053"/>
    <tag k="local_y" v="2768147.2832"/>
    <tag k="ele" v="9.0321"/>
  </node>
  <node id="103000050040" lat="25.02041351639" lon="121.54195820956">
    <tag k="local_x" v="304696.2978"/>
    <tag k="local_y" v="2768146.6065"/>
    <tag k="ele" v="9.0311"/>
  </node>
  <node id="103000050041" lat="25.02040818458" lon="121.54195823251">
    <tag k="local_x" v="304696.3133"/>
    <tag k="local_y" v="2768146.0154"/>
    <tag k="ele" v="9.0371"/>
  </node>
  <node id="103000050042" lat="25.02040187277" lon="121.54195832453">
    <tag k="local_x" v="304696.3382"/>
    <tag k="local_y" v="2768145.3158"/>
    <tag k="ele" v="9.0291"/>
  </node>
  <node id="103000050043" lat="25.02039584178" lon="121.54195866692">
    <tag k="local_x" v="304696.3877"/>
    <tag k="local_y" v="2768144.6479"/>
    <tag k="ele" v="9.0241"/>
  </node>
  <node id="103000050044" lat="25.02038984482" lon="121.54195911012">
    <tag k="local_x" v="304696.4473"/>
    <tag k="local_y" v="2768143.984"/>
    <tag k="ele" v="9.0241"/>
  </node>
  <node id="103000050045" lat="25.02038429345" lon="121.54195995127">
    <tag k="local_x" v="304696.546"/>
    <tag k="local_y" v="2768143.3704"/>
    <tag k="ele" v="9.0171"/>
  </node>
  <node id="103000050046" lat="25.02037822989" lon="121.5419612758">
    <tag k="local_x" v="304696.6948"/>
    <tag k="local_y" v="2768142.7011"/>
    <tag k="ele" v="9.0111"/>
  </node>
  <node id="103000050047" lat="25.02037383149" lon="121.54196196896">
    <tag k="local_x" v="304696.7757"/>
    <tag k="local_y" v="2768142.215"/>
    <tag k="ele" v="9.0018"/>
  </node>
  <node id="103000050048" lat="25.02036944126" lon="121.54196226044">
    <tag k="local_x" v="304696.816"/>
    <tag k="local_y" v="2768141.7289"/>
    <tag k="ele" v="9.0101"/>
  </node>
  <node id="103000050049" lat="25.02036510323" lon="121.54196224634">
    <tag k="local_x" v="304696.8253"/>
    <tag k="local_y" v="2768141.2479"/>
    <tag k="ele" v="9.0191"/>
  </node>
  <node id="103000050050" lat="25.02036028459" lon="121.54196200468">
    <tag k="local_x" v="304696.8128"/>
    <tag k="local_y" v="2768140.7131"/>
    <tag k="ele" v="9.0151"/>
  </node>
  <node id="103000050051" lat="25.02035573014" lon="121.54196141116">
    <tag k="local_x" v="304696.7641"/>
    <tag k="local_y" v="2768140.2068"/>
    <tag k="ele" v="9.0191"/>
  </node>
  <node id="103000050052" lat="25.0203513905" lon="121.54196018939">
    <tag k="local_x" v="304696.6514"/>
    <tag k="local_y" v="2768139.7229"/>
    <tag k="ele" v="9.0131"/>
  </node>
  <node id="103000050053" lat="25.02034698246" lon="121.54195838291">
    <tag k="local_x" v="304696.4798"/>
    <tag k="local_y" v="2768139.2301"/>
    <tag k="ele" v="9.0141"/>
  </node>
  <node id="103000050054" lat="25.02034263237" lon="121.54195616607">
    <tag k="local_x" v="304696.2666"/>
    <tag k="local_y" v="2768138.7428"/>
    <tag k="ele" v="9.0081"/>
  </node>
  <node id="103000050055" lat="25.0203383399" lon="121.54195351015">
    <tag k="local_x" v="304696.0089"/>
    <tag k="local_y" v="2768138.2609"/>
    <tag k="ele" v="8.9988"/>
  </node>
  <node id="103000050056" lat="25.02033341658" lon="121.54194980834">
    <tag k="local_x" v="304695.6471"/>
    <tag k="local_y" v="2768137.7067"/>
    <tag k="ele" v="8.9998"/>
  </node>
  <node id="103000050057" lat="25.020329296" lon="121.5419469933">
    <tag k="local_x" v="304695.3729"/>
    <tag k="local_y" v="2768137.2435"/>
    <tag k="ele" v="9.0008"/>
  </node>
  <node id="103000050058" lat="25.02032547229" lon="121.54194439438">
    <tag k="local_x" v="304695.1198"/>
    <tag k="local_y" v="2768136.8137"/>
    <tag k="ele" v="8.9998"/>
  </node>
  <node id="103000050059" lat="25.02032133849" lon="121.54194209671">
    <tag k="local_x" v="304694.8979"/>
    <tag k="local_y" v="2768136.3502"/>
    <tag k="ele" v="9.0037"/>
  </node>
  <node id="103000050060" lat="25.02031713269" lon="121.54194028034">
    <tag k="local_x" v="304694.7248"/>
    <tag k="local_y" v="2768135.8798"/>
    <tag k="ele" v="9.0058"/>
  </node>
  <node id="103000050061" lat="25.0203132031" lon="121.54193880826">
    <tag k="local_x" v="304694.5858"/>
    <tag k="local_y" v="2768135.4408"/>
    <tag k="ele" v="9.0058"/>
  </node>
  <node id="103000050062" lat="25.02030824285" lon="121.54193727929">
    <tag k="local_x" v="304694.4436"/>
    <tag k="local_y" v="2768134.8874"/>
    <tag k="ele" v="9.0101"/>
  </node>
  <node id="103000050063" lat="25.02030345214" lon="121.54193663941">
    <tag k="local_x" v="304694.3908"/>
    <tag k="local_y" v="2768134.3548"/>
    <tag k="ele" v="9.0111"/>
  </node>
  <node id="103000050064" lat="25.02029999535" lon="121.54193657857">
    <tag k="local_x" v="304694.3932"/>
    <tag k="local_y" v="2768133.9714"/>
    <tag k="ele" v="9.0078"/>
  </node>
  <node id="103000050065" lat="25.02029700222" lon="121.54193664787">
    <tag k="local_x" v="304694.4076"/>
    <tag k="local_y" v="2768133.6397"/>
    <tag k="ele" v="9.0068"/>
  </node>
  <node id="103000050066" lat="25.0202935082" lon="121.54193708798">
    <tag k="local_x" v="304694.4607"/>
    <tag k="local_y" v="2768133.2533"/>
    <tag k="ele" v="9.0058"/>
  </node>
  <node id="103000050067" lat="25.02028968543" lon="121.54193781602">
    <tag k="local_x" v="304694.5437"/>
    <tag k="local_y" v="2768132.8311"/>
    <tag k="ele" v="9.0028"/>
  </node>
  <node id="103000050068" lat="25.02028535508" lon="121.5419390226">
    <tag k="local_x" v="304694.6763"/>
    <tag k="local_y" v="2768132.3537"/>
    <tag k="ele" v="9.0008"/>
  </node>
  <node id="103000050069" lat="25.02028139581" lon="121.54194025411">
    <tag k="local_x" v="304694.8105"/>
    <tag k="local_y" v="2768131.9175"/>
    <tag k="ele" v="9.0028"/>
  </node>
  <node id="103000050070" lat="25.0202774912" lon="121.54194145924">
    <tag k="local_x" v="304694.9419"/>
    <tag k="local_y" v="2768131.4873"/>
    <tag k="ele" v="8.9958"/>
  </node>
  <node id="103000050071" lat="25.02027343018" lon="121.54194246059">
    <tag k="local_x" v="304695.0531"/>
    <tag k="local_y" v="2768131.0393"/>
    <tag k="ele" v="8.9958"/>
  </node>
  <node id="103000050072" lat="25.02027033256" lon="121.54194274509">
    <tag k="local_x" v="304695.0895"/>
    <tag k="local_y" v="2768130.6965"/>
    <tag k="ele" v="8.9938"/>
  </node>
  <node id="103000050073" lat="25.02026605851" lon="121.54194286718">
    <tag k="local_x" v="304695.1124"/>
    <tag k="local_y" v="2768130.2229"/>
    <tag k="ele" v="8.9858"/>
  </node>
  <node id="103000050074" lat="25.02026184007" lon="121.54194269367">
    <tag k="local_x" v="304695.1053"/>
    <tag k="local_y" v="2768129.7548"/>
    <tag k="ele" v="8.9868"/>
  </node>
  <node id="103000050075" lat="25.02025748907" lon="121.54194225262">
    <tag k="local_x" v="304695.0715"/>
    <tag k="local_y" v="2768129.2714"/>
    <tag k="ele" v="8.9818"/>
  </node>
  <node id="103000050076" lat="25.02025356503" lon="121.54194161712">
    <tag k="local_x" v="304695.017"/>
    <tag k="local_y" v="2768128.8349"/>
    <tag k="ele" v="8.9848"/>
  </node>
  <node id="103000050077" lat="25.02024964421" lon="121.54194086786">
    <tag k="local_x" v="304694.951"/>
    <tag k="local_y" v="2768128.3985"/>
    <tag k="ele" v="8.9741"/>
  </node>
  <node id="103000050078" lat="25.02024591905" lon="121.54194003232">
    <tag k="local_x" v="304694.8758"/>
    <tag k="local_y" v="2768127.9836"/>
    <tag k="ele" v="8.9741"/>
  </node>
  <node id="103000050079" lat="25.02024256244" lon="121.54193930281">
    <tag k="local_x" v="304694.8104"/>
    <tag k="local_y" v="2768127.6098"/>
    <tag k="ele" v="8.9731"/>
  </node>
  <node id="103000050080" lat="25.02023772455" lon="121.54193832126">
    <tag k="local_x" v="304694.7232"/>
    <tag k="local_y" v="2768127.0712"/>
    <tag k="ele" v="8.9711"/>
  </node>
  <node id="103000050081" lat="25.02023387376" lon="121.54193812012">
    <tag k="local_x" v="304694.7124"/>
    <tag k="local_y" v="2768126.6438"/>
    <tag k="ele" v="8.963"/>
  </node>
  <node id="103000050082" lat="25.02023012006" lon="121.54193846776">
    <tag k="local_x" v="304694.7568"/>
    <tag k="local_y" v="2768126.2284"/>
    <tag k="ele" v="8.954"/>
  </node>
  <node id="103000050083" lat="25.02022614299" lon="121.54193959885">
    <tag k="local_x" v="304694.8809"/>
    <tag k="local_y" v="2768125.79"/>
    <tag k="ele" v="8.956"/>
  </node>
  <node id="103000050084" lat="25.02022150259" lon="121.54194208171">
    <tag k="local_x" v="304695.1432"/>
    <tag k="local_y" v="2768125.2811"/>
    <tag k="ele" v="8.95"/>
  </node>
  <node id="103000050085" lat="25.02021754927" lon="121.54194515153">
    <tag k="local_x" v="304695.4631"/>
    <tag k="local_y" v="2768124.8497"/>
    <tag k="ele" v="8.95"/>
  </node>
  <node id="103000050086" lat="25.02021412709" lon="121.54194835908">
    <tag k="local_x" v="304695.7956"/>
    <tag k="local_y" v="2768124.4775"/>
    <tag k="ele" v="8.947"/>
  </node>
  <node id="103000050087" lat="25.02020383346" lon="121.54195691893">
    <tag k="local_x" v="304696.6858"/>
    <tag k="local_y" v="2768123.3555"/>
    <tag k="ele" v="8.97"/>
  </node>
  <node id="103000050088" lat="25.02019931521" lon="121.54195956018">
    <tag k="local_x" v="304696.9638"/>
    <tag k="local_y" v="2768122.8605"/>
    <tag k="ele" v="8.972"/>
  </node>
  <node id="103000050089" lat="25.02019577701" lon="121.54196119793">
    <tag k="local_x" v="304697.138"/>
    <tag k="local_y" v="2768122.4719"/>
    <tag k="ele" v="8.9689"/>
  </node>
  <node id="103000050090" lat="25.02019238607" lon="121.54196215827">
    <tag k="local_x" v="304697.2434"/>
    <tag k="local_y" v="2768122.0981"/>
    <tag k="ele" v="8.9739"/>
  </node>
  <node id="103000050091" lat="25.02018910094" lon="121.54196270446">
    <tag k="local_x" v="304697.3067"/>
    <tag k="local_y" v="2768121.7351"/>
    <tag k="ele" v="8.9789"/>
  </node>
  <node id="103000050092" lat="25.0201856601" lon="121.54196296868">
    <tag k="local_x" v="304697.3419"/>
    <tag k="local_y" v="2768121.3542"/>
    <tag k="ele" v="8.9829"/>
  </node>
  <node id="103000050093" lat="25.0201817996" lon="121.54196271286">
    <tag k="local_x" v="304697.3256"/>
    <tag k="local_y" v="2768120.9256"/>
    <tag k="ele" v="8.9779"/>
  </node>
  <node id="103000050094" lat="25.02017791364" lon="121.5419620674">
    <tag k="local_x" v="304697.27"/>
    <tag k="local_y" v="2768120.4933"/>
    <tag k="ele" v="8.9768"/>
  </node>
  <node id="103000050095" lat="25.02017465134" lon="121.5419611353">
    <tag k="local_x" v="304697.1839"/>
    <tag k="local_y" v="2768120.1295"/>
    <tag k="ele" v="8.9748"/>
  </node>
  <node id="103000050096" lat="25.02017099228" lon="121.54195984307">
    <tag k="local_x" v="304697.0624"/>
    <tag k="local_y" v="2768119.7209"/>
    <tag k="ele" v="8.9758"/>
  </node>
  <node id="103000050097" lat="25.02016803844" lon="121.5419584226">
    <tag k="local_x" v="304696.9262"/>
    <tag k="local_y" v="2768119.3902"/>
    <tag k="ele" v="8.9658"/>
  </node>
  <node id="103000050098" lat="25.0201639716" lon="121.54195633642">
    <tag k="local_x" v="304696.7255"/>
    <tag k="local_y" v="2768118.9346"/>
    <tag k="ele" v="8.9638"/>
  </node>
  <node id="103000050099" lat="25.02016085933" lon="121.54195441219">
    <tag k="local_x" v="304696.5388"/>
    <tag k="local_y" v="2768118.5852"/>
    <tag k="ele" v="8.9638"/>
  </node>
  <node id="1030000500100" lat="25.02015845527" lon="121.54195278938">
    <tag k="local_x" v="304696.3808"/>
    <tag k="local_y" v="2768118.315"/>
    <tag k="ele" v="8.9668"/>
  </node>
  <node id="10300005802" lat="25.01997499045" lon="121.54218873879">
    <tag k="local_x" v="304720.671"/>
    <tag k="local_y" v="2768098.5053"/>
    <tag k="ele" v="9.0961"/>
  </node>
  <node id="10300005803" lat="25.01998537265" lon="121.54220201053">
    <tag k="local_x" v="304721.9861"/>
    <tag k="local_y" v="2768099.6863"/>
    <tag k="ele" v="9.0781"/>
  </node>
  <node id="10300005804" lat="25.01999110648" lon="121.54220972328">
    <tag k="local_x" v="304722.7511"/>
    <tag k="local_y" v="2768100.3394"/>
    <tag k="ele" v="9.0581"/>
  </node>
  <node id="10300005805" lat="25.01999426315" lon="121.54221461126">
    <tag k="local_x" v="304723.2371"/>
    <tag k="local_y" v="2768100.7004"/>
    <tag k="ele" v="9.0461"/>
  </node>
  <node id="10300005806" lat="25.01999789092" lon="121.54222028385">
    <tag k="local_x" v="304723.8012"/>
    <tag k="local_y" v="2768101.1154"/>
    <tag k="ele" v="9.0381"/>
  </node>
  <node id="10300005807" lat="25.02000084605" lon="121.54222532527">
    <tag k="local_x" v="304724.3032"/>
    <tag k="local_y" v="2768101.4544"/>
    <tag k="ele" v="9.0301"/>
  </node>
  <node id="10300005808" lat="25.02000304938" lon="121.54222963559">
    <tag k="local_x" v="304724.7332"/>
    <tag k="local_y" v="2768101.7084"/>
    <tag k="ele" v="9.0231"/>
  </node>
  <node id="10300005809" lat="25.02000567957" lon="121.54223468886">
    <tag k="local_x" v="304725.2372"/>
    <tag k="local_y" v="2768102.0114"/>
    <tag k="ele" v="9.0121"/>
  </node>
  <node id="103000058010" lat="25.02000724673" lon="121.54223790467">
    <tag k="local_x" v="304725.5582"/>
    <tag k="local_y" v="2768102.1924"/>
    <tag k="ele" v="9.0161"/>
  </node>
  <node id="103000058011" lat="25.02001014257" lon="121.54224404437">
    <tag k="local_x" v="304726.1713"/>
    <tag k="local_y" v="2768102.5273"/>
    <tag k="ele" v="9.0101"/>
  </node>
  <node id="103000058012" lat="25.02001276609" lon="121.54224986957">
    <tag k="local_x" v="304726.7533"/>
    <tag k="local_y" v="2768102.8313"/>
    <tag k="ele" v="9.0018"/>
  </node>
  <node id="103000058013" lat="25.02001539414" lon="121.54225680352">
    <tag k="local_x" v="304727.4473"/>
    <tag k="local_y" v="2768103.1383"/>
    <tag k="ele" v="8.9748"/>
  </node>
  <node id="103000058014" lat="25.02001719965" lon="121.54226200488">
    <tag k="local_x" v="304727.9683"/>
    <tag k="local_y" v="2768103.3502"/>
    <tag k="ele" v="8.9568"/>
  </node>
  <node id="103000058015" lat="25.02001885701" lon="121.54226744018">
    <tag k="local_x" v="304728.5133"/>
    <tag k="local_y" v="2768103.5462"/>
    <tag k="ele" v="8.9558"/>
  </node>
  <node id="103000058016" lat="25.02002022746" lon="121.54227323471">
    <tag k="local_x" v="304729.0953"/>
    <tag k="local_y" v="2768103.7112"/>
    <tag k="ele" v="8.9588"/>
  </node>
  <node id="10300001202" lat="25.02040517422" lon="121.54269992306">
    <tag k="local_x" v="304771.2493"/>
    <tag k="local_y" v="2768147.3526"/>
    <tag k="ele" v="9.0281"/>
  </node>
  <node id="10300001203" lat="25.02040210461" lon="121.5426978088">
    <tag k="local_x" v="304771.0433"/>
    <tag k="local_y" v="2768147.0075"/>
    <tag k="ele" v="9.0221"/>
  </node>
  <node id="10300001204" lat="25.02039890607" lon="121.54269586957">
    <tag k="local_x" v="304770.8553"/>
    <tag k="local_y" v="2768146.6485"/>
    <tag k="ele" v="9.0201"/>
  </node>
  <node id="10300001205" lat="25.02039565647" lon="121.54269422406">
    <tag k="local_x" v="304770.6971"/>
    <tag k="local_y" v="2768146.2845"/>
    <tag k="ele" v="9.0101"/>
  </node>
  <node id="10300001206" lat="25.02039146793" lon="121.54269262387">
    <tag k="local_x" v="304770.5458"/>
    <tag k="local_y" v="2768145.8165"/>
    <tag k="ele" v="9.0004"/>
  </node>
  <node id="10300001207" lat="25.02038833782" lon="121.54269175536">
    <tag k="local_x" v="304770.4658"/>
    <tag k="local_y" v="2768145.4675"/>
    <tag k="ele" v="8.9954"/>
  </node>
  <node id="10300001208" lat="25.0203859962" lon="121.54269114372">
    <tag k="local_x" v="304770.4098"/>
    <tag k="local_y" v="2768145.2065"/>
    <tag k="ele" v="8.9934"/>
  </node>
  <node id="10300001209" lat="25.02038265931" lon="121.54269077498">
    <tag k="local_x" v="304770.3808"/>
    <tag k="local_y" v="2768144.8357"/>
    <tag k="ele" v="8.9924"/>
  </node>
  <node id="103000012010" lat="25.02037840161" lon="121.5426904035">
    <tag k="local_x" v="304770.3538"/>
    <tag k="local_y" v="2768144.3628"/>
    <tag k="ele" v="8.9874"/>
  </node>
  <node id="103000012011" lat="25.02037353036" lon="121.54269044264">
    <tag k="local_x" v="304770.3698"/>
    <tag k="local_y" v="2768143.8228"/>
    <tag k="ele" v="8.9824"/>
  </node>
  <node id="103000012012" lat="25.02036951171" lon="121.54269069073">
    <tag k="local_x" v="304770.4048"/>
    <tag k="local_y" v="2768143.3778"/>
    <tag k="ele" v="8.9724"/>
  </node>
  <node id="103000012013" lat="25.02036591441" lon="121.54269146385">
    <tag k="local_x" v="304770.4918"/>
    <tag k="local_y" v="2768142.9807"/>
    <tag k="ele" v="8.9684"/>
  </node>
  <node id="103000012014" lat="25.02036211777" lon="121.54269237068">
    <tag k="local_x" v="304770.5928"/>
    <tag k="local_y" v="2768142.5618"/>
    <tag k="ele" v="8.9734"/>
  </node>
  <node id="103000012015" lat="25.02035884836" lon="121.54269387443">
    <tag k="local_x" v="304770.7528"/>
    <tag k="local_y" v="2768142.2027"/>
    <tag k="ele" v="8.9754"/>
  </node>
  <node id="103000012016" lat="25.02035599914" lon="121.54269494006">
    <tag k="local_x" v="304770.8675"/>
    <tag k="local_y" v="2768141.8892"/>
    <tag k="ele" v="8.9754"/>
  </node>
  <node id="103000012017" lat="25.0203526293" lon="121.54269610382">
    <tag k="local_x" v="304770.9934"/>
    <tag k="local_y" v="2768141.5182"/>
    <tag k="ele" v="8.9754"/>
  </node>
  <node id="103000012018" lat="25.02034885697" lon="121.5426971904">
    <tag k="local_x" v="304771.1125"/>
    <tag k="local_y" v="2768141.1024"/>
    <tag k="ele" v="8.9854"/>
  </node>
  <node id="103000012019" lat="25.02034535815" lon="121.5426979996">
    <tag k="local_x" v="304771.2029"/>
    <tag k="local_y" v="2768140.7163"/>
    <tag k="ele" v="8.9924"/>
  </node>
  <node id="103000012020" lat="25.0203413751" lon="121.54269871478">
    <tag k="local_x" v="304771.285"/>
    <tag k="local_y" v="2768140.2763"/>
    <tag k="ele" v="9.0044"/>
  </node>
  <node id="103000012021" lat="25.02033719558" lon="121.54269933408">
    <tag k="local_x" v="304771.3579"/>
    <tag k="local_y" v="2768139.8143"/>
    <tag k="ele" v="8.9934"/>
  </node>
  <node id="103000012022" lat="25.02033220124" lon="121.54269970478">
    <tag k="local_x" v="304771.4077"/>
    <tag k="local_y" v="2768139.2614"/>
    <tag k="ele" v="8.9844"/>
  </node>
  <node id="103000012023" lat="25.02032802253" lon="121.54269979552">
    <tag k="local_x" v="304771.4272"/>
    <tag k="local_y" v="2768138.7983"/>
    <tag k="ele" v="8.9844"/>
  </node>
  <node id="103000012024" lat="25.02032396438" lon="121.54269959027">
    <tag k="local_x" v="304771.4165"/>
    <tag k="local_y" v="2768138.3479"/>
    <tag k="ele" v="8.9854"/>
  </node>
  <node id="103000012025" lat="25.02032005667" lon="121.54269903928">
    <tag k="local_x" v="304771.3705"/>
    <tag k="local_y" v="2768137.9134"/>
    <tag k="ele" v="8.9864"/>
  </node>
  <node id="103000012026" lat="25.02031700465" lon="121.54269850033">
    <tag k="local_x" v="304771.3236"/>
    <tag k="local_y" v="2768137.5738"/>
    <tag k="ele" v="8.9874"/>
  </node>
  <node id="103000012027" lat="25.02031561543" lon="121.54269829013">
    <tag k="local_x" v="304771.3058"/>
    <tag k="local_y" v="2768137.4193"/>
    <tag k="ele" v="8.9904"/>
  </node>
  <node id="103000012028" lat="25.02031467148" lon="121.54269822743">
    <tag k="local_x" v="304771.3018"/>
    <tag k="local_y" v="2768137.3145"/>
    <tag k="ele" v="8.9889"/>
  </node>
  <node id="10300004802" lat="25.02027226148" lon="121.54269352684">
    <tag k="local_x" v="304770.9318"/>
    <tag k="local_y" v="2768132.6018"/>
    <tag k="ele" v="8.9854"/>
  </node>
  <node id="10300004803" lat="25.02027631439" lon="121.54269283613">
    <tag k="local_x" v="304770.852"/>
    <tag k="local_y" v="2768133.0496"/>
    <tag k="ele" v="8.9804"/>
  </node>
  <node id="10300004804" lat="25.02027961108" lon="121.54269269708">
    <tag k="local_x" v="304770.8298"/>
    <tag k="local_y" v="2768133.4148"/>
    <tag k="ele" v="8.9814"/>
  </node>
  <node id="10300004805" lat="25.02028353311" lon="121.54269276537">
    <tag k="local_x" v="304770.827"/>
    <tag k="local_y" v="2768133.8498"/>
    <tag k="ele" v="8.9824"/>
  </node>
  <node id="10300004806" lat="25.02028959503" lon="121.54269329782">
    <tag k="local_x" v="304770.8658"/>
    <tag k="local_y" v="2768134.5231"/>
    <tag k="ele" v="8.9804"/>
  </node>
  <node id="10300004807" lat="25.02029487931" lon="121.54269410423">
    <tag k="local_x" v="304770.9342"/>
    <tag k="local_y" v="2768135.1108"/>
    <tag k="ele" v="8.9824"/>
  </node>
  <node id="10300004808" lat="25.02029988865" lon="121.5426950811">
    <tag k="local_x" v="304771.0205"/>
    <tag k="local_y" v="2768135.6684"/>
    <tag k="ele" v="8.9864"/>
  </node>
  <node id="10300004809" lat="25.02030635708" lon="121.5426963362">
    <tag k="local_x" v="304771.1313"/>
    <tag k="local_y" v="2768136.3884"/>
    <tag k="ele" v="8.9864"/>
  </node>
  <node id="103000048010" lat="25.02031316455" lon="121.54269799554">
    <tag k="local_x" v="304771.2821"/>
    <tag k="local_y" v="2768137.1469"/>
    <tag k="ele" v="8.9884"/>
  </node>
  <node id="10300000902" lat="25.02031691155" lon="121.54269859902">
    <tag k="local_x" v="304771.3338"/>
    <tag k="local_y" v="2768137.5637"/>
    <tag k="ele" v="8.9884"/>
  </node>
  <node id="10300000903" lat="25.02032387153" lon="121.542700076">
    <tag k="local_x" v="304771.4658"/>
    <tag k="local_y" v="2768138.3387"/>
    <tag k="ele" v="8.9864"/>
  </node>
  <node id="10300000904" lat="25.02032822055" lon="121.54270132476">
    <tag k="local_x" v="304771.5812"/>
    <tag k="local_y" v="2768138.8237"/>
    <tag k="ele" v="8.9864"/>
  </node>
  <node id="10300000905" lat="25.02033329431" lon="121.54270321487">
    <tag k="local_x" v="304771.7596"/>
    <tag k="local_y" v="2768139.3905"/>
    <tag k="ele" v="8.9904"/>
  </node>
  <node id="10300000906" lat="25.02033741037" lon="121.54270616247">
    <tag k="local_x" v="304772.0472"/>
    <tag k="local_y" v="2768139.8535"/>
    <tag k="ele" v="8.9944"/>
  </node>
  <node id="10300000907" lat="25.02033971294" lon="121.54270918347">
    <tag k="local_x" v="304772.3467"/>
    <tag k="local_y" v="2768140.1156"/>
    <tag k="ele" v="8.9974"/>
  </node>
  <node id="10300000908" lat="25.02034161665" lon="121.54271239268">
    <tag k="local_x" v="304772.6662"/>
    <tag k="local_y" v="2768140.3339"/>
    <tag k="ele" v="8.9984"/>
  </node>
  <node id="10300000909" lat="25.02034325778" lon="121.54271587361">
    <tag k="local_x" v="304773.0138"/>
    <tag k="local_y" v="2768140.5237"/>
    <tag k="ele" v="8.9914"/>
  </node>
  <node id="103000009010" lat="25.02034475047" lon="121.54271969143">
    <tag k="local_x" v="304773.3958"/>
    <tag k="local_y" v="2768140.6978"/>
    <tag k="ele" v="8.9804"/>
  </node>
  <node id="103000009011" lat="25.02034649971" lon="121.54272348879">
    <tag k="local_x" v="304773.7751"/>
    <tag k="local_y" v="2768140.9003"/>
    <tag k="ele" v="8.9784"/>
  </node>
  <node id="103000009012" lat="25.02034858616" lon="121.54272707071">
    <tag k="local_x" v="304774.1318"/>
    <tag k="local_y" v="2768141.1397"/>
    <tag k="ele" v="8.9644"/>
  </node>
  <node id="103000009013" lat="25.02035042323" lon="121.5427305406">
    <tag k="local_x" v="304774.4778"/>
    <tag k="local_y" v="2768141.3512"/>
    <tag k="ele" v="8.9694"/>
  </node>
  <node id="103000009014" lat="25.02035283021" lon="121.54273459362">
    <tag k="local_x" v="304774.8813"/>
    <tag k="local_y" v="2768141.6272"/>
    <tag k="ele" v="8.9754"/>
  </node>
  <node id="103000009015" lat="25.02035497199" lon="121.5427378047">
    <tag k="local_x" v="304775.2004"/>
    <tag k="local_y" v="2768141.8719"/>
    <tag k="ele" v="8.9764"/>
  </node>
  <node id="103000009016" lat="25.02035739245" lon="121.54274070584">
    <tag k="local_x" v="304775.4875"/>
    <tag k="local_y" v="2768142.1468"/>
    <tag k="ele" v="8.9784"/>
  </node>
  <node id="103000009017" lat="25.02036029906" lon="121.54274325165">
    <tag k="local_x" v="304775.7375"/>
    <tag k="local_y" v="2768142.4748"/>
    <tag k="ele" v="8.9944"/>
  </node>
  <node id="103000009018" lat="25.02036342508" lon="121.54274520891">
    <tag k="local_x" v="304775.9275"/>
    <tag k="local_y" v="2768142.8258"/>
    <tag k="ele" v="8.9974"/>
  </node>
  <node id="103000009019" lat="25.02036712543" lon="121.54274730891">
    <tag k="local_x" v="304776.1305"/>
    <tag k="local_y" v="2768143.2408"/>
    <tag k="ele" v="8.9984"/>
  </node>
  <node id="103000009020" lat="25.02037018097" lon="121.54274873981">
    <tag k="local_x" v="304776.2675"/>
    <tag k="local_y" v="2768143.5828"/>
    <tag k="ele" v="8.9934"/>
  </node>
  <node id="103000009021" lat="25.02037386256" lon="121.54274998807">
    <tag k="local_x" v="304776.3845"/>
    <tag k="local_y" v="2768143.9938"/>
    <tag k="ele" v="8.9944"/>
  </node>
  <node id="103000009022" lat="25.02037772408" lon="121.54275081509">
    <tag k="local_x" v="304776.4585"/>
    <tag k="local_y" v="2768144.4238"/>
    <tag k="ele" v="8.9874"/>
  </node>
  <node id="103000009023" lat="25.02038120168" lon="121.54275140505">
    <tag k="local_x" v="304776.5095"/>
    <tag k="local_y" v="2768144.8107"/>
    <tag k="ele" v="8.9854"/>
  </node>
  <node id="103000009024" lat="25.02038480039" lon="121.5427517604">
    <tag k="local_x" v="304776.5365"/>
    <tag k="local_y" v="2768145.2105"/>
    <tag k="ele" v="8.9789"/>
  </node>
  <node id="103000009025" lat="25.02038744115" lon="121.54275185474">
    <tag k="local_x" v="304776.5395"/>
    <tag k="local_y" v="2768145.5035"/>
    <tag k="ele" v="8.9799"/>
  </node>
  <node id="103000009026" lat="25.02039094435" lon="121.54275167323">
    <tag k="local_x" v="304776.5125"/>
    <tag k="local_y" v="2768145.8915"/>
    <tag k="ele" v="8.9819"/>
  </node>
  <node id="103000009027" lat="25.02039358594" lon="121.54275128255">
    <tag k="local_x" v="304776.4665"/>
    <tag k="local_y" v="2768146.1835"/>
    <tag k="ele" v="8.9849"/>
  </node>
  <node id="103000009028" lat="25.02039739869" lon="121.5427505147">
    <tag k="local_x" v="304776.3795"/>
    <tag k="local_y" v="2768146.6045"/>
    <tag k="ele" v="8.9979"/>
  </node>
  <node id="103000009029" lat="25.02040018214" lon="121.54274980084">
    <tag k="local_x" v="304776.3005"/>
    <tag k="local_y" v="2768146.9115"/>
    <tag k="ele" v="8.9969"/>
  </node>
  <node id="103000009030" lat="25.02040240848" lon="121.54274898426">
    <tag k="local_x" v="304776.2125"/>
    <tag k="local_y" v="2768147.1565"/>
    <tag k="ele" v="8.9979"/>
  </node>
  <node id="103000009031" lat="25.02040518017" lon="121.54274751782">
    <tag k="local_x" v="304776.0575"/>
    <tag k="local_y" v="2768147.4605"/>
    <tag k="ele" v="9.0059"/>
  </node>
  <node id="103000009032" lat="25.02040586609" lon="121.54274705156">
    <tag k="local_x" v="304776.0087"/>
    <tag k="local_y" v="2768147.5355"/>
    <tag k="ele" v="9.0083"/>
  </node>
  <node id="10300001502" lat="25.0204069645" lon="121.54274630437">
    <tag k="local_x" v="304775.9305"/>
    <tag k="local_y" v="2768147.6556"/>
    <tag k="ele" v="9.0121"/>
  </node>
  <node id="10300001503" lat="25.02040940928" lon="121.54274357082">
    <tag k="local_x" v="304775.6483"/>
    <tag k="local_y" v="2768147.9205"/>
    <tag k="ele" v="9.0101"/>
  </node>
  <node id="10300001504" lat="25.02041156736" lon="121.54274012151">
    <tag k="local_x" v="304775.2945"/>
    <tag k="local_y" v="2768148.152"/>
    <tag k="ele" v="9.0201"/>
  </node>
  <node id="10300001505" lat="25.02041363031" lon="121.54273558399">
    <tag k="local_x" v="304774.831"/>
    <tag k="local_y" v="2768148.3705"/>
    <tag k="ele" v="9.0161"/>
  </node>
  <node id="10300001506" lat="25.02041525196" lon="121.54273025961">
    <tag k="local_x" v="304774.2891"/>
    <tag k="local_y" v="2768148.5383"/>
    <tag k="ele" v="9.0351"/>
  </node>
  <node id="10300001507" lat="25.02041596816" lon="121.54272408753">
    <tag k="local_x" v="304773.6638"/>
    <tag k="local_y" v="2768148.6038"/>
    <tag k="ele" v="9.0351"/>
  </node>
  <node id="10300001508" lat="25.02041569686" lon="121.54271888608">
    <tag k="local_x" v="304773.139"/>
    <tag k="local_y" v="2768148.562"/>
    <tag k="ele" v="9.0351"/>
  </node>
  <node id="10300001509" lat="25.02041472623" lon="121.54271410009">
    <tag k="local_x" v="304772.6579"/>
    <tag k="local_y" v="2768148.4436"/>
    <tag k="ele" v="9.0351"/>
  </node>
  <node id="103000015010" lat="25.02041330637" lon="121.54270967232">
    <tag k="local_x" v="304772.2141"/>
    <tag k="local_y" v="2768148.2762"/>
    <tag k="ele" v="9.0351"/>
  </node>
  <node id="103000015011" lat="25.02041097725" lon="121.54270551629">
    <tag k="local_x" v="304771.8"/>
    <tag k="local_y" v="2768148.0086"/>
    <tag k="ele" v="9.0351"/>
  </node>
  <node id="103000015012" lat="25.02040808365" lon="121.54270233036">
    <tag k="local_x" v="304771.4853"/>
    <tag k="local_y" v="2768147.6806"/>
    <tag k="ele" v="9.0271"/>
  </node>
  <node id="10300007002" lat="25.02027373652" lon="121.54270438214">
    <tag k="local_x" v="304772.0248"/>
    <tag k="local_y" v="2768132.7898"/>
    <tag k="ele" v="8.9804"/>
  </node>
  <node id="10300007003" lat="25.02027919264" lon="121.54270361195">
    <tag k="local_x" v="304771.9335"/>
    <tag k="local_y" v="2768133.393"/>
    <tag k="ele" v="8.9804"/>
  </node>
  <node id="10300007004" lat="25.02028485457" lon="121.54270318929">
    <tag k="local_x" v="304771.8768"/>
    <tag k="local_y" v="2768134.0198"/>
    <tag k="ele" v="8.9914"/>
  </node>
  <node id="10300007005" lat="25.02029124887" lon="121.54270374274">
    <tag k="local_x" v="304771.9169"/>
    <tag k="local_y" v="2768134.73"/>
    <tag k="ele" v="8.9914"/>
  </node>
  <node id="10300007006" lat="25.02029786051" lon="121.54270496274">
    <tag k="local_x" v="304772.0238"/>
    <tag k="local_y" v="2768135.4658"/>
    <tag k="ele" v="8.9694"/>
  </node>
  <node id="10300007007" lat="25.02030598067" lon="121.54270700265">
    <tag k="local_x" v="304772.2098"/>
    <tag k="local_y" v="2768136.3707"/>
    <tag k="ele" v="8.9704"/>
  </node>
  <node id="10300007008" lat="25.02031324703" lon="121.54270898207">
    <tag k="local_x" v="304772.3918"/>
    <tag k="local_y" v="2768137.1808"/>
    <tag k="ele" v="8.9664"/>
  </node>
  <node id="10300001002" lat="25.02032048018" lon="121.54271166347">
    <tag k="local_x" v="304772.6448"/>
    <tag k="local_y" v="2768137.9888"/>
    <tag k="ele" v="8.9664"/>
  </node>
  <node id="10300001003" lat="25.02032752391" lon="121.54271567655">
    <tag k="local_x" v="304773.0328"/>
    <tag k="local_y" v="2768138.7788"/>
    <tag k="ele" v="8.9744"/>
  </node>
  <node id="10300001004" lat="25.02033429476" lon="121.54272024718">
    <tag k="local_x" v="304773.4778"/>
    <tag k="local_y" v="2768139.5398"/>
    <tag k="ele" v="8.9814"/>
  </node>
  <node id="10300001005" lat="25.02034038892" lon="121.54272567232">
    <tag k="local_x" v="304774.0108"/>
    <tag k="local_y" v="2768140.2277"/>
    <tag k="ele" v="8.9754"/>
  </node>
  <node id="10300001006" lat="25.02034483396" lon="121.54273111649">
    <tag k="local_x" v="304774.5498"/>
    <tag k="local_y" v="2768140.7328"/>
    <tag k="ele" v="8.9724"/>
  </node>
  <node id="10300001007" lat="25.02034909609" lon="121.54273766087">
    <tag k="local_x" v="304775.2004"/>
    <tag k="local_y" v="2768141.2201"/>
    <tag k="ele" v="8.9604"/>
  </node>
  <node id="10300001008" lat="25.02035296951" lon="121.54274438182">
    <tag k="local_x" v="304775.8698"/>
    <tag k="local_y" v="2768141.6647"/>
    <tag k="ele" v="8.9614"/>
  </node>
  <node id="10300001009" lat="25.02035545819" lon="121.54274752121">
    <tag k="local_x" v="304776.1808"/>
    <tag k="local_y" v="2768141.9477"/>
    <tag k="ele" v="8.9734"/>
  </node>
  <node id="103000010010" lat="25.02035761988" lon="121.542749442">
    <tag k="local_x" v="304776.3695"/>
    <tag k="local_y" v="2768142.1917"/>
    <tag k="ele" v="8.9814"/>
  </node>
  <node id="103000010011" lat="25.02036024388" lon="121.54275124839">
    <tag k="local_x" v="304776.5455"/>
    <tag k="local_y" v="2768142.4867"/>
    <tag k="ele" v="8.9864"/>
  </node>
  <node id="103000010012" lat="25.02036359924" lon="121.54275341517">
    <tag k="local_x" v="304776.7561"/>
    <tag k="local_y" v="2768142.8636"/>
    <tag k="ele" v="8.9934"/>
  </node>
  <node id="103000010013" lat="25.0203685078" lon="121.54275557841">
    <tag k="local_x" v="304776.9625"/>
    <tag k="local_y" v="2768143.4127"/>
    <tag k="ele" v="8.9994"/>
  </node>
  <node id="103000010014" lat="25.02037338924" lon="121.54275721239">
    <tag k="local_x" v="304777.1155"/>
    <tag k="local_y" v="2768143.9576"/>
    <tag k="ele" v="9.0004"/>
  </node>
  <node id="103000010015" lat="25.02037829176" lon="121.54275834205">
    <tag k="local_x" v="304777.2175"/>
    <tag k="local_y" v="2768144.5037"/>
    <tag k="ele" v="8.9994"/>
  </node>
  <node id="103000010016" lat="25.02038259715" lon="121.54275902948">
    <tag k="local_x" v="304777.2763"/>
    <tag k="local_y" v="2768144.9826"/>
    <tag k="ele" v="9.0004"/>
  </node>
  <node id="103000010017" lat="25.02038695048" lon="121.54275935579">
    <tag k="local_x" v="304777.2985"/>
    <tag k="local_y" v="2768145.466"/>
    <tag k="ele" v="9.0029"/>
  </node>
  <node id="103000010018" lat="25.02039116135" lon="121.5427591916">
    <tag k="local_x" v="304777.2715"/>
    <tag k="local_y" v="2768145.9325"/>
    <tag k="ele" v="9.0019"/>
  </node>
  <node id="103000010019" lat="25.02039401129" lon="121.54275875653">
    <tag k="local_x" v="304777.2205"/>
    <tag k="local_y" v="2768146.2475"/>
    <tag k="ele" v="9.0049"/>
  </node>
  <node id="103000010020" lat="25.02039725952" lon="121.54275780659">
    <tag k="local_x" v="304777.1165"/>
    <tag k="local_y" v="2768146.6055"/>
    <tag k="ele" v="9.0079"/>
  </node>
  <node id="103000010021" lat="25.02040049133" lon="121.54275677705">
    <tag k="local_x" v="304777.0045"/>
    <tag k="local_y" v="2768146.9615"/>
    <tag k="ele" v="9.0079"/>
  </node>
  <node id="103000010022" lat="25.02040533346" lon="121.54275506433">
    <tag k="local_x" v="304776.8195"/>
    <tag k="local_y" v="2768147.4945"/>
    <tag k="ele" v="9.0069"/>
  </node>
  <node id="103000010023" lat="25.02040810933" lon="121.54275383556">
    <tag k="local_x" v="304776.6885"/>
    <tag k="local_y" v="2768147.7995"/>
    <tag k="ele" v="9.0019"/>
  </node>
  <node id="10300001302" lat="25.02040700074" lon="121.54274638544">
    <tag k="local_x" v="304775.9386"/>
    <tag k="local_y" v="2768147.6598"/>
    <tag k="ele" v="9.0121"/>
  </node>
  <node id="10300001303" lat="25.0204095677" lon="121.54274363112">
    <tag k="local_x" v="304775.654"/>
    <tag k="local_y" v="2768147.9382"/>
    <tag k="ele" v="9.0101"/>
  </node>
  <node id="10300001304" lat="25.02041308698" lon="121.54273981819">
    <tag k="local_x" v="304775.2601"/>
    <tag k="local_y" v="2768148.3198"/>
    <tag k="ele" v="9.0171"/>
  </node>
  <node id="10300001305" lat="25.02041764632" lon="121.54273590996">
    <tag k="local_x" v="304774.854"/>
    <tag k="local_y" v="2768148.8165"/>
    <tag k="ele" v="9.0171"/>
  </node>
  <node id="10300001306" lat="25.02042290318" lon="121.5427324296">
    <tag k="local_x" v="304774.4894"/>
    <tag k="local_y" v="2768149.3915"/>
    <tag k="ele" v="9.0151"/>
  </node>
  <node id="10300001307" lat="25.02042858771" lon="121.54273040589">
    <tag k="local_x" v="304774.2709"/>
    <tag k="local_y" v="2768150.0172"/>
    <tag k="ele" v="9.0201"/>
  </node>
  <node id="10300001308" lat="25.02043553541" lon="121.54272991374">
    <tag k="local_x" v="304774.204"/>
    <tag k="local_y" v="2768150.7864"/>
    <tag k="ele" v="9.0191"/>
  </node>
  <node id="10300001309" lat="25.02044289963" lon="121.54273071663">
    <tag k="local_x" v="304774.2669"/>
    <tag k="local_y" v="2768151.6047"/>
    <tag k="ele" v="9.0281"/>
  </node>
  <node id="103000013010" lat="25.02044725654" lon="121.54273179829">
    <tag k="local_x" v="304774.3654"/>
    <tag k="local_y" v="2768152.0902"/>
    <tag k="ele" v="9.0241"/>
  </node>
  <node id="103000013011" lat="25.02044992628" lon="121.54273250804">
    <tag k="local_x" v="304774.4305"/>
    <tag k="local_y" v="2768152.3878"/>
    <tag k="ele" v="9.0191"/>
  </node>
  <node id="103000013012" lat="25.0204518368" lon="121.54273302994">
    <tag k="local_x" v="304774.4785"/>
    <tag k="local_y" v="2768152.6008"/>
    <tag k="ele" v="9.0191"/>
  </node>
  <node id="10300000802" lat="25.02041069228" lon="121.54275278024">
    <tag k="local_x" v="304776.5755"/>
    <tag k="local_y" v="2768148.0835"/>
    <tag k="ele" v="9.0009"/>
  </node>
  <node id="10300000803" lat="25.02041415489" lon="121.54275148909">
    <tag k="local_x" v="304776.4365"/>
    <tag k="local_y" v="2768148.4645"/>
    <tag k="ele" v="9.0029"/>
  </node>
  <node id="10300000804" lat="25.02042229855" lon="121.54274868914">
    <tag k="local_x" v="304776.1335"/>
    <tag k="local_y" v="2768149.3611"/>
    <tag k="ele" v="9.0101"/>
  </node>
  <node id="10300000805" lat="25.02043024815" lon="121.5427466506">
    <tag k="local_x" v="304775.9079"/>
    <tag k="local_y" v="2768150.2379"/>
    <tag k="ele" v="9.0069"/>
  </node>
  <node id="10300000806" lat="25.02043786192" lon="121.54274538188">
    <tag k="local_x" v="304775.7609"/>
    <tag k="local_y" v="2768151.0792"/>
    <tag k="ele" v="8.9969"/>
  </node>
  <node id="10300000807" lat="25.02044330033" lon="121.54274472905">
    <tag k="local_x" v="304775.6815"/>
    <tag k="local_y" v="2768151.6807"/>
    <tag k="ele" v="8.9989"/>
  </node>
  <node id="10300000808" lat="25.020447091" lon="121.54274460407">
    <tag k="local_x" v="304775.6595"/>
    <tag k="local_y" v="2768152.1007"/>
    <tag k="ele" v="8.9999"/>
  </node>
  <node id="10900001001" lat="25.02009830982" lon="121.54205572711">
    <tag k="local_x" v="304706.9287"/>
    <tag k="local_y" v="2768111.8784"/>
    <tag k="ele" v="8.9639"/>
  </node>
  <node id="10900001002" lat="25.02009547959" lon="121.54205621316">
    <tag k="local_x" v="304706.9848"/>
    <tag k="local_y" v="2768111.5657"/>
    <tag k="ele" v="8.9639"/>
  </node>
  <node id="10900001003" lat="25.02009220397" lon="121.54205633592">
    <tag k="local_x" v="304707.0053"/>
    <tag k="local_y" v="2768111.2028"/>
    <tag k="ele" v="8.9689"/>
  </node>
  <node id="10900001004" lat="25.02008931401" lon="121.54205554458">
    <tag k="local_x" v="304706.9325"/>
    <tag k="local_y" v="2768110.8806"/>
    <tag k="ele" v="8.9689"/>
  </node>
  <node id="10900001005" lat="25.02008691745" lon="121.54205439609">
    <tag k="local_x" v="304706.8224"/>
    <tag k="local_y" v="2768110.6123"/>
    <tag k="ele" v="8.9629"/>
  </node>
  <node id="10900001006" lat="25.02008329978" lon="121.54205164384">
    <tag k="local_x" v="304706.5533"/>
    <tag k="local_y" v="2768110.205"/>
    <tag k="ele" v="8.9639"/>
  </node>
  <node id="10900001007" lat="25.02008157599" lon="121.54204965559">
    <tag k="local_x" v="304706.3567"/>
    <tag k="local_y" v="2768110.0094"/>
    <tag k="ele" v="8.9639"/>
  </node>
  <node id="10900001008" lat="25.02007973906" lon="121.54204693207">
    <tag k="local_x" v="304706.0861"/>
    <tag k="local_y" v="2768109.7996"/>
    <tag k="ele" v="8.9659"/>
  </node>
  <node id="109000010021" lat="25.02010294819" lon="121.54200983979">
    <tag k="local_x" v="304702.2815"/>
    <tag k="local_y" v="2768112.2893"/>
    <tag k="ele" v="8.9679"/>
  </node>
  <node id="109000010022" lat="25.02010803586" lon="121.54200869331">
    <tag k="local_x" v="304702.1531"/>
    <tag k="local_y" v="2768112.8508"/>
    <tag k="ele" v="8.9768"/>
  </node>
  <node id="109000010023" lat="25.02011354679" lon="121.54200833324">
    <tag k="local_x" v="304702.1031"/>
    <tag k="local_y" v="2768113.461"/>
    <tag k="ele" v="8.9828"/>
  </node>
  <node id="109000010024" lat="25.02011736967" lon="121.54200884254">
    <tag k="local_x" v="304702.1451"/>
    <tag k="local_y" v="2768113.886"/>
    <tag k="ele" v="8.9738"/>
  </node>
  <node id="109000010025" lat="25.02012037311" lon="121.5420106186">
    <tag k="local_x" v="304702.3171"/>
    <tag k="local_y" v="2768114.223"/>
    <tag k="ele" v="8.9818"/>
  </node>
  <node id="109000010026" lat="25.0201225257" lon="121.54201298755">
    <tag k="local_x" v="304702.5511"/>
    <tag k="local_y" v="2768114.467"/>
    <tag k="ele" v="8.9918"/>
  </node>
  <node id="10900001101" lat="25.02006242862" lon="121.54236407267">
    <tag k="local_x" v="304738.1678"/>
    <tag k="local_y" v="2768108.5948"/>
    <tag k="ele" v="8.8809"/>
  </node>
  <node id="10900001102" lat="25.02005829819" lon="121.54236351822">
    <tag k="local_x" v="304738.122"/>
    <tag k="local_y" v="2768108.1356"/>
    <tag k="ele" v="8.8979"/>
  </node>
  <node id="10900001103" lat="25.02005472007" lon="121.54236206068">
    <tag k="local_x" v="304737.9836"/>
    <tag k="local_y" v="2768107.7356"/>
    <tag k="ele" v="8.9029"/>
  </node>
  <node id="10900001104" lat="25.02005162125" lon="121.54235974082">
    <tag k="local_x" v="304737.7569"/>
    <tag k="local_y" v="2768107.3868"/>
    <tag k="ele" v="8.9029"/>
  </node>
  <node id="10900001105" lat="25.02004878685" lon="121.54235665931">
    <tag k="local_x" v="304737.4526"/>
    <tag k="local_y" v="2768107.0656"/>
    <tag k="ele" v="8.9079"/>
  </node>
  <node id="10900001106" lat="25.0200467144" lon="121.54235309854">
    <tag k="local_x" v="304737.098"/>
    <tag k="local_y" v="2768106.8278"/>
    <tag k="ele" v="8.9049"/>
  </node>
  <node id="109000012025" lat="25.02005858914" lon="121.5424234139">
    <tag k="local_x" v="304744.1722"/>
    <tag k="local_y" v="2768108.3028"/>
    <tag k="ele" v="8.9254"/>
  </node>
  <node id="109000012026" lat="25.02005933577" lon="121.54241707529">
    <tag k="local_x" v="304743.53"/>
    <tag k="local_y" v="2768108.3713"/>
    <tag k="ele" v="8.9254"/>
  </node>
  <node id="109000012027" lat="25.02006003" lon="121.54241309324">
    <tag k="local_x" v="304743.126"/>
    <tag k="local_y" v="2768108.4393"/>
    <tag k="ele" v="8.9194"/>
  </node>
  <node id="109000012028" lat="25.02006106198" lon="121.54240935703">
    <tag k="local_x" v="304742.746"/>
    <tag k="local_y" v="2768108.5453"/>
    <tag k="ele" v="8.9144"/>
  </node>
  <node id="109000012029" lat="25.02006254362" lon="121.54240519628">
    <tag k="local_x" v="304742.322"/>
    <tag k="local_y" v="2768108.7002"/>
    <tag k="ele" v="8.9084"/>
  </node>
  <node id="109000012030" lat="25.02006419483" lon="121.54240187909">
    <tag k="local_x" v="304741.9828"/>
    <tag k="local_y" v="2768108.8758"/>
    <tag k="ele" v="8.9029"/>
  </node>
  <node id="109000012031" lat="25.02006681422" lon="121.54239814213">
    <tag k="local_x" v="304741.5988"/>
    <tag k="local_y" v="2768109.1578"/>
    <tag k="ele" v="8.9139"/>
  </node>
  <node id="109000012032" lat="25.02006854966" lon="121.54239573965">
    <tag k="local_x" v="304741.3518"/>
    <tag k="local_y" v="2768109.3448"/>
    <tag k="ele" v="8.9119"/>
  </node>
  <node id="109000012033" lat="25.02007066349" lon="121.54239380177">
    <tag k="local_x" v="304741.1508"/>
    <tag k="local_y" v="2768109.5748"/>
    <tag k="ele" v="8.9179"/>
  </node>
  <node id="109000012034" lat="25.02007348249" lon="121.54239178216">
    <tag k="local_x" v="304740.9398"/>
    <tag k="local_y" v="2768109.8828"/>
    <tag k="ele" v="8.9189"/>
  </node>
  <node id="10900001301" lat="25.0201526237" lon="121.54258836551">
    <tag k="local_x" v="304760.6038"/>
    <tag k="local_y" v="2768119.1003"/>
    <tag k="ele" v="8.9901"/>
  </node>
  <node id="10900001302" lat="25.02014660223" lon="121.5425960509">
    <tag k="local_x" v="304761.3951"/>
    <tag k="local_y" v="2768118.45"/>
    <tag k="ele" v="8.99"/>
  </node>
  <node id="10900001303" lat="25.02014263505" lon="121.54260006865">
    <tag k="local_x" v="304761.8108"/>
    <tag k="local_y" v="2768118.0192"/>
    <tag k="ele" v="8.972"/>
  </node>
  <node id="10900001304" lat="25.02013816304" lon="121.54260336332">
    <tag k="local_x" v="304762.1547"/>
    <tag k="local_y" v="2768117.5308"/>
    <tag k="ele" v="8.951"/>
  </node>
  <node id="10900001305" lat="25.02013409352" lon="121.54260527115">
    <tag k="local_x" v="304762.3575"/>
    <tag k="local_y" v="2768117.0839"/>
    <tag k="ele" v="8.951"/>
  </node>
  <node id="10900001401" lat="25.02027287665" lon="121.54266343325">
    <tag k="local_x" v="304767.8901"/>
    <tag k="local_y" v="2768132.6022"/>
    <tag k="ele" v="8.9644"/>
  </node>
  <node id="10900001402" lat="25.02026907816" lon="121.54266997928">
    <tag k="local_x" v="304768.5608"/>
    <tag k="local_y" v="2768132.1958"/>
    <tag k="ele" v="8.9644"/>
  </node>
  <node id="10900001403" lat="25.02026638773" lon="121.54267410451">
    <tag k="local_x" v="304768.9842"/>
    <tag k="local_y" v="2768131.9068"/>
    <tag k="ele" v="8.9611"/>
  </node>
  <node id="10900001502" lat="25.02026495408" lon="121.54267630254">
    <tag k="local_x" v="304769.2098"/>
    <tag k="local_y" v="2768131.7528"/>
    <tag k="ele" v="8.9594"/>
  </node>
  <node id="10900001503" lat="25.02026064045" lon="121.54268041377">
    <tag k="local_x" v="304769.6358"/>
    <tag k="local_y" v="2768131.2838"/>
    <tag k="ele" v="8.9694"/>
  </node>
  <node id="109000016016" lat="25.02035621337" lon="121.54269575997">
    <tag k="local_x" v="304770.9498"/>
    <tag k="local_y" v="2768141.9148"/>
    <tag k="ele" v="8.9734"/>
  </node>
  <node id="109000016017" lat="25.02035398626" lon="121.54269745751">
    <tag k="local_x" v="304771.1268"/>
    <tag k="local_y" v="2768141.6717"/>
    <tag k="ele" v="8.9654"/>
  </node>
  <node id="109000016018" lat="25.02035183024" lon="121.54269974081">
    <tag k="local_x" v="304771.3628"/>
    <tag k="local_y" v="2768141.4378"/>
    <tag k="ele" v="8.9664"/>
  </node>
  <node id="109000016019" lat="25.02035020086" lon="121.54270220528">
    <tag k="local_x" v="304771.6158"/>
    <tag k="local_y" v="2768141.2627"/>
    <tag k="ele" v="8.9724"/>
  </node>
  <node id="109000016020" lat="25.02034840516" lon="121.54270539818">
    <tag k="local_x" v="304771.9428"/>
    <tag k="local_y" v="2768141.0708"/>
    <tag k="ele" v="8.9854"/>
  </node>
  <node id="109000016021" lat="25.0203471081" lon="121.54270975152">
    <tag k="local_x" v="304772.3858"/>
    <tag k="local_y" v="2768140.9368"/>
    <tag k="ele" v="8.9834"/>
  </node>
  <node id="109000016022" lat="25.02034655404" lon="121.54271438042">
    <tag k="local_x" v="304772.8548"/>
    <tag k="local_y" v="2768140.8858"/>
    <tag k="ele" v="8.9814"/>
  </node>
  <node id="109000016023" lat="25.02034659218" lon="121.54271871695">
    <tag k="local_x" v="304773.2928"/>
    <tag k="local_y" v="2768140.8998"/>
    <tag k="ele" v="8.9744"/>
  </node>
  <node id="109000016024" lat="25.02034727658" lon="121.54272320788">
    <tag k="local_x" v="304773.7448"/>
    <tag k="local_y" v="2768140.9858"/>
    <tag k="ele" v="8.9684"/>
  </node>
  <node id="10900001807" lat="25.02058984284" lon="121.54263699002">
    <tag k="local_x" v="304764.4349"/>
    <tag k="local_y" v="2768167.6855"/>
    <tag k="ele" v="9.0211"/>
  </node>
  <node id="10900001808" lat="25.02058654856" lon="121.54263829718">
    <tag k="local_x" v="304764.5751"/>
    <tag k="local_y" v="2768167.3232"/>
    <tag k="ele" v="9.0171"/>
  </node>
  <node id="10900001809" lat="25.02058403272" lon="121.54263897997">
    <tag k="local_x" v="304764.6503"/>
    <tag k="local_y" v="2768167.0458"/>
    <tag k="ele" v="9.0171"/>
  </node>
  <node id="109000018010" lat="25.02058109704" lon="121.54263937335">
    <tag k="local_x" v="304764.6973"/>
    <tag k="local_y" v="2768166.7212"/>
    <tag k="ele" v="9.0029"/>
  </node>
  <node id="109000018011" lat="25.02057803494" lon="121.54263919743">
    <tag k="local_x" v="304764.6871"/>
    <tag k="local_y" v="2768166.3813"/>
    <tag k="ele" v="9.0029"/>
  </node>
  <node id="109000018012" lat="25.02057479082" lon="121.54263834692">
    <tag k="local_x" v="304764.6092"/>
    <tag k="local_y" v="2768166.0197"/>
    <tag k="ele" v="9.0069"/>
  </node>
  <node id="109000018013" lat="25.02057216411" lon="121.54263689582">
    <tag k="local_x" v="304764.4691"/>
    <tag k="local_y" v="2768165.7252"/>
    <tag k="ele" v="9.0049"/>
  </node>
  <node id="109000018014" lat="25.02057005333" lon="121.54263513268">
    <tag k="local_x" v="304764.2962"/>
    <tag k="local_y" v="2768165.4872"/>
    <tag k="ele" v="9.007"/>
  </node>
  <node id="109000018015" lat="25.02056833098" lon="121.54263338498">
    <tag k="local_x" v="304764.1239"/>
    <tag k="local_y" v="2768165.2923"/>
    <tag k="ele" v="9.007"/>
  </node>
  <node id="10900001901" lat="25.02056290748" lon="121.54263796399">
    <tag k="local_x" v="304764.5999"/>
    <tag k="local_y" v="2768164.7013"/>
    <tag k="ele" v="8.984"/>
  </node>
  <node id="10900001902" lat="25.02056474002" lon="121.54264489731">
    <tag k="local_x" v="304765.2958"/>
    <tag k="local_y" v="2768164.9201"/>
    <tag k="ele" v="8.978"/>
  </node>
  <node id="10900001903" lat="25.02056635925" lon="121.54265606897">
    <tag k="local_x" v="304766.4204"/>
    <tag k="local_y" v="2768165.1248"/>
    <tag k="ele" v="8.973"/>
  </node>
  <node id="10900001904" lat="25.0205667771" lon="121.542666353">
    <tag k="local_x" v="304767.4583"/>
    <tag k="local_y" v="2768165.1943"/>
    <tag k="ele" v="8.974"/>
  </node>
  <node id="10900001905" lat="25.02056649575" lon="121.54267535982">
    <tag k="local_x" v="304768.3689"/>
    <tag k="local_y" v="2768165.1834"/>
    <tag k="ele" v="8.965"/>
  </node>
  <node id="10900001906" lat="25.0205655996" lon="121.54268195414">
    <tag k="local_x" v="304769.0373"/>
    <tag k="local_y" v="2768165.0989"/>
    <tag k="ele" v="8.973"/>
  </node>
  <node id="10900002004" lat="25.02053662594" lon="121.54272131464">
    <tag k="local_x" v="304773.0853"/>
    <tag k="local_y" v="2768161.9752"/>
    <tag k="ele" v="8.9339"/>
  </node>
  <node id="10900002005" lat="25.02053330844" lon="121.54271914878">
    <tag k="local_x" v="304772.8747"/>
    <tag k="local_y" v="2768161.6025"/>
    <tag k="ele" v="8.9419"/>
  </node>
  <node id="10900002006" lat="25.02052820277" lon="121.54271368052">
    <tag k="local_x" v="304772.3349"/>
    <tag k="local_y" v="2768161.0241"/>
    <tag k="ele" v="8.9419"/>
  </node>
  <node id="10900002007" lat="25.02052325641" lon="121.54270605429">
    <tag k="local_x" v="304771.5767"/>
    <tag k="local_y" v="2768160.4585"/>
    <tag k="ele" v="8.9484"/>
  </node>
  <node id="109000025011" lat="25.02046836494" lon="121.5428118852">
    <tag k="local_x" v="304782.4039"/>
    <tag k="local_y" v="2768154.611"/>
    <tag k="ele" v="8.9428"/>
  </node>
  <node id="109000025012" lat="25.02046018886" lon="121.54281126535">
    <tag k="local_x" v="304782.3615"/>
    <tag k="local_y" v="2768153.7031"/>
    <tag k="ele" v="8.9398"/>
  </node>
  <node id="109000025013" lat="25.02045134769" lon="121.54281013133">
    <tag k="local_x" v="304782.2688"/>
    <tag k="local_y" v="2768152.7203"/>
    <tag k="ele" v="8.9389"/>
  </node>
  <node id="10900002702" lat="25.0202531452" lon="121.54272076516">
    <tag k="local_x" v="304773.7308"/>
    <tag k="local_y" v="2768130.5437"/>
    <tag k="ele" v="8.9804"/>
  </node>
  <node id="10900002703" lat="25.02025839027" lon="121.54271391502">
    <tag k="local_x" v="304773.0258"/>
    <tag k="local_y" v="2768131.1098"/>
    <tag k="ele" v="8.9794"/>
  </node>
  <node id="10900002704" lat="25.0202650241" lon="121.54270818475">
    <tag k="local_x" v="304772.4305"/>
    <tag k="local_y" v="2768131.8324"/>
    <tag k="ele" v="8.9784"/>
  </node>
  <node id="10900002705" lat="25.02026924973" lon="121.542705963">
    <tag k="local_x" v="304772.1956"/>
    <tag k="local_y" v="2768132.2959"/>
    <tag k="ele" v="8.9784"/>
  </node>
  <node id="10900002801" lat="25.02010346697" lon="121.54217904948">
    <tag k="local_x" v="304719.3745"/>
    <tag k="local_y" v="2768112.728"/>
    <tag k="ele" v="8.9324"/>
  </node>
  <node id="10900002802" lat="25.02009943934" lon="121.54217720876">
    <tag k="local_x" v="304719.1985"/>
    <tag k="local_y" v="2768112.2773"/>
    <tag k="ele" v="8.9334"/>
  </node>
  <node id="10900002803" lat="25.0200950266" lon="121.54217510124">
    <tag k="local_x" v="304718.9965"/>
    <tag k="local_y" v="2768111.7833"/>
    <tag k="ele" v="8.9294"/>
  </node>
  <node id="10900002804" lat="25.02009125747" lon="121.54217234627">
    <tag k="local_x" v="304718.7275"/>
    <tag k="local_y" v="2768111.3592"/>
    <tag k="ele" v="8.9304"/>
  </node>
  <node id="10900002805" lat="25.02008818716" lon="121.54216857895">
    <tag k="local_x" v="304718.3545"/>
    <tag k="local_y" v="2768111.0103"/>
    <tag k="ele" v="8.9294"/>
  </node>
  <node id="10900002806" lat="25.02008479573" lon="121.54216325959">
    <tag k="local_x" v="304717.8255"/>
    <tag k="local_y" v="2768110.6223"/>
    <tag k="ele" v="8.9264"/>
  </node>
  <node id="10900002807" lat="25.02008332859" lon="121.54215978193">
    <tag k="local_x" v="304717.4778"/>
    <tag k="local_y" v="2768110.4518"/>
    <tag k="ele" v="8.9334"/>
  </node>
  <node id="10900002808" lat="25.02008227676" lon="121.54215486331">
    <tag k="local_x" v="304716.9835"/>
    <tag k="local_y" v="2768110.3241"/>
    <tag k="ele" v="8.9374"/>
  </node>
  <node id="10900002809" lat="25.02008184813" lon="121.54214794854">
    <tag k="local_x" v="304716.286"/>
    <tag k="local_y" v="2768110.261"/>
    <tag k="ele" v="8.9424"/>
  </node>
  <node id="109000028013" lat="25.02008970593" lon="121.54211336207">
    <tag k="local_x" v="304712.7725"/>
    <tag k="local_y" v="2768111.0543"/>
    <tag k="ele" v="8.9424"/>
  </node>
  <node id="109000028014" lat="25.02009472223" lon="121.54210174508">
    <tag k="local_x" v="304711.5865"/>
    <tag k="local_y" v="2768111.5843"/>
    <tag k="ele" v="8.9304"/>
  </node>
  <node id="109000028015" lat="25.02009854726" lon="121.54209588962">
    <tag k="local_x" v="304710.9855"/>
    <tag k="local_y" v="2768111.9952"/>
    <tag k="ele" v="8.9214"/>
  </node>
  <node id="109000028016" lat="25.02010238318" lon="121.54209180628">
    <tag k="local_x" v="304710.5635"/>
    <tag k="local_y" v="2768112.4113"/>
    <tag k="ele" v="8.9164"/>
  </node>
  <node id="109000028017" lat="25.02010666718" lon="121.54208857529">
    <tag k="local_x" v="304710.2265"/>
    <tag k="local_y" v="2768112.879"/>
    <tag k="ele" v="8.9164"/>
  </node>
  <node id="109000028018" lat="25.02011150876" lon="121.54208600135">
    <tag k="local_x" v="304709.9545"/>
    <tag k="local_y" v="2768113.41"/>
    <tag k="ele" v="8.9324"/>
  </node>
  <node id="10900002901" lat="25.02044990482" lon="121.54283772409">
    <tag k="local_x" v="304785.0599"/>
    <tag k="local_y" v="2768152.6225"/>
    <tag k="ele" v="8.9118"/>
  </node>
  <node id="10900002902" lat="25.02045870446" lon="121.5428496001">
    <tag k="local_x" v="304786.2379"/>
    <tag k="local_y" v="2768153.6249"/>
    <tag k="ele" v="8.9147"/>
  </node>
  <node id="10900002905" lat="25.02047326985" lon="121.54287183264">
    <tag k="local_x" v="304788.4479"/>
    <tag k="local_y" v="2768155.2899"/>
    <tag k="ele" v="8.8938"/>
  </node>
  <node id="10900002906" lat="25.02047505686" lon="121.54287550225">
    <tag k="local_x" v="304788.8142"/>
    <tag k="local_y" v="2768155.4963"/>
    <tag k="ele" v="8.8981"/>
  </node>
  <node id="10900000301" lat="25.02038829038" lon="121.54277264385">
    <tag k="local_x" v="304778.6376"/>
    <tag k="local_y" v="2768145.6445"/>
    <tag k="ele" v="9.0161"/>
  </node>
  <node id="10900000302" lat="25.02038908851" lon="121.54277034018">
    <tag k="local_x" v="304778.4029"/>
    <tag k="local_y" v="2768145.7278"/>
    <tag k="ele" v="9.0161"/>
  </node>
  <node id="10900000303" lat="25.02039023552" lon="121.54276835586">
    <tag k="local_x" v="304778.1996"/>
    <tag k="local_y" v="2768145.8505"/>
    <tag k="ele" v="9.0131"/>
  </node>
  <node id="10900000304" lat="25.02039206054" lon="121.54276553983">
    <tag k="local_x" v="304777.9106"/>
    <tag k="local_y" v="2768146.0465"/>
    <tag k="ele" v="9.0091"/>
  </node>
  <node id="10900000305" lat="25.02039409671" lon="121.54276298534">
    <tag k="local_x" v="304777.6475"/>
    <tag k="local_y" v="2768146.2665"/>
    <tag k="ele" v="9.0059"/>
  </node>
  <node id="10900000306" lat="25.02039598697" lon="121.54276095389">
    <tag k="local_x" v="304777.4376"/>
    <tag k="local_y" v="2768146.4715"/>
    <tag k="ele" v="9.0081"/>
  </node>
  <node id="10900000307" lat="25.02039805873" lon="121.54275931095">
    <tag k="local_x" v="304777.2665"/>
    <tag k="local_y" v="2768146.6975"/>
    <tag k="ele" v="9.0049"/>
  </node>
  <node id="10900000308" lat="25.0204007002" lon="121.54275759484">
    <tag k="local_x" v="304777.0866"/>
    <tag k="local_y" v="2768146.9865"/>
    <tag k="ele" v="9.0111"/>
  </node>
  <node id="10900000309" lat="25.02040286396" lon="121.54275635109">
    <tag k="local_x" v="304776.9556"/>
    <tag k="local_y" v="2768147.2236"/>
    <tag k="ele" v="9.0081"/>
  </node>
  <node id="10900003002" lat="25.02047903608" lon="121.54288367398">
    <tag k="local_x" v="304789.6299"/>
    <tag k="local_y" v="2768155.9559"/>
    <tag k="ele" v="8.9078"/>
  </node>
  <node id="10900003003" lat="25.02048672921" lon="121.54289975754">
    <tag k="local_x" v="304791.2357"/>
    <tag k="local_y" v="2768156.8451"/>
    <tag k="ele" v="8.8997"/>
  </node>
  <node id="10900003108" lat="25.02013878235" lon="121.54192090954">
    <tag k="local_x" v="304693.2088"/>
    <tag k="local_y" v="2768116.062"/>
    <tag k="ele" v="8.9558"/>
  </node>
  <node id="10900003109" lat="25.02013841122" lon="121.54191737952">
    <tag k="local_x" v="304692.8531"/>
    <tag k="local_y" v="2768116.0129"/>
    <tag k="ele" v="8.9578"/>
  </node>
  <node id="109000031010" lat="25.02013907591" lon="121.54191378576">
    <tag k="local_x" v="304692.4884"/>
    <tag k="local_y" v="2768116.0785"/>
    <tag k="ele" v="8.9748"/>
  </node>
  <node id="109000031011" lat="25.02014111138" lon="121.54190948908">
    <tag k="local_x" v="304692.0493"/>
    <tag k="local_y" v="2768116.2945"/>
    <tag k="ele" v="8.9778"/>
  </node>
  <node id="109000031012" lat="25.02014489043" lon="121.54190420958">
    <tag k="local_x" v="304691.5066"/>
    <tag k="local_y" v="2768116.7016"/>
    <tag k="ele" v="8.9708"/>
  </node>
  <node id="109000031013" lat="25.0201499007" lon="121.54189910374">
    <tag k="local_x" v="304690.9784"/>
    <tag k="local_y" v="2768117.2456"/>
    <tag k="ele" v="8.9728"/>
  </node>
  <node id="10900003204" lat="25.02016714955" lon="121.54196976644">
    <tag k="local_x" v="304698.0744"/>
    <tag k="local_y" v="2768119.3172"/>
    <tag k="ele" v="8.9498"/>
  </node>
  <node id="10900003205" lat="25.02016985258" lon="121.54197283286">
    <tag k="local_x" v="304698.3775"/>
    <tag k="local_y" v="2768119.6238"/>
    <tag k="ele" v="8.9668"/>
  </node>
  <node id="10900003206" lat="25.02017167893" lon="121.54197558878">
    <tag k="local_x" v="304698.6514"/>
    <tag k="local_y" v="2768119.8325"/>
    <tag k="ele" v="8.9668"/>
  </node>
  <node id="10900003207" lat="25.02017333086" lon="121.54197871659">
    <tag k="local_x" v="304698.9633"/>
    <tag k="local_y" v="2768120.0227"/>
    <tag k="ele" v="8.9758"/>
  </node>
  <node id="10900003208" lat="25.0201743453" lon="121.54198196935">
    <tag k="local_x" v="304699.2894"/>
    <tag k="local_y" v="2768120.1425"/>
    <tag k="ele" v="8.9758"/>
  </node>
  <node id="10900003209" lat="25.02017500352" lon="121.54198584097">
    <tag k="local_x" v="304699.6789"/>
    <tag k="local_y" v="2768120.2242"/>
    <tag k="ele" v="8.9798"/>
  </node>
  <node id="10900003301" lat="25.02027600996" lon="121.54196482236">
    <tag k="local_x" v="304697.3058"/>
    <tag k="local_y" v="2768131.3757"/>
    <tag k="ele" v="8.9808"/>
  </node>
  <node id="10900003302" lat="25.0202764743" lon="121.54196238876">
    <tag k="local_x" v="304697.0588"/>
    <tag k="local_y" v="2768131.4217"/>
    <tag k="ele" v="8.9848"/>
  </node>
  <node id="10900003303" lat="25.02027708494" lon="121.54196034479">
    <tag k="local_x" v="304696.8508"/>
    <tag k="local_y" v="2768131.4848"/>
    <tag k="ele" v="8.9888"/>
  </node>
  <node id="10900003304" lat="25.02027855013" lon="121.54195739324">
    <tag k="local_x" v="304696.549"/>
    <tag k="local_y" v="2768131.6406"/>
    <tag k="ele" v="8.9888"/>
  </node>
  <node id="10900003305" lat="25.02028070175" lon="121.54195412787">
    <tag k="local_x" v="304696.2138"/>
    <tag k="local_y" v="2768131.8718"/>
    <tag k="ele" v="8.9868"/>
  </node>
  <node id="10900003306" lat="25.02028306812" lon="121.54195170122">
    <tag k="local_x" v="304695.9628"/>
    <tag k="local_y" v="2768132.1287"/>
    <tag k="ele" v="8.9888"/>
  </node>
  <node id="10900003307" lat="25.02028616903" lon="121.54194912428">
    <tag k="local_x" v="304695.6948"/>
    <tag k="local_y" v="2768132.4667"/>
    <tag k="ele" v="8.9948"/>
  </node>
  <node id="109000033023" lat="25.02033607331" lon="121.54196372154">
    <tag k="local_x" v="304697.0461"/>
    <tag k="local_y" v="2768138.0326"/>
    <tag k="ele" v="8.9948"/>
  </node>
  <node id="109000033024" lat="25.02033883747" lon="121.54196808519">
    <tag k="local_x" v="304697.4801"/>
    <tag k="local_y" v="2768138.3489"/>
    <tag k="ele" v="8.9998"/>
  </node>
  <node id="109000033025" lat="25.02034071353" lon="121.54197221231">
    <tag k="local_x" v="304697.8924"/>
    <tag k="local_y" v="2768138.5662"/>
    <tag k="ele" v="8.9977"/>
  </node>
  <node id="109000033026" lat="25.0203417724" lon="121.54197625212">
    <tag k="local_x" v="304698.2979"/>
    <tag k="local_y" v="2768138.6927"/>
    <tag k="ele" v="8.9998"/>
  </node>
  <node id="109000033027" lat="25.02034195978" lon="121.54198132381">
    <tag k="local_x" v="304698.8098"/>
    <tag k="local_y" v="2768138.7249"/>
    <tag k="ele" v="9.0018"/>
  </node>
  <node id="109000033028" lat="25.02034141273" lon="121.54198627459">
    <tag k="local_x" v="304699.3113"/>
    <tag k="local_y" v="2768138.6754"/>
    <tag k="ele" v="9.0008"/>
  </node>
  <node id="109000033029" lat="25.02033981024" lon="121.54199123418">
    <tag k="local_x" v="304699.8163"/>
    <tag k="local_y" v="2768138.5089"/>
    <tag k="ele" v="8.9958"/>
  </node>
  <node id="109000033030" lat="25.02033771358" lon="121.54199534624">
    <tag k="local_x" v="304700.2369"/>
    <tag k="local_y" v="2768138.2857"/>
    <tag k="ele" v="8.9958"/>
  </node>
  <node id="109000033031" lat="25.02033476849" lon="121.54199935438">
    <tag k="local_x" v="304700.6491"/>
    <tag k="local_y" v="2768137.9682"/>
    <tag k="ele" v="8.9958"/>
  </node>
  <node id="109000033032" lat="25.02033150376" lon="121.54200244799">
    <tag k="local_x" v="304700.9697"/>
    <tag k="local_y" v="2768137.6132"/>
    <tag k="ele" v="9.0028"/>
  </node>
  <node id="109000033033" lat="25.02032731226" lon="121.54200538825">
    <tag k="local_x" v="304701.2771"/>
    <tag k="local_y" v="2768137.1551"/>
    <tag k="ele" v="9.0081"/>
  </node>
  <node id="10900003401" lat="25.02039211917" lon="121.54193919429">
    <tag k="local_x" v="304694.4297"/>
    <tag k="local_y" v="2768144.1913"/>
    <tag k="ele" v="9.0321"/>
  </node>
  <node id="10900003402" lat="25.0203884469" lon="121.54194370234">
    <tag k="local_x" v="304694.8942"/>
    <tag k="local_y" v="2768143.7943"/>
    <tag k="ele" v="9.0311"/>
  </node>
  <node id="10900003403" lat="25.02038390002" lon="121.54194721991">
    <tag k="local_x" v="304695.2608"/>
    <tag k="local_y" v="2768143.2981"/>
    <tag k="ele" v="9.0151"/>
  </node>
  <node id="109000034012" lat="25.02032740429" lon="121.54193484691">
    <tag k="local_x" v="304694.1505"/>
    <tag k="local_y" v="2768137.0064"/>
    <tag k="ele" v="8.9988"/>
  </node>
  <node id="109000034013" lat="25.02032315213" lon="121.54193042903">
    <tag k="local_x" v="304693.7147"/>
    <tag k="local_y" v="2768136.525"/>
    <tag k="ele" v="8.9988"/>
  </node>
  <node id="109000034014" lat="25.0203197802" lon="121.54192636925">
    <tag k="local_x" v="304693.3129"/>
    <tag k="local_y" v="2768136.142"/>
    <tag k="ele" v="8.9948"/>
  </node>
  <node id="109000034015" lat="25.02031702735" lon="121.54192233649">
    <tag k="local_x" v="304692.9123"/>
    <tag k="local_y" v="2768135.8277"/>
    <tag k="ele" v="8.9876"/>
  </node>
  <node id="109000034016" lat="25.02031487388" lon="121.54191894498">
    <tag k="local_x" v="304692.575"/>
    <tag k="local_y" v="2768135.5813"/>
    <tag k="ele" v="8.9906"/>
  </node>
  <node id="109000034017" lat="25.02031301759" lon="121.5419154875">
    <tag k="local_x" v="304692.2303"/>
    <tag k="local_y" v="2768135.3677"/>
    <tag k="ele" v="8.9916"/>
  </node>
  <node id="109000034018" lat="25.02031095362" lon="121.54191057676">
    <tag k="local_x" v="304691.7393"/>
    <tag k="local_y" v="2768135.1278"/>
    <tag k="ele" v="8.9896"/>
  </node>
  <node id="10900003501" lat="25.02033504889" lon="121.54201613943">
    <tag k="local_x" v="304702.3441"/>
    <tag k="local_y" v="2768138.0371"/>
    <tag k="ele" v="9.0141"/>
  </node>
  <node id="10900003502" lat="25.02033718347" lon="121.54200958433">
    <tag k="local_x" v="304701.6766"/>
    <tag k="local_y" v="2768138.259"/>
    <tag k="ele" v="9.0111"/>
  </node>
  <node id="10900003503" lat="25.02034020162" lon="121.54200184718">
    <tag k="local_x" v="304700.8875"/>
    <tag k="local_y" v="2768138.5762"/>
    <tag k="ele" v="9.0078"/>
  </node>
  <node id="10900003504" lat="25.02034310767" lon="121.54199594249">
    <tag k="local_x" v="304700.2838"/>
    <tag k="local_y" v="2768138.8851"/>
    <tag k="ele" v="9.0037"/>
  </node>
  <node id="10900003505" lat="25.0203471474" lon="121.54198933008">
    <tag k="local_x" v="304699.6058"/>
    <tag k="local_y" v="2768139.3181"/>
    <tag k="ele" v="9.0048"/>
  </node>
  <node id="10900003506" lat="25.02035141516" lon="121.54198481185">
    <tag k="local_x" v="304699.1388"/>
    <tag k="local_y" v="2768139.7811"/>
    <tag k="ele" v="9.0091"/>
  </node>
  <node id="10900003507" lat="25.020355784" lon="121.54198153344">
    <tag k="local_x" v="304698.7968"/>
    <tag k="local_y" v="2768140.2581"/>
    <tag k="ele" v="9.0121"/>
  </node>
  <node id="10900003508" lat="25.02036151731" lon="121.54197813003">
    <tag k="local_x" v="304698.4388"/>
    <tag k="local_y" v="2768140.8861"/>
    <tag k="ele" v="9.0221"/>
  </node>
  <node id="10900003509" lat="25.02036797892" lon="121.54197532649">
    <tag k="local_x" v="304698.1396"/>
    <tag k="local_y" v="2768141.5962"/>
    <tag k="ele" v="9.0201"/>
  </node>
  <node id="109000035023" lat="25.02048471594" lon="121.54200230033">
    <tag k="local_x" v="304700.576"/>
    <tag k="local_y" v="2768154.5999"/>
    <tag k="ele" v="9.0291"/>
  </node>
  <node id="109000035024" lat="25.02048946388" lon="121.54200668779">
    <tag k="local_x" v="304701.0075"/>
    <tag k="local_y" v="2768155.1362"/>
    <tag k="ele" v="9.0271"/>
  </node>
  <node id="109000035025" lat="25.02049287843" lon="121.54201051403">
    <tag k="local_x" v="304701.3856"/>
    <tag k="local_y" v="2768155.5234"/>
    <tag k="ele" v="9.0251"/>
  </node>
  <node id="109000035026" lat="25.02049667717" lon="121.54201571866">
    <tag k="local_x" v="304701.902"/>
    <tag k="local_y" v="2768155.9563"/>
    <tag k="ele" v="9.0201"/>
  </node>
  <node id="109000035027" lat="25.02050202889" lon="121.54202292815">
    <tag k="local_x" v="304702.6171"/>
    <tag k="local_y" v="2768156.5659"/>
    <tag k="ele" v="9.0271"/>
  </node>
  <node id="10900003602" lat="25.02055578584" lon="121.54275282085">
    <tag k="local_x" v="304776.2208"/>
    <tag k="local_y" v="2768164.1705"/>
    <tag k="ele" v="8.9774"/>
  </node>
  <node id="10900003603" lat="25.02056056878" lon="121.54275304384">
    <tag k="local_x" v="304776.2315"/>
    <tag k="local_y" v="2768164.7013"/>
    <tag k="ele" v="8.9794"/>
  </node>
  <node id="10900003604" lat="25.02056481013" lon="121.54275382077">
    <tag k="local_x" v="304776.2995"/>
    <tag k="local_y" v="2768165.1733"/>
    <tag k="ele" v="8.9864"/>
  </node>
  <node id="10900003605" lat="25.02056873858" lon="121.54275517109">
    <tag k="local_x" v="304776.4262"/>
    <tag k="local_y" v="2768165.6119"/>
    <tag k="ele" v="8.9874"/>
  </node>
  <node id="10900003606" lat="25.02057369413" lon="121.54275724144">
    <tag k="local_x" v="304776.6231"/>
    <tag k="local_y" v="2768166.166"/>
    <tag k="ele" v="8.9874"/>
  </node>
  <node id="10900003701" lat="25.02058758657" lon="121.54274162291">
    <tag k="local_x" v="304775.0109"/>
    <tag k="local_y" v="2768167.6711"/>
    <tag k="ele" v="8.9734"/>
  </node>
  <node id="10900003702" lat="25.02058442494" lon="121.5427340067">
    <tag k="local_x" v="304774.2493"/>
    <tag k="local_y" v="2768167.3034"/>
    <tag k="ele" v="8.9749"/>
  </node>
  <node id="10900003703" lat="25.02058250869" lon="121.54272706539">
    <tag k="local_x" v="304773.5528"/>
    <tag k="local_y" v="2768167.0753"/>
    <tag k="ele" v="8.9689"/>
  </node>
  <node id="10900003704" lat="25.02058131361" lon="121.54271881135">
    <tag k="local_x" v="304772.7219"/>
    <tag k="local_y" v="2768166.9242"/>
    <tag k="ele" v="8.9879"/>
  </node>
  <node id="10900003705" lat="25.02058110557" lon="121.5427138698">
    <tag k="local_x" v="304772.2232"/>
    <tag k="local_y" v="2768166.89"/>
    <tag k="ele" v="8.9929"/>
  </node>
  <node id="10900003706" lat="25.02058117651" lon="121.54271055648">
    <tag k="local_x" v="304771.8883"/>
    <tag k="local_y" v="2768166.8904"/>
    <tag k="ele" v="8.9829"/>
  </node>
  <node id="10900003707" lat="25.0205814368" lon="121.54270706863">
    <tag k="local_x" v="304771.5353"/>
    <tag k="local_y" v="2768166.9114"/>
    <tag k="ele" v="8.9699"/>
  </node>
  <node id="10900003801" lat="25.02020327695" lon="121.54190870892">
    <tag k="local_x" v="304691.8168"/>
    <tag k="local_y" v="2768123.1852"/>
    <tag k="ele" v="8.9379"/>
  </node>
  <node id="10900003802" lat="25.02020585341" lon="121.54191214542">
    <tag k="local_x" v="304692.1576"/>
    <tag k="local_y" v="2768123.4786"/>
    <tag k="ele" v="8.9489"/>
  </node>
  <node id="10900003803" lat="25.02020843118" lon="121.54191689352">
    <tag k="local_x" v="304692.6309"/>
    <tag k="local_y" v="2768123.7751"/>
    <tag k="ele" v="8.9519"/>
  </node>
  <node id="10900003804" lat="25.02021042495" lon="121.5419221965">
    <tag k="local_x" v="304693.1617"/>
    <tag k="local_y" v="2768124.0081"/>
    <tag k="ele" v="8.963"/>
  </node>
  <node id="10900003805" lat="25.02021147261" lon="121.54192772082">
    <tag k="local_x" v="304693.7172"/>
    <tag k="local_y" v="2768124.1367"/>
    <tag k="ele" v="8.994"/>
  </node>
  <node id="10900003806" lat="25.02021171607" lon="121.54193140808">
    <tag k="local_x" v="304694.0891"/>
    <tag k="local_y" v="2768124.172"/>
    <tag k="ele" v="8.994"/>
  </node>
  <node id="10900003807" lat="25.0202113455" lon="121.54193548615">
    <tag k="local_x" v="304694.502"/>
    <tag k="local_y" v="2768124.1401"/>
    <tag k="ele" v="9.0251"/>
  </node>
  <node id="10900003808" lat="25.02021032582" lon="121.54193866241">
    <tag k="local_x" v="304694.8254"/>
    <tag k="local_y" v="2768124.0342"/>
    <tag k="ele" v="9.0251"/>
  </node>
  <node id="10900003901" lat="25.02017757376" lon="121.54260825871">
    <tag k="local_x" v="304762.5518"/>
    <tag k="local_y" v="2768121.9114"/>
    <tag k="ele" v="8.9739"/>
  </node>
  <node id="10900003902" lat="25.02017520846" lon="121.54261058737">
    <tag k="local_x" v="304762.7929"/>
    <tag k="local_y" v="2768121.6544"/>
    <tag k="ele" v="8.9839"/>
  </node>
  <node id="10900003903" lat="25.02017322087" lon="121.5426120829">
    <tag k="local_x" v="304762.9489"/>
    <tag k="local_y" v="2768121.4374"/>
    <tag k="ele" v="8.9989"/>
  </node>
  <node id="10900003904" lat="25.0201712309" lon="121.54261325172">
    <tag k="local_x" v="304763.0719"/>
    <tag k="local_y" v="2768121.2194"/>
    <tag k="ele" v="9.0029"/>
  </node>
  <node id="10900003905" lat="25.02016958714" lon="121.54261380541">
    <tag k="local_x" v="304763.1319"/>
    <tag k="local_y" v="2768121.0384"/>
    <tag k="ele" v="9.0049"/>
  </node>
  <node id="10900003906" lat="25.0201670638" lon="121.54261370306">
    <tag k="local_x" v="304763.1278"/>
    <tag k="local_y" v="2768120.7584"/>
    <tag k="ele" v="8.9999"/>
  </node>
  <node id="109000039010" lat="25.02015884194" lon="121.54260819022">
    <tag k="local_x" v="304762.5912"/>
    <tag k="local_y" v="2768119.8344"/>
    <tag k="ele" v="8.974"/>
  </node>
  <node id="109000039011" lat="25.02015781521" lon="121.54260656448">
    <tag k="local_x" v="304762.4295"/>
    <tag k="local_y" v="2768119.7169"/>
    <tag k="ele" v="8.974"/>
  </node>
  <node id="109000039012" lat="25.02015681862" lon="121.54260416541">
    <tag k="local_x" v="304762.1896"/>
    <tag k="local_y" v="2768119.601"/>
    <tag k="ele" v="8.9791"/>
  </node>
  <node id="109000039013" lat="25.02015645831" lon="121.54260072474">
    <tag k="local_x" v="304761.8429"/>
    <tag k="local_y" v="2768119.5533"/>
    <tag k="ele" v="8.9691"/>
  </node>
  <node id="109000039014" lat="25.0201570765" lon="121.54259604694">
    <tag k="local_x" v="304761.3688"/>
    <tag k="local_y" v="2768119.6113"/>
    <tag k="ele" v="8.9651"/>
  </node>
  <node id="109000039015" lat="25.02015815237" lon="121.54259192575">
    <tag k="local_x" v="304760.9498"/>
    <tag k="local_y" v="2768119.7213"/>
    <tag k="ele" v="8.9581"/>
  </node>
  <node id="10900000403" lat="25.02006145212" lon="121.54219391841">
    <tag k="local_x" v="304720.9805"/>
    <tag k="local_y" v="2768108.1032"/>
    <tag k="ele" v="8.9224"/>
  </node>
  <node id="10900000404" lat="25.02006950215" lon="121.54219062121">
    <tag k="local_x" v="304720.6275"/>
    <tag k="local_y" v="2768108.9883"/>
    <tag k="ele" v="8.9194"/>
  </node>
  <node id="10900000405" lat="25.0200764077" lon="121.54218856303">
    <tag k="local_x" v="304720.4025"/>
    <tag k="local_y" v="2768109.7493"/>
    <tag k="ele" v="8.9214"/>
  </node>
  <node id="10900000406" lat="25.0200830594" lon="121.54218701335">
    <tag k="local_x" v="304720.2295"/>
    <tag k="local_y" v="2768110.4833"/>
    <tag k="ele" v="8.9194"/>
  </node>
  <node id="10900000407" lat="25.02009029294" lon="121.5421856363">
    <tag k="local_x" v="304720.0725"/>
    <tag k="local_y" v="2768111.2822"/>
    <tag k="ele" v="8.9284"/>
  </node>
  <node id="10900000408" lat="25.02009814164" lon="121.54218518992">
    <tag k="local_x" v="304720.008"/>
    <tag k="local_y" v="2768112.1514"/>
    <tag k="ele" v="8.9374"/>
  </node>
  <node id="10900000409" lat="25.02010584023" lon="121.54218565055">
    <tag k="local_x" v="304720.0355"/>
    <tag k="local_y" v="2768113.006"/>
    <tag k="ele" v="8.9414"/>
  </node>
  <node id="10900004006" lat="25.02019851614" lon="121.54263269726">
    <tag k="local_x" v="304764.9689"/>
    <tag k="local_y" v="2768124.2884"/>
    <tag k="ele" v="8.9749"/>
  </node>
  <node id="10900004007" lat="25.02019389873" lon="121.54262423971">
    <tag k="local_x" v="304764.1259"/>
    <tag k="local_y" v="2768123.7574"/>
    <tag k="ele" v="8.9879"/>
  </node>
  <node id="10900004008" lat="25.02019177101" lon="121.54261887207">
    <tag k="local_x" v="304763.5889"/>
    <tag k="local_y" v="2768123.5094"/>
    <tag k="ele" v="8.9959"/>
  </node>
  <node id="10900004009" lat="25.02019064146" lon="121.54261453852">
    <tag k="local_x" v="304763.1539"/>
    <tag k="local_y" v="2768123.3744"/>
    <tag k="ele" v="8.9979"/>
  </node>
  <node id="109000040010" lat="25.02019026565" lon="121.54261172801">
    <tag k="local_x" v="304762.8709"/>
    <tag k="local_y" v="2768123.3264"/>
    <tag k="ele" v="9.0049"/>
  </node>
  <node id="10900004205" lat="25.02030045507" lon="121.54268394119">
    <tag k="local_x" v="304769.8937"/>
    <tag k="local_y" v="2768135.7061"/>
    <tag k="ele" v="9.0271"/>
  </node>
  <node id="10900004206" lat="25.02029746672" lon="121.5426817339">
    <tag k="local_x" v="304769.6781"/>
    <tag k="local_y" v="2768135.3698"/>
    <tag k="ele" v="9.0211"/>
  </node>
  <node id="10900004207" lat="25.02029536062" lon="121.54267929678">
    <tag k="local_x" v="304769.4371"/>
    <tag k="local_y" v="2768135.1308"/>
    <tag k="ele" v="9.0181"/>
  </node>
  <node id="10900004208" lat="25.02029394526" lon="121.54267584612">
    <tag k="local_x" v="304769.092"/>
    <tag k="local_y" v="2768134.9661"/>
    <tag k="ele" v="9.0211"/>
  </node>
  <node id="10900004209" lat="25.02029332439" lon="121.54267209023">
    <tag k="local_x" v="304768.7141"/>
    <tag k="local_y" v="2768134.8888"/>
    <tag k="ele" v="9.0241"/>
  </node>
  <node id="109000042010" lat="25.02029341984" lon="121.54266726006">
    <tag k="local_x" v="304768.2259"/>
    <tag k="local_y" v="2768134.8885"/>
    <tag k="ele" v="9.0221"/>
  </node>
  <node id="10900004301" lat="25.02044060418" lon="121.54193455149">
    <tag k="local_x" v="304693.8408"/>
    <tag k="local_y" v="2768149.5565"/>
    <tag k="ele" v="8.9888"/>
  </node>
  <node id="10900004302" lat="25.02043770978" lon="121.54193761853">
    <tag k="local_x" v="304694.1578"/>
    <tag k="local_y" v="2768149.2425"/>
    <tag k="ele" v="8.9958"/>
  </node>
  <node id="10900004303" lat="25.02043409842" lon="121.54194046015">
    <tag k="local_x" v="304694.4538"/>
    <tag k="local_y" v="2768148.8485"/>
    <tag k="ele" v="9.0058"/>
  </node>
  <node id="10900004304" lat="25.02043060989" lon="121.54194267226">
    <tag k="local_x" v="304694.6859"/>
    <tag k="local_y" v="2768148.4667"/>
    <tag k="ele" v="9.0171"/>
  </node>
  <node id="10900004305" lat="25.02042771083" lon="121.54194419301">
    <tag k="local_x" v="304694.8467"/>
    <tag k="local_y" v="2768148.1487"/>
    <tag k="ele" v="9.0221"/>
  </node>
  <node id="10900004306" lat="25.02042427324" lon="121.54194549569">
    <tag k="local_x" v="304694.9868"/>
    <tag k="local_y" v="2768147.7705"/>
    <tag k="ele" v="9.0291"/>
  </node>
  <node id="109000043010" lat="25.02040795435" lon="121.54194741262">
    <tag k="local_x" v="304695.2208"/>
    <tag k="local_y" v="2768145.9655"/>
    <tag k="ele" v="9.0481"/>
  </node>
  <node id="109000043011" lat="25.02040505822" lon="121.54194656965">
    <tag k="local_x" v="304695.1428"/>
    <tag k="local_y" v="2768145.6425"/>
    <tag k="ele" v="9.0511"/>
  </node>
  <node id="109000043012" lat="25.02040253274" lon="121.54194524082">
    <tag k="local_x" v="304695.0148"/>
    <tag k="local_y" v="2768145.3595"/>
    <tag k="ele" v="9.0501"/>
  </node>
  <node id="109000043013" lat="25.02039922938" lon="121.5419430001">
    <tag k="local_x" v="304694.7966"/>
    <tag k="local_y" v="2768144.9882"/>
    <tag k="ele" v="9.0411"/>
  </node>
  <node id="109000043014" lat="25.02039598892" lon="121.54193952755">
    <tag k="local_x" v="304694.4538"/>
    <tag k="local_y" v="2768144.6211"/>
    <tag k="ele" v="9.0331"/>
  </node>
  <node id="10900004401" lat="25.02051237739" lon="121.54193984172">
    <tag k="local_x" v="304694.1978"/>
    <tag k="local_y" v="2768157.5261"/>
    <tag k="ele" v="8.981"/>
  </node>
  <node id="10900004402" lat="25.02051405105" lon="121.54194340957">
    <tag k="local_x" v="304694.5541"/>
    <tag k="local_y" v="2768157.7197"/>
    <tag k="ele" v="8.989"/>
  </node>
  <node id="10900004403" lat="25.02051473971" lon="121.54194809165">
    <tag k="local_x" v="304695.0254"/>
    <tag k="local_y" v="2768157.8066"/>
    <tag k="ele" v="8.975"/>
  </node>
  <node id="10900004404" lat="25.02051453378" lon="121.54195400997">
    <tag k="local_x" v="304695.6238"/>
    <tag k="local_y" v="2768157.7971"/>
    <tag k="ele" v="8.975"/>
  </node>
  <node id="10900004405" lat="25.02051327873" lon="121.54196024708">
    <tag k="local_x" v="304696.257"/>
    <tag k="local_y" v="2768157.672"/>
    <tag k="ele" v="8.975"/>
  </node>
  <node id="10900004406" lat="25.0205111743" lon="121.54196602885">
    <tag k="local_x" v="304696.8463"/>
    <tag k="local_y" v="2768157.4517"/>
    <tag k="ele" v="8.975"/>
  </node>
  <node id="10900004407" lat="25.02050898261" lon="121.54197099977">
    <tag k="local_x" v="304697.3539"/>
    <tag k="local_y" v="2768157.2199"/>
    <tag k="ele" v="8.975"/>
  </node>
  <node id="10900004408" lat="25.02050657897" lon="121.54197486081">
    <tag k="local_x" v="304697.7499"/>
    <tag k="local_y" v="2768156.9621"/>
    <tag k="ele" v="9.0059"/>
  </node>
  <node id="109000044026" lat="25.02046705942" lon="121.54196559862">
    <tag k="local_x" v="304696.9119"/>
    <tag k="local_y" v="2768152.5596"/>
    <tag k="ele" v="9.0131"/>
  </node>
  <node id="109000044027" lat="25.02046578114" lon="121.54196410135">
    <tag k="local_x" v="304696.7638"/>
    <tag k="local_y" v="2768152.4145"/>
    <tag k="ele" v="9.0058"/>
  </node>
  <node id="109000044028" lat="25.02046414838" lon="121.54196198268">
    <tag k="local_x" v="304696.5538"/>
    <tag k="local_y" v="2768152.2287"/>
    <tag k="ele" v="9.0111"/>
  </node>
  <node id="109000044029" lat="25.02046175306" lon="121.54195859812">
    <tag k="local_x" v="304696.2178"/>
    <tag k="local_y" v="2768151.9555"/>
    <tag k="ele" v="9.0018"/>
  </node>
  <node id="109000044030" lat="25.02045955129" lon="121.54195465407">
    <tag k="local_x" v="304695.8248"/>
    <tag k="local_y" v="2768151.7025"/>
    <tag k="ele" v="8.9998"/>
  </node>
  <node id="109000044031" lat="25.0204587555" lon="121.54195298152">
    <tag k="local_x" v="304695.6578"/>
    <tag k="local_y" v="2768151.6105"/>
    <tag k="ele" v="9.0037"/>
  </node>
  <node id="109000044032" lat="25.02045807629" lon="121.54195125243">
    <tag k="local_x" v="304695.4848"/>
    <tag k="local_y" v="2768151.5313"/>
    <tag k="ele" v="9.0068"/>
  </node>
  <node id="109000044033" lat="25.02045778434" lon="121.54194959617">
    <tag k="local_x" v="304695.3182"/>
    <tag k="local_y" v="2768151.4952"/>
    <tag k="ele" v="9.0058"/>
  </node>
  <node id="109000044034" lat="25.02045777239" lon="121.54194774286">
    <tag k="local_x" v="304695.131"/>
    <tag k="local_y" v="2768151.4897"/>
    <tag k="ele" v="9.0101"/>
  </node>
  <node id="109000044035" lat="25.02045800007" lon="121.54194603695">
    <tag k="local_x" v="304694.9581"/>
    <tag k="local_y" v="2768151.5111"/>
    <tag k="ele" v="9.0121"/>
  </node>
  <node id="10900004507" lat="25.02054432271" lon="121.5419537095">
    <tag k="local_x" v="304695.5198"/>
    <tag k="local_y" v="2768161.0992"/>
    <tag k="ele" v="8.964"/>
  </node>
  <node id="10900004508" lat="25.02054105657" lon="121.54195287727">
    <tag k="local_x" v="304695.4438"/>
    <tag k="local_y" v="2768160.7352"/>
    <tag k="ele" v="8.981"/>
  </node>
  <node id="10900004509" lat="25.02053750119" lon="121.54195163212">
    <tag k="local_x" v="304695.3268"/>
    <tag k="local_y" v="2768160.3382"/>
    <tag k="ele" v="8.982"/>
  </node>
  <node id="109000045010" lat="25.02053457072" lon="121.54195057054">
    <tag k="local_x" v="304695.2268"/>
    <tag k="local_y" v="2768160.0109"/>
    <tag k="ele" v="8.985"/>
  </node>
  <node id="109000045011" lat="25.02053163153" lon="121.54194931672">
    <tag k="local_x" v="304695.1074"/>
    <tag k="local_y" v="2768159.6822"/>
    <tag k="ele" v="8.975"/>
  </node>
  <node id="109000045012" lat="25.02052866635" lon="121.54194783261">
    <tag k="local_x" v="304694.9648"/>
    <tag k="local_y" v="2768159.3501"/>
    <tag k="ele" v="8.977"/>
  </node>
  <node id="109000045013" lat="25.02052538911" lon="121.54194612606">
    <tag k="local_x" v="304694.8005"/>
    <tag k="local_y" v="2768158.9829"/>
    <tag k="ele" v="8.981"/>
  </node>
  <node id="109000045014" lat="25.0205222284" lon="121.54194396703">
    <tag k="local_x" v="304694.5902"/>
    <tag k="local_y" v="2768158.6276"/>
    <tag k="ele" v="8.988"/>
  </node>
  <node id="109000045015" lat="25.02052009058" lon="121.54194184787">
    <tag k="local_x" v="304694.3814"/>
    <tag k="local_y" v="2768158.3858"/>
    <tag k="ele" v="8.982"/>
  </node>
  <node id="109000045016" lat="25.02051820666" lon="121.54193926178">
    <tag k="local_x" v="304694.1248"/>
    <tag k="local_y" v="2768158.1711"/>
    <tag k="ele" v="8.982"/>
  </node>
  <node id="109000045017" lat="25.02051666229" lon="121.54193669983">
    <tag k="local_x" v="304693.8698"/>
    <tag k="local_y" v="2768157.9941"/>
    <tag k="ele" v="8.98"/>
  </node>
  <node id="10900004601" lat="25.02065093374" lon="121.54260059234">
    <tag k="local_x" v="304760.6068"/>
    <tag k="local_y" v="2768174.3768"/>
    <tag k="ele" v="9.0891"/>
  </node>
  <node id="10900004602" lat="25.02063108839" lon="121.54260019567">
    <tag k="local_x" v="304760.6158"/>
    <tag k="local_y" v="2768172.1756"/>
    <tag k="ele" v="9.0481"/>
  </node>
  <node id="10900004603" lat="25.02062233015" lon="121.54259977342">
    <tag k="local_x" v="304760.5948"/>
    <tag k="local_y" v="2768171.2036"/>
    <tag k="ele" v="9.0331"/>
  </node>
  <node id="10900004604" lat="25.02062098802" lon="121.54260412567">
    <tag k="local_x" v="304761.0378"/>
    <tag k="local_y" v="2768171.0646"/>
    <tag k="ele" v="9.0341"/>
  </node>
  <node id="10900004708" lat="25.02063764848" lon="121.54264265418">
    <tag k="local_x" v="304764.8889"/>
    <tag k="local_y" v="2768172.9986"/>
    <tag k="ele" v="9.0171"/>
  </node>
  <node id="10900004709" lat="25.02064274446" lon="121.54264309567">
    <tag k="local_x" v="304764.9209"/>
    <tag k="local_y" v="2768173.5646"/>
    <tag k="ele" v="9.0391"/>
  </node>
  <node id="109000047010" lat="25.02064974509" lon="121.54264221777">
    <tag k="local_x" v="304764.8149"/>
    <tag k="local_y" v="2768174.3388"/>
    <tag k="ele" v="9.0811"/>
  </node>
  <node id="10900004801" lat="25.02037986993" lon="121.54265245839">
    <tag k="local_x" v="304766.5168"/>
    <tag k="local_y" v="2768144.4401"/>
    <tag k="ele" v="9.0271"/>
  </node>
  <node id="10900004802" lat="25.02037741512" lon="121.542656529">
    <tag k="local_x" v="304766.9341"/>
    <tag k="local_y" v="2768144.1771"/>
    <tag k="ele" v="9.0281"/>
  </node>
  <node id="10900004803" lat="25.02037499032" lon="121.54265912248">
    <tag k="local_x" v="304767.2021"/>
    <tag k="local_y" v="2768143.9141"/>
    <tag k="ele" v="9.0231"/>
  </node>
  <node id="10900004804" lat="25.02037203321" lon="121.54266216817">
    <tag k="local_x" v="304767.5171"/>
    <tag k="local_y" v="2768143.5931"/>
    <tag k="ele" v="9.0161"/>
  </node>
  <node id="10900004805" lat="25.0203685509" lon="121.54266513864">
    <tag k="local_x" v="304767.8258"/>
    <tag k="local_y" v="2768143.2137"/>
    <tag k="ele" v="9.0074"/>
  </node>
  <node id="10900004809" lat="25.02035437775" lon="121.542668474">
    <tag k="local_x" v="304768.1978"/>
    <tag k="local_y" v="2768141.6498"/>
    <tag k="ele" v="8.9824"/>
  </node>
  <node id="109000048010" lat="25.02035092583" lon="121.54266741944">
    <tag k="local_x" v="304768.0998"/>
    <tag k="local_y" v="2768141.2647"/>
    <tag k="ele" v="8.9744"/>
  </node>
  <node id="109000048011" lat="25.02034885492" lon="121.54266591365">
    <tag k="local_x" v="304767.9528"/>
    <tag k="local_y" v="2768141.0317"/>
    <tag k="ele" v="8.9614"/>
  </node>
  <node id="109000048012" lat="25.02034711575" lon="121.54266450507">
    <tag k="local_x" v="304767.8148"/>
    <tag k="local_y" v="2768140.8357"/>
    <tag k="ele" v="8.9604"/>
  </node>
  <node id="109000048013" lat="25.02034536572" lon="121.54266234393">
    <tag k="local_x" v="304767.6008"/>
    <tag k="local_y" v="2768140.6368"/>
    <tag k="ele" v="8.9544"/>
  </node>
  <node id="109000048014" lat="25.020343576" lon="121.54265942853">
    <tag k="local_x" v="304767.3107"/>
    <tag k="local_y" v="2768140.4318"/>
    <tag k="ele" v="8.9554"/>
  </node>
  <node id="10900004901" lat="25.02042257586" lon="121.54267157863">
    <tag k="local_x" v="304768.3428"/>
    <tag k="local_y" v="2768149.2181"/>
    <tag k="ele" v="9.0024"/>
  </node>
  <node id="10900004902" lat="25.02042043842" lon="121.5426730804">
    <tag k="local_x" v="304768.4998"/>
    <tag k="local_y" v="2768148.9845"/>
    <tag k="ele" v="9.0014"/>
  </node>
  <node id="10900004903" lat="25.02041845826" lon="121.54267420987">
    <tag k="local_x" v="304768.6188"/>
    <tag k="local_y" v="2768148.7675"/>
    <tag k="ele" v="9.0024"/>
  </node>
  <node id="10900004904" lat="25.02041560789" lon="121.54267511016">
    <tag k="local_x" v="304768.7168"/>
    <tag k="local_y" v="2768148.4535"/>
    <tag k="ele" v="9.0074"/>
  </node>
  <node id="10900004905" lat="25.02041280262" lon="121.54267556612">
    <tag k="local_x" v="304768.7698"/>
    <tag k="local_y" v="2768148.1435"/>
    <tag k="ele" v="9.0054"/>
  </node>
  <node id="10900004906" lat="25.02041037917" lon="121.54267543058">
    <tag k="local_x" v="304768.7621"/>
    <tag k="local_y" v="2768147.8745"/>
    <tag k="ele" v="9.0131"/>
  </node>
  <node id="10900004909" lat="25.0204024069" lon="121.54267139477">
    <tag k="local_x" v="304768.3741"/>
    <tag k="local_y" v="2768146.9815"/>
    <tag k="ele" v="9.0241"/>
  </node>
  <node id="109000049010" lat="25.02039907384" lon="121.54266808623">
    <tag k="local_x" v="304768.0481"/>
    <tag k="local_y" v="2768146.6045"/>
    <tag k="ele" v="9.0321"/>
  </node>
  <node id="109000049011" lat="25.02039616092" lon="121.54266407527">
    <tag k="local_x" v="304767.6501"/>
    <tag k="local_y" v="2768146.2725"/>
    <tag k="ele" v="9.0291"/>
  </node>
  <node id="109000049012" lat="25.02039387201" lon="121.54266042604">
    <tag k="local_x" v="304767.2871"/>
    <tag k="local_y" v="2768146.0105"/>
    <tag k="ele" v="9.0301"/>
  </node>
  <node id="109000049013" lat="25.02039214702" lon="121.54265698859">
    <tag k="local_x" v="304766.9441"/>
    <tag k="local_y" v="2768145.8115"/>
    <tag k="ele" v="9.0241"/>
  </node>
  <node id="109000049014" lat="25.02039082436" lon="121.54265328085">
    <tag k="local_x" v="304766.5728"/>
    <tag k="local_y" v="2768145.6565"/>
    <tag k="ele" v="9.0251"/>
  </node>
  <node id="10900005001" lat="25.02033446401" lon="121.54266234435">
    <tag k="local_x" v="304767.6278"/>
    <tag k="local_y" v="2768139.4281"/>
    <tag k="ele" v="8.9944"/>
  </node>
  <node id="10900005002" lat="25.02033455364" lon="121.54266800856">
    <tag k="local_x" v="304768.1998"/>
    <tag k="local_y" v="2768139.4508"/>
    <tag k="ele" v="8.9924"/>
  </node>
  <node id="10900005003" lat="25.0203342727" lon="121.54267286784">
    <tag k="local_x" v="304768.6914"/>
    <tag k="local_y" v="2768139.4306"/>
    <tag k="ele" v="9.0004"/>
  </node>
  <node id="10900005004" lat="25.02033378632" lon="121.54267687379">
    <tag k="local_x" v="304769.0973"/>
    <tag k="local_y" v="2768139.3857"/>
    <tag k="ele" v="9.0044"/>
  </node>
  <node id="10900005005" lat="25.02033197745" lon="121.54268129182">
    <tag k="local_x" v="304769.5481"/>
    <tag k="local_y" v="2768139.1951"/>
    <tag k="ele" v="9.0191"/>
  </node>
  <node id="10900005006" lat="25.0203300785" lon="121.54268419513">
    <tag k="local_x" v="304769.8461"/>
    <tag k="local_y" v="2768138.9911"/>
    <tag k="ele" v="9.0271"/>
  </node>
  <node id="10900005103" lat="25.02045022207" lon="121.5427179534">
    <tag k="local_x" v="304772.9594"/>
    <tag k="local_y" v="2768152.3878"/>
    <tag k="ele" v="9.0511"/>
  </node>
  <node id="10900005104" lat="25.02044809149" lon="121.54271627688">
    <tag k="local_x" v="304772.7953"/>
    <tag k="local_y" v="2768152.1478"/>
    <tag k="ele" v="9.0521"/>
  </node>
  <node id="10900005105" lat="25.02044633711" lon="121.54271472934">
    <tag k="local_x" v="304772.6433"/>
    <tag k="local_y" v="2768151.9498"/>
    <tag k="ele" v="9.0571"/>
  </node>
  <node id="10900005106" lat="25.02044428852" lon="121.54271212535">
    <tag k="local_x" v="304772.3853"/>
    <tag k="local_y" v="2768151.7168"/>
    <tag k="ele" v="9.0591"/>
  </node>
  <node id="10900005107" lat="25.02044291956" lon="121.54270989731">
    <tag k="local_x" v="304772.1636"/>
    <tag k="local_y" v="2768151.56"/>
    <tag k="ele" v="9.0591"/>
  </node>
  <node id="10900005108" lat="25.02044198066" lon="121.54270794409">
    <tag k="local_x" v="304771.9686"/>
    <tag k="local_y" v="2768151.4515"/>
    <tag k="ele" v="9.0591"/>
  </node>
  <node id="10900005109" lat="25.02044109404" lon="121.5427056368">
    <tag k="local_x" v="304771.7377"/>
    <tag k="local_y" v="2768151.348"/>
    <tag k="ele" v="9.0591"/>
  </node>
  <node id="109000051010" lat="25.02044046936" lon="121.54270340025">
    <tag k="local_x" v="304771.5133"/>
    <tag k="local_y" v="2768151.2737"/>
    <tag k="ele" v="9.0661"/>
  </node>
  <node id="109000051011" lat="25.0204399047" lon="121.54269967444">
    <tag k="local_x" v="304771.1383"/>
    <tag k="local_y" v="2768151.2027"/>
    <tag k="ele" v="9.0551"/>
  </node>
  <node id="109000051012" lat="25.02043977876" lon="121.54269610785">
    <tag k="local_x" v="304770.7783"/>
    <tag k="local_y" v="2768151.1807"/>
    <tag k="ele" v="9.0481"/>
  </node>
  <node id="109000051013" lat="25.02043985319" lon="121.5426924452">
    <tag k="local_x" v="304770.4081"/>
    <tag k="local_y" v="2768151.1807"/>
    <tag k="ele" v="9.0461"/>
  </node>
  <node id="109000051014" lat="25.02044024461" lon="121.54268738667">
    <tag k="local_x" v="304769.8961"/>
    <tag k="local_y" v="2768151.2127"/>
    <tag k="ele" v="9.0461"/>
  </node>
  <node id="10900005201" lat="25.02050157741" lon="121.54271267045">
    <tag k="local_x" v="304772.2987"/>
    <tag k="local_y" v="2768158.0698"/>
    <tag k="ele" v="9.0161"/>
  </node>
  <node id="10900005202" lat="25.02050105918" lon="121.54271744474">
    <tag k="local_x" v="304772.7823"/>
    <tag k="local_y" v="2768158.0231"/>
    <tag k="ele" v="9.0181"/>
  </node>
  <node id="10900005203" lat="25.02049993166" lon="121.54272100045">
    <tag k="local_x" v="304773.1443"/>
    <tag k="local_y" v="2768157.9061"/>
    <tag k="ele" v="9.0221"/>
  </node>
  <node id="10900005204" lat="25.02049766846" lon="121.54272451846">
    <tag k="local_x" v="304773.5053"/>
    <tag k="local_y" v="2768157.6631"/>
    <tag k="ele" v="9.0301"/>
  </node>
  <node id="10900005205" lat="25.02049558087" lon="121.5427264075">
    <tag k="local_x" v="304773.7013"/>
    <tag k="local_y" v="2768157.4359"/>
    <tag k="ele" v="9.0331"/>
  </node>
  <node id="10900005206" lat="25.02049189821" lon="121.54272831886">
    <tag k="local_x" v="304773.9035"/>
    <tag k="local_y" v="2768157.0319"/>
    <tag k="ele" v="9.0211"/>
  </node>
  <node id="10900005309" lat="25.02035650408" lon="121.54275206554">
    <tag k="local_x" v="304776.6373"/>
    <tag k="local_y" v="2768142.0739"/>
    <tag k="ele" v="8.9644"/>
  </node>
  <node id="109000053010" lat="25.02035771071" lon="121.54275748785">
    <tag k="local_x" v="304777.1821"/>
    <tag k="local_y" v="2768142.2199"/>
    <tag k="ele" v="8.9814"/>
  </node>
  <node id="109000053011" lat="25.02035756891" lon="121.54276264553">
    <tag k="local_x" v="304777.7035"/>
    <tag k="local_y" v="2768142.2158"/>
    <tag k="ele" v="8.9854"/>
  </node>
  <node id="109000053012" lat="25.02035634966" lon="121.54276849547">
    <tag k="local_x" v="304778.2975"/>
    <tag k="local_y" v="2768142.0938"/>
    <tag k="ele" v="8.9894"/>
  </node>
  <node id="10900005601" lat="25.01989468539" lon="121.54213512952">
    <tag k="local_x" v="304715.4537"/>
    <tag k="local_y" v="2768089.4809"/>
    <tag k="ele" v="9.2301"/>
  </node>
  <node id="10900005602" lat="25.01990189918" lon="121.54213698882">
    <tag k="local_x" v="304715.6237"/>
    <tag k="local_y" v="2768090.2849"/>
    <tag k="ele" v="9.2201"/>
  </node>
  <node id="10900005603" lat="25.01990922111" lon="121.54213929621">
    <tag k="local_x" v="304715.8387"/>
    <tag k="local_y" v="2768091.1019"/>
    <tag k="ele" v="9.2071"/>
  </node>
  <node id="10900005604" lat="25.01991573108" lon="121.54214205886">
    <tag k="local_x" v="304716.1017"/>
    <tag k="local_y" v="2768091.8299"/>
    <tag k="ele" v="9.1951"/>
  </node>
  <node id="10900005605" lat="25.01992145593" lon="121.54214493097">
    <tag k="local_x" v="304716.3777"/>
    <tag k="local_y" v="2768092.4711"/>
    <tag k="ele" v="9.1811"/>
  </node>
  <node id="10900005606" lat="25.01992843116" lon="121.5421492096">
    <tag k="local_x" v="304716.7927"/>
    <tag k="local_y" v="2768093.2541"/>
    <tag k="ele" v="9.1681"/>
  </node>
  <node id="10900005607" lat="25.01993304518" lon="121.54215206443">
    <tag k="local_x" v="304717.0697"/>
    <tag k="local_y" v="2768093.7721"/>
    <tag k="ele" v="9.1641"/>
  </node>
  <node id="10900005608" lat="25.01993807406" lon="121.54215536495">
    <tag k="local_x" v="304717.3907"/>
    <tag k="local_y" v="2768094.3371"/>
    <tag k="ele" v="9.1741"/>
  </node>
  <node id="10900005609" lat="25.01994201411" lon="121.54215845273">
    <tag k="local_x" v="304717.6929"/>
    <tag k="local_y" v="2768094.7809"/>
    <tag k="ele" v="9.1771"/>
  </node>
  <node id="10900005701" lat="25.02030064368" lon="121.54191443437">
    <tag k="local_x" v="304692.1545"/>
    <tag k="local_y" v="2768133.9934"/>
    <tag k="ele" v="8.9986"/>
  </node>
  <node id="10900005702" lat="25.02029985639" lon="121.54191660469">
    <tag k="local_x" v="304692.3757"/>
    <tag k="local_y" v="2768133.911"/>
    <tag k="ele" v="8.9986"/>
  </node>
  <node id="10900005703" lat="25.02029833723" lon="121.54191888379">
    <tag k="local_x" v="304692.6097"/>
    <tag k="local_y" v="2768133.7477"/>
    <tag k="ele" v="9.0056"/>
  </node>
  <node id="10900005704" lat="25.02029644935" lon="121.54192084305">
    <tag k="local_x" v="304692.8123"/>
    <tag k="local_y" v="2768133.5428"/>
    <tag k="ele" v="8.9976"/>
  </node>
  <node id="10900005705" lat="25.02029305485" lon="121.54192366523">
    <tag k="local_x" v="304693.1058"/>
    <tag k="local_y" v="2768133.1728"/>
    <tag k="ele" v="8.9998"/>
  </node>
  <node id="10900005706" lat="25.02028953525" lon="121.54192642991">
    <tag k="local_x" v="304693.3938"/>
    <tag k="local_y" v="2768132.7888"/>
    <tag k="ele" v="8.9918"/>
  </node>
  <node id="10900005707" lat="25.02028513439" lon="121.54192906413">
    <tag k="local_x" v="304693.6708"/>
    <tag k="local_y" v="2768132.3068"/>
    <tag k="ele" v="8.9908"/>
  </node>
  <node id="109000057020" lat="25.0202355519" lon="121.54192437636">
    <tag k="local_x" v="304693.3198"/>
    <tag k="local_y" v="2768126.7989"/>
    <tag k="ele" v="8.944"/>
  </node>
  <node id="109000057021" lat="25.0202316546" lon="121.54192171427">
    <tag k="local_x" v="304693.0605"/>
    <tag k="local_y" v="2768126.3608"/>
    <tag k="ele" v="8.947"/>
  </node>
  <node id="109000057022" lat="25.02022890127" lon="121.54191943653">
    <tag k="local_x" v="304692.8372"/>
    <tag k="local_y" v="2768126.0504"/>
    <tag k="ele" v="8.9439"/>
  </node>
  <node id="109000057023" lat="25.0202265117" lon="121.54191674502">
    <tag k="local_x" v="304692.5712"/>
    <tag k="local_y" v="2768125.7794"/>
    <tag k="ele" v="8.9449"/>
  </node>
  <node id="109000057024" lat="25.0202250586" lon="121.54191421897">
    <tag k="local_x" v="304692.3196"/>
    <tag k="local_y" v="2768125.6126"/>
    <tag k="ele" v="8.9479"/>
  </node>
  <node id="109000057025" lat="25.02022404811" lon="121.54191157111">
    <tag k="local_x" v="304692.0546"/>
    <tag k="local_y" v="2768125.4946"/>
    <tag k="ele" v="8.9459"/>
  </node>
  <node id="109000057026" lat="25.02022352919" lon="121.54190958858">
    <tag k="local_x" v="304691.8556"/>
    <tag k="local_y" v="2768125.4326"/>
    <tag k="ele" v="8.9479"/>
  </node>
  <node id="109000057027" lat="25.02022334161" lon="121.54190772305">
    <tag k="local_x" v="304691.6676"/>
    <tag k="local_y" v="2768125.4076"/>
    <tag k="ele" v="8.9499"/>
  </node>
  <node id="109000057028" lat="25.02022339642" lon="121.54190591294">
    <tag k="local_x" v="304691.4846"/>
    <tag k="local_y" v="2768125.4096"/>
    <tag k="ele" v="8.9519"/>
  </node>
  <node id="109000057029" lat="25.02022356843" lon="121.5419041057">
    <tag k="local_x" v="304691.3016"/>
    <tag k="local_y" v="2768125.4246"/>
    <tag k="ele" v="8.9529"/>
  </node>
  <node id="109000057030" lat="25.02022393092" lon="121.54190268917">
    <tag k="local_x" v="304691.1576"/>
    <tag k="local_y" v="2768125.4616"/>
    <tag k="ele" v="8.9549"/>
  </node>
  <node id="109000057031" lat="25.02022471635" lon="121.54190087715">
    <tag k="local_x" v="304690.9726"/>
    <tag k="local_y" v="2768125.5446"/>
    <tag k="ele" v="8.9529"/>
  </node>
  <node id="109000057032" lat="25.02022587181" lon="121.54189860894">
    <tag k="local_x" v="304690.7406"/>
    <tag k="local_y" v="2768125.6676"/>
    <tag k="ele" v="8.9549"/>
  </node>
  <node id="109000057033" lat="25.02022717024" lon="121.5418972945">
    <tag k="local_x" v="304690.6046"/>
    <tag k="local_y" v="2768125.8086"/>
    <tag k="ele" v="8.9579"/>
  </node>
  <node id="109000057034" lat="25.02022898233" lon="121.54189600253">
    <tag k="local_x" v="304690.4696"/>
    <tag k="local_y" v="2768126.0066"/>
    <tag k="ele" v="8.9639"/>
  </node>
  <node id="109000057035" lat="25.02023143886" lon="121.541894954">
    <tag k="local_x" v="304690.3576"/>
    <tag k="local_y" v="2768126.2766"/>
    <tag k="ele" v="8.9669"/>
  </node>
  <node id="109000057036" lat="25.02023362632" lon="121.54189427503">
    <tag k="local_x" v="304690.2836"/>
    <tag k="local_y" v="2768126.5176"/>
    <tag k="ele" v="8.9729"/>
  </node>
  <node id="109000057037" lat="25.02023620283" lon="121.54189353629">
    <tag k="local_x" v="304690.2026"/>
    <tag k="local_y" v="2768126.8016"/>
    <tag k="ele" v="8.9849"/>
  </node>
  <node id="10900005801" lat="25.01998933402" lon="121.54187892397">
    <tag k="local_x" v="304689.3367"/>
    <tag k="local_y" v="2768099.3977"/>
    <tag k="ele" v="8.9584"/>
  </node>
  <node id="10900005802" lat="25.01999518897" lon="121.54188698019">
    <tag k="local_x" v="304690.1361"/>
    <tag k="local_y" v="2768100.065"/>
    <tag k="ele" v="8.9424"/>
  </node>
  <node id="10900005803" lat="25.01999877791" lon="121.54189407623">
    <tag k="local_x" v="304690.8441"/>
    <tag k="local_y" v="2768100.4789"/>
    <tag k="ele" v="8.9384"/>
  </node>
  <node id="10900005804" lat="25.02000192928" lon="121.54190193365">
    <tag k="local_x" v="304691.6301"/>
    <tag k="local_y" v="2768100.846"/>
    <tag k="ele" v="8.9334"/>
  </node>
  <node id="10900005805" lat="25.02000400567" lon="121.54190849775">
    <tag k="local_x" v="304692.2881"/>
    <tag k="local_y" v="2768101.091"/>
    <tag k="ele" v="8.9424"/>
  </node>
  <node id="10900005806" lat="25.0200060827" lon="121.54191640609">
    <tag k="local_x" v="304693.0819"/>
    <tag k="local_y" v="2768101.3391"/>
    <tag k="ele" v="8.9379"/>
  </node>
  <node id="10900005807" lat="25.02000770684" lon="121.54192436472">
    <tag k="local_x" v="304693.8819"/>
    <tag k="local_y" v="2768101.5371"/>
    <tag k="ele" v="8.9459"/>
  </node>
  <node id="10900005808" lat="25.02000920936" lon="121.54193253814">
    <tag k="local_x" v="304694.7039"/>
    <tag k="local_y" v="2768101.7221"/>
    <tag k="ele" v="8.9459"/>
  </node>
  <node id="109000058033" lat="25.01994288429" lon="121.54207607313">
    <tag k="local_x" v="304709.3684"/>
    <tag k="local_y" v="2768094.6918"/>
    <tag k="ele" v="9.1151"/>
  </node>
  <node id="109000058034" lat="25.01993778229" lon="121.54208081046">
    <tag k="local_x" v="304709.8596"/>
    <tag k="local_y" v="2768094.1368"/>
    <tag k="ele" v="9.1181"/>
  </node>
  <node id="109000058035" lat="25.01993266306" lon="121.54208501978">
    <tag k="local_x" v="304710.2975"/>
    <tag k="local_y" v="2768093.5787"/>
    <tag k="ele" v="9.1291"/>
  </node>
  <node id="109000058036" lat="25.01992759971" lon="121.54208878701">
    <tag k="local_x" v="304710.6906"/>
    <tag k="local_y" v="2768093.0258"/>
    <tag k="ele" v="9.1371"/>
  </node>
  <node id="109000058037" lat="25.01992193112" lon="121.54209211279">
    <tag k="local_x" v="304711.0406"/>
    <tag k="local_y" v="2768092.4048"/>
    <tag k="ele" v="9.1541"/>
  </node>
  <node id="109000058038" lat="25.01991542052" lon="121.54209559615">
    <tag k="local_x" v="304711.4086"/>
    <tag k="local_y" v="2768091.6908"/>
    <tag k="ele" v="9.1741"/>
  </node>
  <node id="109000058039" lat="25.01990847765" lon="121.5420985146">
    <tag k="local_x" v="304711.7206"/>
    <tag k="local_y" v="2768090.9276"/>
    <tag k="ele" v="9.1921"/>
  </node>
  <node id="109000058040" lat="25.0199022636" lon="121.54210116383">
    <tag k="local_x" v="304712.0036"/>
    <tag k="local_y" v="2768090.2446"/>
    <tag k="ele" v="9.1951"/>
  </node>
  <node id="109000058041" lat="25.01989282279" lon="121.54210414983">
    <tag k="local_x" v="304712.3286"/>
    <tag k="local_y" v="2768089.2046"/>
    <tag k="ele" v="9.2081"/>
  </node>
  <node id="109000059019" lat="25.02005681983" lon="121.54204534075">
    <tag k="local_x" v="304705.982"/>
    <tag k="local_y" v="2768107.2549"/>
    <tag k="ele" v="8.9479"/>
  </node>
  <node id="109000059020" lat="25.02005357727" lon="121.54203850955">
    <tag k="local_x" v="304705.2999"/>
    <tag k="local_y" v="2768106.88"/>
    <tag k="ele" v="8.949"/>
  </node>
  <node id="109000059021" lat="25.02005134005" lon="121.54203453495">
    <tag k="local_x" v="304704.9039"/>
    <tag k="local_y" v="2768106.623"/>
    <tag k="ele" v="8.952"/>
  </node>
  <node id="109000059022" lat="25.02004861763" lon="121.54203046929">
    <tag k="local_x" v="304704.4999"/>
    <tag k="local_y" v="2768106.312"/>
    <tag k="ele" v="8.954"/>
  </node>
  <node id="109000059023" lat="25.02004643498" lon="121.54202846981">
    <tag k="local_x" v="304704.3033"/>
    <tag k="local_y" v="2768106.0655"/>
    <tag k="ele" v="8.968"/>
  </node>
  <node id="109000059024" lat="25.02004461852" lon="121.54202642584">
    <tag k="local_x" v="304704.1013"/>
    <tag k="local_y" v="2768105.8595"/>
    <tag k="ele" v="8.972"/>
  </node>
  <node id="109000059025" lat="25.02004188881" lon="121.54202418431">
    <tag k="local_x" v="304703.8816"/>
    <tag k="local_y" v="2768105.5518"/>
    <tag k="ele" v="8.974"/>
  </node>
  <node id="109000059026" lat="25.02003803701" lon="121.54202234592">
    <tag k="local_x" v="304703.7054"/>
    <tag k="local_y" v="2768105.1206"/>
    <tag k="ele" v="8.982"/>
  </node>
  <node id="109000059027" lat="25.02003536594" lon="121.54202139067">
    <tag k="local_x" v="304703.6155"/>
    <tag k="local_y" v="2768104.8223"/>
    <tag k="ele" v="9.0046"/>
  </node>
  <node id="109000059028" lat="25.02002918973" lon="121.54201898165">
    <tag k="local_x" v="304703.3874"/>
    <tag k="local_y" v="2768104.1321"/>
    <tag k="ele" v="9.0091"/>
  </node>
  <node id="109000059029" lat="25.02002661769" lon="121.5420190563">
    <tag k="local_x" v="304703.4013"/>
    <tag k="local_y" v="2768103.8471"/>
    <tag k="ele" v="9.0037"/>
  </node>
  <node id="109000059030" lat="25.02001979869" lon="121.54201756499">
    <tag k="local_x" v="304703.2675"/>
    <tag k="local_y" v="2768103.0877"/>
    <tag k="ele" v="9.0161"/>
  </node>
  <node id="109000059031" lat="25.02001376238" lon="121.54201728166">
    <tag k="local_x" v="304703.2538"/>
    <tag k="local_y" v="2768102.4178"/>
    <tag k="ele" v="9.0201"/>
  </node>
  <node id="109000059032" lat="25.0200079457" lon="121.54201941698">
    <tag k="local_x" v="304703.4839"/>
    <tag k="local_y" v="2768101.7777"/>
    <tag k="ele" v="9.0181"/>
  </node>
  <node id="10900000601" lat="25.02013694964" lon="121.54199779674">
    <tag k="local_x" v="304700.9808"/>
    <tag k="local_y" v="2768116.032"/>
    <tag k="ele" v="8.9468"/>
  </node>
  <node id="10900000602" lat="25.0201335837" lon="121.54199166631">
    <tag k="local_x" v="304700.3698"/>
    <tag k="local_y" v="2768115.645"/>
    <tag k="ele" v="8.9518"/>
  </node>
  <node id="10900000603" lat="25.0201316447" lon="121.54198588756">
    <tag k="local_x" v="304699.7908"/>
    <tag k="local_y" v="2768115.417"/>
    <tag k="ele" v="8.9528"/>
  </node>
  <node id="10900000604" lat="25.02013108923" lon="121.54198161954">
    <tag k="local_x" v="304699.361"/>
    <tag k="local_y" v="2768115.3458"/>
    <tag k="ele" v="8.9468"/>
  </node>
  <node id="10900000605" lat="25.02013136924" lon="121.54197724923">
    <tag k="local_x" v="304698.9188"/>
    <tag k="local_y" v="2768115.367"/>
    <tag k="ele" v="8.9368"/>
  </node>
  <node id="109000060025" lat="25.02001831939" lon="121.54196461083">
    <tag k="local_x" v="304697.9215"/>
    <tag k="local_y" v="2768102.8044"/>
    <tag k="ele" v="8.97"/>
  </node>
  <node id="109000060026" lat="25.0200187133" lon="121.5419698608">
    <tag k="local_x" v="304698.4509"/>
    <tag k="local_y" v="2768102.8599"/>
    <tag k="ele" v="8.972"/>
  </node>
  <node id="109000060027" lat="25.02001953705" lon="121.541975929">
    <tag k="local_x" v="304699.0619"/>
    <tag k="local_y" v="2768102.9649"/>
    <tag k="ele" v="8.97"/>
  </node>
  <node id="109000060028" lat="25.02001995371" lon="121.54197894937">
    <tag k="local_x" v="304699.366"/>
    <tag k="local_y" v="2768103.0179"/>
    <tag k="ele" v="8.9781"/>
  </node>
  <node id="109000060029" lat="25.02002136654" lon="121.54198620993">
    <tag k="local_x" v="304700.096"/>
    <tag k="local_y" v="2768103.1909"/>
    <tag k="ele" v="8.9831"/>
  </node>
  <node id="109000060030" lat="25.02002477561" lon="121.5419940796">
    <tag k="local_x" v="304700.8826"/>
    <tag k="local_y" v="2768103.5866"/>
    <tag k="ele" v="8.9841"/>
  </node>
  <node id="109000060031" lat="25.02002898485" lon="121.54200243012">
    <tag k="local_x" v="304701.7158"/>
    <tag k="local_y" v="2768104.0721"/>
    <tag k="ele" v="9.0037"/>
  </node>
  <node id="109000060032" lat="25.02003241393" lon="121.54200634084">
    <tag k="local_x" v="304702.1024"/>
    <tag k="local_y" v="2768104.4611"/>
    <tag k="ele" v="8.968"/>
  </node>
  <node id="109000060033" lat="25.02003525722" lon="121.54200934041">
    <tag k="local_x" v="304702.3984"/>
    <tag k="local_y" v="2768104.7831"/>
    <tag k="ele" v="9.0091"/>
  </node>
  <node id="109000060034" lat="25.02003809279" lon="121.54201152117">
    <tag k="local_x" v="304702.6117"/>
    <tag k="local_y" v="2768105.1024"/>
    <tag k="ele" v="9.0046"/>
  </node>
  <node id="109000060035" lat="25.02004060725" lon="121.54201237163">
    <tag k="local_x" v="304702.6914"/>
    <tag k="local_y" v="2768105.3831"/>
    <tag k="ele" v="8.982"/>
  </node>
  <node id="109000060036" lat="25.02004289599" lon="121.54201292257">
    <tag k="local_x" v="304702.7414"/>
    <tag k="local_y" v="2768105.6381"/>
    <tag k="ele" v="8.974"/>
  </node>
  <node id="109000060037" lat="25.02004676915" lon="121.54201375381">
    <tag k="local_x" v="304702.8158"/>
    <tag k="local_y" v="2768106.0694"/>
    <tag k="ele" v="8.968"/>
  </node>
  <node id="109000060038" lat="25.02004986217" lon="121.54201325142">
    <tag k="local_x" v="304702.7574"/>
    <tag k="local_y" v="2768106.4112"/>
    <tag k="ele" v="8.954"/>
  </node>
  <node id="109000060039" lat="25.0200534263" lon="121.54201273483">
    <tag k="local_x" v="304702.6964"/>
    <tag k="local_y" v="2768106.8052"/>
    <tag k="ele" v="8.899"/>
  </node>
  <node id="109000060040" lat="25.02005778537" lon="121.54201171306">
    <tag k="local_x" v="304702.5824"/>
    <tag k="local_y" v="2768107.2862"/>
    <tag k="ele" v="8.9489"/>
  </node>
  <node id="109000060041" lat="25.02006166882" lon="121.54201070638">
    <tag k="local_x" v="304702.4711"/>
    <tag k="local_y" v="2768107.7145"/>
    <tag k="ele" v="8.877"/>
  </node>
  <node id="109000060042" lat="25.0200665193" lon="121.54200915914">
    <tag k="local_x" v="304702.3028"/>
    <tag k="local_y" v="2768108.2488"/>
    <tag k="ele" v="8.883"/>
  </node>
  <node id="10900006104" lat="25.02002219433" lon="121.54230116722">
    <tag k="local_x" v="304731.9123"/>
    <tag k="local_y" v="2768103.9922"/>
    <tag k="ele" v="8.9698"/>
  </node>
  <node id="10900006105" lat="25.02002140055" lon="121.54230782935">
    <tag k="local_x" v="304732.5873"/>
    <tag k="local_y" v="2768103.9192"/>
    <tag k="ele" v="8.9708"/>
  </node>
  <node id="10900006106" lat="25.02001985987" lon="121.54231529479">
    <tag k="local_x" v="304733.3453"/>
    <tag k="local_y" v="2768103.7652"/>
    <tag k="ele" v="8.9698"/>
  </node>
  <node id="10900006107" lat="25.02001730454" lon="121.54232302542">
    <tag k="local_x" v="304734.1326"/>
    <tag k="local_y" v="2768103.4993"/>
    <tag k="ele" v="8.9728"/>
  </node>
  <node id="10900006108" lat="25.02001434662" lon="121.54233050566">
    <tag k="local_x" v="304734.8956"/>
    <tag k="local_y" v="2768103.1882"/>
    <tag k="ele" v="8.9708"/>
  </node>
  <node id="10900006109" lat="25.02001152686" lon="121.54233615804">
    <tag k="local_x" v="304735.4736"/>
    <tag k="local_y" v="2768102.8883"/>
    <tag k="ele" v="8.9768"/>
  </node>
  <node id="109000061010" lat="25.02000762395" lon="121.54234131868">
    <tag k="local_x" v="304736.0046"/>
    <tag k="local_y" v="2768102.4672"/>
    <tag k="ele" v="8.9728"/>
  </node>
  <node id="109000061011" lat="25.02000373849" lon="121.54234615309">
    <tag k="local_x" v="304736.5026"/>
    <tag k="local_y" v="2768102.0473"/>
    <tag k="ele" v="8.9798"/>
  </node>
  <node id="10900006201" lat="25.02001211091" lon="121.54236729355">
    <tag k="local_x" v="304738.6176"/>
    <tag k="local_y" v="2768103.0232"/>
    <tag k="ele" v="8.9938"/>
  </node>
  <node id="10900006202" lat="25.02002065195" lon="121.54236819549">
    <tag k="local_x" v="304738.6876"/>
    <tag k="local_y" v="2768103.9722"/>
    <tag k="ele" v="8.9438"/>
  </node>
  <node id="10900006203" lat="25.02002824691" lon="121.54237109261">
    <tag k="local_x" v="304738.9615"/>
    <tag k="local_y" v="2768104.8208"/>
    <tag k="ele" v="8.9209"/>
  </node>
  <node id="10900006204" lat="25.02003371002" lon="121.5423746839">
    <tag k="local_x" v="304739.3108"/>
    <tag k="local_y" v="2768105.4346"/>
    <tag k="ele" v="8.9159"/>
  </node>
  <node id="109000062015" lat="25.02003897033" lon="121.54244768816">
    <tag k="local_x" v="304746.673"/>
    <tag k="local_y" v="2768106.1823"/>
    <tag k="ele" v="8.8874"/>
  </node>
  <node id="109000062016" lat="25.02003468298" lon="121.5424584519">
    <tag k="local_x" v="304747.771"/>
    <tag k="local_y" v="2768105.7312"/>
    <tag k="ele" v="8.9074"/>
  </node>
  <node id="109000062017" lat="25.02002786137" lon="121.54247146988">
    <tag k="local_x" v="304749.103"/>
    <tag k="local_y" v="2768105.0042"/>
    <tag k="ele" v="8.8994"/>
  </node>
  <node id="109000062018" lat="25.02001916855" lon="121.54248473901">
    <tag k="local_x" v="304750.465"/>
    <tag k="local_y" v="2768104.0703"/>
    <tag k="ele" v="8.9344"/>
  </node>
  <node id="109000062019" lat="25.02000989563" lon="121.54249588555">
    <tag k="local_x" v="304751.614"/>
    <tag k="local_y" v="2768103.0673"/>
    <tag k="ele" v="8.9524"/>
  </node>
  <node id="10900006301" lat="25.02001880223" lon="121.54253450122">
    <tag k="local_x" v="304755.4931"/>
    <tag k="local_y" v="2768104.1418"/>
    <tag k="ele" v="9.0251"/>
  </node>
  <node id="10900006302" lat="25.02002547776" lon="121.54253501898">
    <tag k="local_x" v="304755.5289"/>
    <tag k="local_y" v="2768104.8831"/>
    <tag k="ele" v="9.0161"/>
  </node>
  <node id="10900006303" lat="25.02003266069" lon="121.54253622128">
    <tag k="local_x" v="304755.6326"/>
    <tag k="local_y" v="2768105.6822"/>
    <tag k="ele" v="9.0034"/>
  </node>
  <node id="10900006304" lat="25.02003783619" lon="121.54253780998">
    <tag k="local_x" v="304755.7803"/>
    <tag k="local_y" v="2768106.2596"/>
    <tag k="ele" v="8.9694"/>
  </node>
  <node id="10900006305" lat="25.02004353554" lon="121.54254029445">
    <tag k="local_x" v="304756.0172"/>
    <tag k="local_y" v="2768106.8971"/>
    <tag k="ele" v="8.9814"/>
  </node>
  <node id="10900006306" lat="25.02005020023" lon="121.54254405275">
    <tag k="local_x" v="304756.3804"/>
    <tag k="local_y" v="2768107.6445"/>
    <tag k="ele" v="8.9654"/>
  </node>
  <node id="10900006307" lat="25.02005517646" lon="121.54254759155">
    <tag k="local_x" v="304756.7256"/>
    <tag k="local_y" v="2768108.2042"/>
    <tag k="ele" v="8.9654"/>
  </node>
  <node id="10900006308" lat="25.02005797182" lon="121.5425500198">
    <tag k="local_x" v="304756.964"/>
    <tag k="local_y" v="2768108.5196"/>
    <tag k="ele" v="8.9644"/>
  </node>
  <node id="10900006309" lat="25.02006260782" lon="121.542554944">
    <tag k="local_x" v="304757.45"/>
    <tag k="local_y" v="2768109.0447"/>
    <tag k="ele" v="8.9634"/>
  </node>
  <node id="109000063010" lat="25.0200659943" lon="121.5425591744">
    <tag k="local_x" v="304757.869"/>
    <tag k="local_y" v="2768109.4297"/>
    <tag k="ele" v="8.9684"/>
  </node>
  <node id="109000063017" lat="25.02007765206" lon="121.54258193156">
    <tag k="local_x" v="304760.1392"/>
    <tag k="local_y" v="2768110.7735"/>
    <tag k="ele" v="8.9464"/>
  </node>
  <node id="109000063018" lat="25.0200790348" lon="121.5425866326">
    <tag k="local_x" v="304760.6107"/>
    <tag k="local_y" v="2768110.9374"/>
    <tag k="ele" v="8.9464"/>
  </node>
  <node id="109000063019" lat="25.02008026084" lon="121.54259194352">
    <tag k="local_x" v="304761.1442"/>
    <tag k="local_y" v="2768111.0853"/>
    <tag k="ele" v="8.9494"/>
  </node>
  <node id="109000063020" lat="25.02008091964" lon="121.54259618536">
    <tag k="local_x" v="304761.5711"/>
    <tag k="local_y" v="2768111.1679"/>
    <tag k="ele" v="8.9504"/>
  </node>
  <node id="109000063021" lat="25.02008137787" lon="121.54260013325">
    <tag k="local_x" v="304761.9688"/>
    <tag k="local_y" v="2768111.2276"/>
    <tag k="ele" v="8.9494"/>
  </node>
  <node id="109000063022" lat="25.02008176692" lon="121.54260411212">
    <tag k="local_x" v="304762.3698"/>
    <tag k="local_y" v="2768111.2797"/>
    <tag k="ele" v="8.9534"/>
  </node>
  <node id="109000063023" lat="25.02008188219" lon="121.54260709442">
    <tag k="local_x" v="304762.6708"/>
    <tag k="local_y" v="2768111.2992"/>
    <tag k="ele" v="8.9564"/>
  </node>
  <node id="109000063024" lat="25.02008187462" lon="121.54261123977">
    <tag k="local_x" v="304763.0896"/>
    <tag k="local_y" v="2768111.3077"/>
    <tag k="ele" v="8.9564"/>
  </node>
  <node id="109000063025" lat="25.02008160152" lon="121.54261562411">
    <tag k="local_x" v="304763.5332"/>
    <tag k="local_y" v="2768111.2873"/>
    <tag k="ele" v="8.9654"/>
  </node>
  <node id="109000063026" lat="25.02008122786" lon="121.54261958727">
    <tag k="local_x" v="304763.9345"/>
    <tag k="local_y" v="2768111.2548"/>
    <tag k="ele" v="8.9594"/>
  </node>
  <node id="109000063027" lat="25.02008077728" lon="121.54262356242">
    <tag k="local_x" v="304764.3372"/>
    <tag k="local_y" v="2768111.2138"/>
    <tag k="ele" v="8.9604"/>
  </node>
  <node id="109000063028" lat="25.02008000929" lon="121.5426274011">
    <tag k="local_x" v="304764.7269"/>
    <tag k="local_y" v="2768111.1373"/>
    <tag k="ele" v="8.9414"/>
  </node>
  <node id="109000063029" lat="25.02007921002" lon="121.54263140335">
    <tag k="local_x" v="304765.1332"/>
    <tag k="local_y" v="2768111.0577"/>
    <tag k="ele" v="8.9594"/>
  </node>
  <node id="109000063030" lat="25.02007772032" lon="121.54263715856">
    <tag k="local_x" v="304765.7183"/>
    <tag k="local_y" v="2768110.9055"/>
    <tag k="ele" v="8.9594"/>
  </node>
  <node id="109000063031" lat="25.02007594189" lon="121.54264300767">
    <tag k="local_x" v="304766.3136"/>
    <tag k="local_y" v="2768110.7215"/>
    <tag k="ele" v="8.9404"/>
  </node>
  <node id="109000063040" lat="25.02004185669" lon="121.54270080082">
    <tag k="local_x" v="304772.2364"/>
    <tag k="local_y" v="2768107.0726"/>
    <tag k="ele" v="8.9454"/>
  </node>
  <node id="109000063041" lat="25.0200332233" lon="121.54271123347">
    <tag k="local_x" v="304773.3117"/>
    <tag k="local_y" v="2768106.1389"/>
    <tag k="ele" v="8.9544"/>
  </node>
  <node id="109000063042" lat="25.02002087931" lon="121.54272402024">
    <tag k="local_x" v="304774.634"/>
    <tag k="local_y" v="2768104.7991"/>
    <tag k="ele" v="8.9664"/>
  </node>
  <node id="109000063043" lat="25.02000825379" lon="121.54273463827">
    <tag k="local_x" v="304775.7379"/>
    <tag k="local_y" v="2768103.4232"/>
    <tag k="ele" v="8.9754"/>
  </node>
  <node id="10900006901" lat="25.02018044235" lon="121.54198450116">
    <tag k="local_x" v="304699.5301"/>
    <tag k="local_y" v="2768120.8242"/>
    <tag k="ele" v="8.9829"/>
  </node>
  <node id="10900006902" lat="25.02018215701" lon="121.54198187841">
    <tag k="local_x" v="304699.2609"/>
    <tag k="local_y" v="2768121.0084"/>
    <tag k="ele" v="8.9769"/>
  </node>
  <node id="10900006903" lat="25.02018504583" lon="121.54197819753">
    <tag k="local_x" v="304698.8819"/>
    <tag k="local_y" v="2768121.3204"/>
    <tag k="ele" v="8.9669"/>
  </node>
  <node id="10900006904" lat="25.02018880873" lon="121.54197411239">
    <tag k="local_x" v="304698.4599"/>
    <tag k="local_y" v="2768121.7284"/>
    <tag k="ele" v="8.9769"/>
  </node>
  <node id="10900006905" lat="25.02019188822" lon="121.54197125776">
    <tag k="local_x" v="304698.1639"/>
    <tag k="local_y" v="2768122.0634"/>
    <tag k="ele" v="8.9729"/>
  </node>
  <node id="10900006906" lat="25.0201947038" lon="121.54196940633">
    <tag k="local_x" v="304697.9699"/>
    <tag k="local_y" v="2768122.3714"/>
    <tag k="ele" v="8.9769"/>
  </node>
  <node id="10900006909" lat="25.02020145747" lon="121.54196772056">
    <tag k="local_x" v="304697.7829"/>
    <tag k="local_y" v="2768123.1164"/>
    <tag k="ele" v="8.9619"/>
  </node>
  <node id="109000069010" lat="25.02020333897" lon="121.54196789529">
    <tag k="local_x" v="304697.7959"/>
    <tag k="local_y" v="2768123.3254"/>
    <tag k="ele" v="8.9609"/>
  </node>
  <node id="109000069011" lat="25.02020548967" lon="121.54196858143">
    <tag k="local_x" v="304697.8599"/>
    <tag k="local_y" v="2768123.5654"/>
    <tag k="ele" v="8.9529"/>
  </node>
  <node id="109000069012" lat="25.02020737191" lon="121.54196960746">
    <tag k="local_x" v="304697.9589"/>
    <tag k="local_y" v="2768123.7764"/>
    <tag k="ele" v="8.9399"/>
  </node>
  <node id="109000069013" lat="25.0202091203" lon="121.54197100636">
    <tag k="local_x" v="304698.0959"/>
    <tag k="local_y" v="2768123.9734"/>
    <tag k="ele" v="8.9379"/>
  </node>
  <node id="109000069014" lat="25.02021086585" lon="121.5419729892">
    <tag k="local_x" v="304698.2919"/>
    <tag k="local_y" v="2768124.1714"/>
    <tag k="ele" v="8.9299"/>
  </node>
  <node id="10900007001" lat="25.02021707528" lon="121.54196754844">
    <tag k="local_x" v="304697.7269"/>
    <tag k="local_y" v="2768124.8476"/>
    <tag k="ele" v="8.9259"/>
  </node>
  <node id="10900007002" lat="25.02021795383" lon="121.5419635501">
    <tag k="local_x" v="304697.3208"/>
    <tag k="local_y" v="2768124.936"/>
    <tag k="ele" v="8.9269"/>
  </node>
  <node id="10900007003" lat="25.02021939168" lon="121.54195843702">
    <tag k="local_x" v="304696.8007"/>
    <tag k="local_y" v="2768125.0839"/>
    <tag k="ele" v="8.936"/>
  </node>
  <node id="10900007004" lat="25.02022088116" lon="121.54195575431">
    <tag k="local_x" v="304696.526"/>
    <tag k="local_y" v="2768125.243"/>
    <tag k="ele" v="8.936"/>
  </node>
  <node id="10900007005" lat="25.02022257044" lon="121.54195362588">
    <tag k="local_x" v="304696.3068"/>
    <tag k="local_y" v="2768125.4255"/>
    <tag k="ele" v="8.936"/>
  </node>
  <node id="10900007006" lat="25.02022434038" lon="121.54195196663">
    <tag k="local_x" v="304696.1348"/>
    <tag k="local_y" v="2768125.618"/>
    <tag k="ele" v="8.942"/>
  </node>
  <node id="109000070013" lat="25.02025234944" lon="121.54195075152">
    <tag k="local_x" v="304695.9428"/>
    <tag k="local_y" v="2768128.7207"/>
    <tag k="ele" v="8.971"/>
  </node>
  <node id="109000070014" lat="25.02025449103" lon="121.54195148693">
    <tag k="local_x" v="304696.0118"/>
    <tag k="local_y" v="2768128.9598"/>
    <tag k="ele" v="8.9778"/>
  </node>
  <node id="109000070015" lat="25.020257314" lon="121.54195282304">
    <tag k="local_x" v="304696.1398"/>
    <tag k="local_y" v="2768129.2758"/>
    <tag k="ele" v="8.9818"/>
  </node>
  <node id="109000070016" lat="25.02025962503" lon="121.54195400803">
    <tag k="local_x" v="304696.2538"/>
    <tag k="local_y" v="2768129.5347"/>
    <tag k="ele" v="8.9908"/>
  </node>
  <node id="109000070017" lat="25.02026198242" lon="121.54195561981">
    <tag k="local_x" v="304696.4108"/>
    <tag k="local_y" v="2768129.7997"/>
    <tag k="ele" v="8.9977"/>
  </node>
  <node id="109000070018" lat="25.02026463776" lon="121.54195770411">
    <tag k="local_x" v="304696.6148"/>
    <tag k="local_y" v="2768130.0988"/>
    <tag k="ele" v="8.9977"/>
  </node>
  <node id="109000070019" lat="25.02026714059" lon="121.5419597926">
    <tag k="local_x" v="304696.8196"/>
    <tag k="local_y" v="2768130.381"/>
    <tag k="ele" v="8.9908"/>
  </node>
  <node id="109000070020" lat="25.0202695637" lon="121.54196203157">
    <tag k="local_x" v="304697.0398"/>
    <tag k="local_y" v="2768130.6547"/>
    <tag k="ele" v="8.9918"/>
  </node>
  <node id="109000070021" lat="25.02027081145" lon="121.54196365579">
    <tag k="local_x" v="304697.2008"/>
    <tag k="local_y" v="2768130.7967"/>
    <tag k="ele" v="9.0018"/>
  </node>
  <node id="109000070022" lat="25.02027157923" lon="121.5419649317">
    <tag k="local_x" v="304697.3278"/>
    <tag k="local_y" v="2768130.8847"/>
    <tag k="ele" v="9.0028"/>
  </node>
  <node id="109000070023" lat="25.02027216558" lon="121.5419667476">
    <tag k="local_x" v="304697.5098"/>
    <tag k="local_y" v="2768130.9538"/>
    <tag k="ele" v="9.0058"/>
  </node>
  <node id="10900007101" lat="25.02051747504" lon="121.54289537675">
    <tag k="local_x" v="304790.7171"/>
    <tag k="local_y" v="2768160.2441"/>
    <tag k="ele" v="8.8638"/>
  </node>
  <node id="10900007102" lat="25.0205163823" lon="121.54288204326">
    <tag k="local_x" v="304789.3728"/>
    <tag k="local_y" v="2768160.0929"/>
    <tag k="ele" v="8.8787"/>
  </node>
  <node id="10900007103" lat="25.02051531236" lon="121.54286510226">
    <tag k="local_x" v="304787.664"/>
    <tag k="local_y" v="2768159.9361"/>
    <tag k="ele" v="8.8898"/>
  </node>
  <node id="10900007201" lat="25.02061855495" lon="121.54187814337">
    <tag k="local_x" v="304687.7023"/>
    <tag k="local_y" v="2768169.1593"/>
    <tag k="ele" v="8.9596"/>
  </node>
  <node id="10900007202" lat="25.02062091681" lon="121.54188175478">
    <tag k="local_x" v="304688.0613"/>
    <tag k="local_y" v="2768169.4293"/>
    <tag k="ele" v="8.9596"/>
  </node>
  <node id="10900007203" lat="25.02062263868" lon="121.54188574648">
    <tag k="local_x" v="304688.4603"/>
    <tag k="local_y" v="2768169.6292"/>
    <tag k="ele" v="8.9506"/>
  </node>
  <node id="10900007204" lat="25.02062349106" lon="121.54188907349">
    <tag k="local_x" v="304688.7943"/>
    <tag k="local_y" v="2768169.7312"/>
    <tag k="ele" v="8.9466"/>
  </node>
  <node id="10900007205" lat="25.02062368608" lon="121.5418931476">
    <tag k="local_x" v="304689.2054"/>
    <tag k="local_y" v="2768169.762"/>
    <tag k="ele" v="8.9406"/>
  </node>
  <node id="10900007206" lat="25.02062302587" lon="121.5418974532">
    <tag k="local_x" v="304689.642"/>
    <tag k="local_y" v="2768169.6985"/>
    <tag k="ele" v="8.9396"/>
  </node>
  <node id="10900007207" lat="25.02062138642" lon="121.54190219017">
    <tag k="local_x" v="304690.1246"/>
    <tag k="local_y" v="2768169.5274"/>
    <tag k="ele" v="8.9416"/>
  </node>
  <node id="10900007208" lat="25.02061950341" lon="121.54190648465">
    <tag k="local_x" v="304690.5631"/>
    <tag k="local_y" v="2768169.3283"/>
    <tag k="ele" v="8.9336"/>
  </node>
  <node id="10900007209" lat="25.02061701292" lon="121.54191164624">
    <tag k="local_x" v="304691.0907"/>
    <tag k="local_y" v="2768169.0638"/>
    <tag k="ele" v="8.9376"/>
  </node>
  <node id="109000072010" lat="25.02061356613" lon="121.54191721996">
    <tag k="local_x" v="304691.6623"/>
    <tag k="local_y" v="2768168.6942"/>
    <tag k="ele" v="8.9426"/>
  </node>
  <node id="109000073012" lat="25.02062802147" lon="121.5419857606">
    <tag k="local_x" v="304698.5508"/>
    <tag k="local_y" v="2768170.4513"/>
    <tag k="ele" v="8.9806"/>
  </node>
  <node id="109000073013" lat="25.02063835317" lon="121.54199175269">
    <tag k="local_x" v="304699.1306"/>
    <tag k="local_y" v="2768171.6103"/>
    <tag k="ele" v="8.9676"/>
  </node>
  <node id="109000073014" lat="25.02064583581" lon="121.5419969376">
    <tag k="local_x" v="304699.6359"/>
    <tag k="local_y" v="2768172.4516"/>
    <tag k="ele" v="8.9726"/>
  </node>
  <node id="109000073015" lat="25.02065134905" lon="121.54200108048">
    <tag k="local_x" v="304700.0408"/>
    <tag k="local_y" v="2768173.0722"/>
    <tag k="ele" v="8.9866"/>
  </node>
  <node id="109000073016" lat="25.02065623487" lon="121.54200613948">
    <tag k="local_x" v="304700.5398"/>
    <tag k="local_y" v="2768173.6253"/>
    <tag k="ele" v="9.0016"/>
  </node>
  <node id="10900007406" lat="25.02063123717" lon="121.54192062299">
    <tag k="local_x" v="304691.9624"/>
    <tag k="local_y" v="2768170.6611"/>
    <tag k="ele" v="8.9326"/>
  </node>
  <node id="10900007407" lat="25.02063460305" lon="121.54191388221">
    <tag k="local_x" v="304691.2731"/>
    <tag k="local_y" v="2768171.0191"/>
    <tag k="ele" v="8.9446"/>
  </node>
  <node id="10900007408" lat="25.02063793968" lon="121.54190867006">
    <tag k="local_x" v="304690.7383"/>
    <tag k="local_y" v="2768171.3773"/>
    <tag k="ele" v="8.9566"/>
  </node>
  <node id="10900007409" lat="25.02064741092" lon="121.54189570693">
    <tag k="local_x" v="304689.4053"/>
    <tag k="local_y" v="2768172.3982"/>
    <tag k="ele" v="8.9566"/>
  </node>
  <node id="10900007501" lat="25.02066036939" lon="121.54198327578">
    <tag k="local_x" v="304698.2198"/>
    <tag k="local_y" v="2768174.0322"/>
    <tag k="ele" v="8.9996"/>
  </node>
  <node id="10900007502" lat="25.02065516183" lon="121.5419832206">
    <tag k="local_x" v="304698.2271"/>
    <tag k="local_y" v="2768173.4547"/>
    <tag k="ele" v="8.9836"/>
  </node>
  <node id="10900007503" lat="25.02065061175" lon="121.54198214611">
    <tag k="local_x" v="304698.1298"/>
    <tag k="local_y" v="2768172.9478"/>
    <tag k="ele" v="8.9606"/>
  </node>
  <node id="10900007504" lat="25.02064683789" lon="121.54198037791">
    <tag k="local_x" v="304697.9605"/>
    <tag k="local_y" v="2768172.5254"/>
    <tag k="ele" v="8.9536"/>
  </node>
  <node id="10900007505" lat="25.02064256008" lon="121.54197731154">
    <tag k="local_x" v="304697.6613"/>
    <tag k="local_y" v="2768172.0442"/>
    <tag k="ele" v="8.9436"/>
  </node>
  <node id="10900007506" lat="25.02063785352" lon="121.54197297359">
    <tag k="local_x" v="304697.2347"/>
    <tag k="local_y" v="2768171.5126"/>
    <tag k="ele" v="8.9516"/>
  </node>
  <node id="10900007507" lat="25.02063405658" lon="121.54196852428">
    <tag k="local_x" v="304696.7946"/>
    <tag k="local_y" v="2768171.0816"/>
    <tag k="ele" v="8.9496"/>
  </node>
  <node id="10900007508" lat="25.02063091331" lon="121.54196377519">
    <tag k="local_x" v="304696.3226"/>
    <tag k="local_y" v="2768170.7224"/>
    <tag k="ele" v="8.9496"/>
  </node>
  <node id="10900000801" lat="25.02012042614" lon="121.54186772645">
    <tag k="local_x" v="304687.8814"/>
    <tag k="local_y" v="2768113.907"/>
    <tag k="ele" v="8.9678"/>
  </node>
  <node id="10900000802" lat="25.02010613578" lon="121.54187723082">
    <tag k="local_x" v="304688.8769"/>
    <tag k="local_y" v="2768112.344"/>
    <tag k="ele" v="8.9664"/>
  </node>
  <node id="10900000803" lat="25.02009395469" lon="121.54188382317">
    <tag k="local_x" v="304689.573"/>
    <tag k="local_y" v="2768111.0083"/>
    <tag k="ele" v="8.9614"/>
  </node>
  <node id="10900000804" lat="25.02008547891" lon="121.54188752175">
    <tag k="local_x" v="304689.9676"/>
    <tag k="local_y" v="2768110.0769"/>
    <tag k="ele" v="8.9514"/>
  </node>
  <node id="10900000809" lat="25.02003818152" lon="121.541889912">
    <tag k="local_x" v="304690.326"/>
    <tag k="local_y" v="2768104.8383"/>
    <tag k="ele" v="8.9344"/>
  </node>
  <node id="109000008010" lat="25.02002996889" lon="121.54188793918">
    <tag k="local_x" v="304690.147"/>
    <tag k="local_y" v="2768103.9233"/>
    <tag k="ele" v="8.9334"/>
  </node>
  <node id="109000008011" lat="25.02002083891" lon="121.54188490456">
    <tag k="local_x" v="304689.863"/>
    <tag k="local_y" v="2768102.9042"/>
    <tag k="ele" v="8.9314"/>
  </node>
  <node id="109000008012" lat="25.02001246929" lon="121.54188177966">
    <tag k="local_x" v="304689.568"/>
    <tag k="local_y" v="2768101.9692"/>
    <tag k="ele" v="8.9124"/>
  </node>
  <node id="109000008013" lat="25.02000407606" lon="121.54187688728">
    <tag k="local_x" v="304689.0945"/>
    <tag k="local_y" v="2768101.0276"/>
    <tag k="ele" v="8.9124"/>
  </node>
  <node id="109000008014" lat="25.01999390558" lon="121.54186766532">
    <tag k="local_x" v="304688.188"/>
    <tag k="local_y" v="2768099.8792"/>
    <tag k="ele" v="8.9424"/>
  </node>
  <node id="10900000901" lat="25.02051569104" lon="121.54202312392">
    <tag k="local_x" v="304702.6031"/>
    <tag k="local_y" v="2768158.0811"/>
    <tag k="ele" v="9.0191"/>
  </node>
  <node id="10900000902" lat="25.02051541263" lon="121.54201951399">
    <tag k="local_x" v="304702.2391"/>
    <tag k="local_y" v="2768158.0421"/>
    <tag k="ele" v="9.0141"/>
  </node>
  <node id="10900000903" lat="25.02051505261" lon="121.54201415002">
    <tag k="local_x" v="304701.6981"/>
    <tag k="local_y" v="2768157.9901"/>
    <tag k="ele" v="9.0131"/>
  </node>
  <node id="10900000904" lat="25.02051502865" lon="121.5420118668">
    <tag k="local_x" v="304701.4675"/>
    <tag k="local_y" v="2768157.9823"/>
    <tag k="ele" v="9.0181"/>
  </node>
  <node id="10900000905" lat="25.02051523936" lon="121.54200957547">
    <tag k="local_x" v="304701.2355"/>
    <tag k="local_y" v="2768158.0005"/>
    <tag k="ele" v="9.0171"/>
  </node>
  <node id="10900000906" lat="25.02051565446" lon="121.54200672393">
    <tag k="local_x" v="304700.9464"/>
    <tag k="local_y" v="2768158.0401"/>
    <tag k="ele" v="9.0171"/>
  </node>
  <node id="10900000907" lat="25.02051622043" lon="121.54200368306">
    <tag k="local_x" v="304700.6378"/>
    <tag k="local_y" v="2768158.096"/>
    <tag k="ele" v="9.0141"/>
  </node>
  <node id="10900000908" lat="25.02051705808" lon="121.54200067655">
    <tag k="local_x" v="304700.332"/>
    <tag k="local_y" v="2768158.1821"/>
    <tag k="ele" v="9.0121"/>
  </node>
  <node id="10900000909" lat="25.02051789883" lon="121.54199836105">
    <tag k="local_x" v="304700.096"/>
    <tag k="local_y" v="2768158.2701"/>
    <tag k="ele" v="9.005"/>
  </node>
  <node id="109000009010" lat="25.0205194314" lon="121.54199484494">
    <tag k="local_x" v="304699.737"/>
    <tag k="local_y" v="2768158.4321"/>
    <tag k="ele" v="9"/>
  </node>
  <node id="109000009011" lat="25.02052094951" lon="121.54199204118">
    <tag k="local_x" v="304699.45"/>
    <tag k="local_y" v="2768158.5941"/>
    <tag k="ele" v="8.998"/>
  </node>
  <node id="109000009012" lat="25.02052459427" lon="121.54198733349">
    <tag k="local_x" v="304698.9654"/>
    <tag k="local_y" v="2768158.9876"/>
    <tag k="ele" v="9.003"/>
  </node>
  <node id="109000009013" lat="25.0205284651" lon="121.54198375186">
    <tag k="local_x" v="304698.594"/>
    <tag k="local_y" v="2768159.4087"/>
    <tag k="ele" v="9.002"/>
  </node>
  <node id="109000009014" lat="25.02053262641" lon="121.54198114344">
    <tag k="local_x" v="304698.3202"/>
    <tag k="local_y" v="2768159.8642"/>
    <tag k="ele" v="8.993"/>
  </node>
  <node id="109000009015" lat="25.02053628705" lon="121.54197929487">
    <tag k="local_x" v="304698.1244"/>
    <tag k="local_y" v="2768160.2659"/>
    <tag k="ele" v="8.982"/>
  </node>
  <node id="109000009016" lat="25.02054058884" lon="121.54197754118">
    <tag k="local_x" v="304697.9366"/>
    <tag k="local_y" v="2768160.7389"/>
    <tag k="ele" v="8.981"/>
  </node>
  <node id="109000009017" lat="25.02054389182" lon="121.54197624907">
    <tag k="local_x" v="304697.7979"/>
    <tag k="local_y" v="2768161.1022"/>
    <tag k="ele" v="8.979"/>
  </node>
  <node id="1030000620414" lat="25.02009002907" lon="121.54264825229">
    <tag k="local_x" v="304766.8086"/>
    <tag k="local_y" v="2768112.2952"/>
    <tag k="ele" v="8.9165"/>
  </node>
  <node id="1030000620415" lat="25.02010050791" lon="121.54265689984">
    <tag k="local_x" v="304767.6563"/>
    <tag k="local_y" v="2768113.4765"/>
    <tag k="ele" v="8.8847"/>
  </node>
  <node id="1030000620430" lat="25.02010388775" lon="121.54265204811">
    <tag k="local_x" v="304767.1578"/>
    <tag k="local_y" v="2768113.8403"/>
    <tag k="ele" v="8.9529"/>
  </node>
  <node id="1030000620436" lat="25.02010668106" lon="121.54264738692">
    <tag k="local_x" v="304766.68"/>
    <tag k="local_y" v="2768114.1395"/>
    <tag k="ele" v="8.9529"/>
  </node>
  <node id="1030000620437" lat="25.02010815154" lon="121.54264364264">
    <tag k="local_x" v="304766.2981"/>
    <tag k="local_y" v="2768114.2941"/>
    <tag k="ele" v="8.9529"/>
  </node>
  <node id="1030000620438" lat="25.02011088947" lon="121.54263487217">
    <tag k="local_x" v="304765.4053"/>
    <tag k="local_y" v="2768114.5779"/>
    <tag k="ele" v="8.9529"/>
  </node>
  <node id="1030000620439" lat="25.02011323591" lon="121.54262446183">
    <tag k="local_x" v="304764.3478"/>
    <tag k="local_y" v="2768114.8146"/>
    <tag k="ele" v="8.9529"/>
  </node>
  <node id="1030000620440" lat="25.0201137947" lon="121.54261360782">
    <tag k="local_x" v="304763.2499"/>
    <tag k="local_y" v="2768114.8521"/>
    <tag k="ele" v="8.9529"/>
  </node>
  <node id="1030000620441" lat="25.02011161265" lon="121.54260305792">
    <tag k="local_x" v="304762.1895"/>
    <tag k="local_y" v="2768114.5864"/>
    <tag k="ele" v="8.9529"/>
  </node>
  <node id="1030000620442" lat="25.02010682843" lon="121.54259353318">
    <tag k="local_x" v="304761.2391"/>
    <tag k="local_y" v="2768114.0345"/>
    <tag k="ele" v="8.9529"/>
  </node>
  <node id="1030000620452" lat="25.02009455995" lon="121.54263824385">
    <tag k="local_x" v="304765.7863"/>
    <tag k="local_y" v="2768112.775"/>
    <tag k="ele" v="8.9529"/>
  </node>
  <node id="1030000620453" lat="25.02009578825" lon="121.5426329247">
    <tag k="local_x" v="304765.2459"/>
    <tag k="local_y" v="2768112.8992"/>
    <tag k="ele" v="8.9529"/>
  </node>
  <node id="1030000620454" lat="25.02009674629" lon="121.54262372859">
    <tag k="local_x" v="304764.3145"/>
    <tag k="local_y" v="2768112.9847"/>
    <tag k="ele" v="8.9529"/>
  </node>
  <node id="1030000620455" lat="25.02009645083" lon="121.54261643103">
    <tag k="local_x" v="304763.578"/>
    <tag k="local_y" v="2768112.9355"/>
    <tag k="ele" v="8.9529"/>
  </node>
  <node id="1030000620456" lat="25.02009604034" lon="121.54260698266">
    <tag k="local_x" v="304762.6245"/>
    <tag k="local_y" v="2768112.8687"/>
    <tag k="ele" v="8.9529"/>
  </node>
  <node id="1030000620457" lat="25.02009432412" lon="121.54259805368">
    <tag k="local_x" v="304761.7267"/>
    <tag k="local_y" v="2768112.6583"/>
    <tag k="ele" v="8.9529"/>
  </node>
  <node id="1030000620458" lat="25.02009351888" lon="121.54259444968">
    <tag k="local_x" v="304761.3646"/>
    <tag k="local_y" v="2768112.5609"/>
    <tag k="ele" v="8.9529"/>
  </node>
  <node id="1030000620459" lat="25.02010371135" lon="121.54258896094">
    <tag k="local_x" v="304760.7849"/>
    <tag k="local_y" v="2768113.6786"/>
    <tag k="ele" v="8.9529"/>
  </node>
  <node id="1030000620466" lat="25.02009409294" lon="121.5425939401">
    <tag k="local_x" v="304761.3117"/>
    <tag k="local_y" v="2768112.6234"/>
    <tag k="ele" v="8.9252"/>
  </node>
  <node id="1030000620467" lat="25.02010247881" lon="121.54258743212">
    <tag k="local_x" v="304760.6335"/>
    <tag k="local_y" v="2768113.5385"/>
    <tag k="ele" v="8.9144"/>
  </node>
  <node id="1030000620476" lat="25.02009411259" lon="121.54259568075">
    <tag k="local_x" v="304761.4875"/>
    <tag k="local_y" v="2768112.6295"/>
    <tag k="ele" v="8.9252"/>
  </node>
  <node id="1030000620477" lat="25.02008520653" lon="121.54259938162">
    <tag k="local_x" v="304761.8834"/>
    <tag k="local_y" v="2768111.6504"/>
    <tag k="ele" v="8.9369"/>
  </node>
  <node id="1030000620494" lat="25.0200901992" lon="121.54264818024">
    <tag k="local_x" v="304766.8009"/>
    <tag k="local_y" v="2768112.3139"/>
    <tag k="ele" v="8.9092"/>
  </node>
  <node id="1030000620495" lat="25.02007827757" lon="121.54264080499">
    <tag k="local_x" v="304766.0853"/>
    <tag k="local_y" v="2768110.9755"/>
    <tag k="ele" v="8.9364"/>
  </node>
  <node id="1030000620531" lat="25.02009596656" lon="121.54260564256">
    <tag k="local_x" v="304762.4893"/>
    <tag k="local_y" v="2768112.8575"/>
    <tag k="ele" v="8.931"/>
  </node>
  <node id="1030000620532" lat="25.02009648808" lon="121.54261282291">
    <tag k="local_x" v="304763.2134"/>
    <tag k="local_y" v="2768112.9315"/>
    <tag k="ele" v="8.931"/>
  </node>
  <node id="1030000620533" lat="25.02009688172" lon="121.54262301128">
    <tag k="local_x" v="304764.2417"/>
    <tag k="local_y" v="2768112.9981"/>
    <tag k="ele" v="8.931"/>
  </node>
  <node id="1030000620534" lat="25.02009523705" lon="121.54263634801">
    <tag k="local_x" v="304765.5931"/>
    <tag k="local_y" v="2768112.8458"/>
    <tag k="ele" v="8.931"/>
  </node>
  <node id="1030000620535" lat="25.02008592197" lon="121.54260562932">
    <tag k="local_x" v="304762.5128"/>
    <tag k="local_y" v="2768111.7438"/>
    <tag k="ele" v="8.931"/>
  </node>
  <node id="1030000620536" lat="25.02008649642" lon="121.5426135781">
    <tag k="local_x" v="304763.3144"/>
    <tag k="local_y" v="2768111.8254"/>
    <tag k="ele" v="8.931"/>
  </node>
  <node id="1030000620537" lat="25.02008541824" lon="121.54262065298">
    <tag k="local_x" v="304764.0318"/>
    <tag k="local_y" v="2768111.7218"/>
    <tag k="ele" v="8.931"/>
  </node>
  <node id="1030000620538" lat="25.0200826914" lon="121.54262794585">
    <tag k="local_x" v="304764.7753"/>
    <tag k="local_y" v="2768111.4359"/>
    <tag k="ele" v="8.931"/>
  </node>
  <node id="1030000620543" lat="25.02008218657" lon="121.5420489024">
    <tag k="local_x" v="304706.2791"/>
    <tag k="local_y" v="2768110.0754"/>
    <tag k="ele" v="8.9574"/>
  </node>
  <node id="1030000620549" lat="25.02007879878" lon="121.54200318492">
    <tag k="local_x" v="304701.6689"/>
    <tag k="local_y" v="2768109.5968"/>
    <tag k="ele" v="8.9139"/>
  </node>
  <node id="1030000620550" lat="25.02008378134" lon="121.54201662246">
    <tag k="local_x" v="304703.0141"/>
    <tag k="local_y" v="2768110.1795"/>
    <tag k="ele" v="8.9584"/>
  </node>
  <node id="1030000620590" lat="25.02006245733" lon="121.54205934864">
    <tag k="local_x" v="304707.3832"/>
    <tag k="local_y" v="2768107.9115"/>
    <tag k="ele" v="8.9269"/>
  </node>
  <node id="1030000620615" lat="25.02004296348" lon="121.54201293016">
    <tag k="local_x" v="304702.742"/>
    <tag k="local_y" v="2768105.6456"/>
    <tag k="ele" v="8.9355"/>
  </node>
  <node id="1030000620619" lat="25.02001750414" lon="121.54196402864">
    <tag k="local_x" v="304697.8647"/>
    <tag k="local_y" v="2768102.7127"/>
    <tag k="ele" v="8.969"/>
  </node>
  <node id="1030000620626" lat="25.01998732108" lon="121.54203943999">
    <tag k="local_x" v="304705.5577"/>
    <tag k="local_y" v="2768099.5361"/>
    <tag k="ele" v="9.0441"/>
  </node>
  <node id="1030000620627" lat="25.01998408323" lon="121.54202873658">
    <tag k="local_x" v="304704.4844"/>
    <tag k="local_y" v="2768099.153"/>
    <tag k="ele" v="9.013"/>
  </node>
  <node id="1030000620727" lat="25.02024068987" lon="121.54272797927">
    <tag k="local_x" v="304774.4904"/>
    <tag k="local_y" v="2768129.179"/>
    <tag k="ele" v="8.9869"/>
  </node>
  <node id="1030000620728" lat="25.02024203923" lon="121.54272327185">
    <tag k="local_x" v="304774.0115"/>
    <tag k="local_y" v="2768129.318"/>
    <tag k="ele" v="8.9875"/>
  </node>
  <node id="1030000620729" lat="25.02024931333" lon="121.54273050663">
    <tag k="local_x" v="304774.7244"/>
    <tag k="local_y" v="2768130.1408"/>
    <tag k="ele" v="8.9936"/>
  </node>
  <node id="1030000620730" lat="25.02025038133" lon="121.54272703955">
    <tag k="local_x" v="304774.3715"/>
    <tag k="local_y" v="2768130.2514"/>
    <tag k="ele" v="8.9917"/>
  </node>
  <node id="1030000620742" lat="25.02025158172" lon="121.5427236262">
    <tag k="local_x" v="304774.0237"/>
    <tag k="local_y" v="2768130.3768"/>
    <tag k="ele" v="8.9899"/>
  </node>
  <node id="1030000620743" lat="25.02025313475" lon="121.54272039173">
    <tag k="local_x" v="304773.6931"/>
    <tag k="local_y" v="2768130.5417"/>
    <tag k="ele" v="8.9886"/>
  </node>
  <node id="1030000620744" lat="25.0202551183" lon="121.54271745288">
    <tag k="local_x" v="304773.3913"/>
    <tag k="local_y" v="2768130.755"/>
    <tag k="ele" v="8.9884"/>
  </node>
  <node id="1030000620745" lat="25.020257372" lon="121.54271475721">
    <tag k="local_x" v="304773.1134"/>
    <tag k="local_y" v="2768130.9988"/>
    <tag k="ele" v="8.9889"/>
  </node>
  <node id="1030000620746" lat="25.0202598304" lon="121.54271228532">
    <tag k="local_x" v="304772.8576"/>
    <tag k="local_y" v="2768131.2658"/>
    <tag k="ele" v="8.9892"/>
  </node>
  <node id="1030000620747" lat="25.02026246015" lon="121.54271003639">
    <tag k="local_x" v="304772.6239"/>
    <tag k="local_y" v="2768131.5523"/>
    <tag k="ele" v="8.9885"/>
  </node>
  <node id="1030000620748" lat="25.02026533428" lon="121.54270818937">
    <tag k="local_x" v="304772.4302"/>
    <tag k="local_y" v="2768131.8668"/>
    <tag k="ele" v="8.9861"/>
  </node>
  <node id="1030000620749" lat="25.02026837801" lon="121.54270669495">
    <tag k="local_x" v="304772.2717"/>
    <tag k="local_y" v="2768132.2009"/>
    <tag k="ele" v="8.9827"/>
  </node>
  <node id="1030000620750" lat="25.02024346918" lon="121.54271859313">
    <tag k="local_x" v="304773.5353"/>
    <tag k="local_y" v="2768129.466"/>
    <tag k="ele" v="8.988"/>
  </node>
  <node id="1030000620751" lat="25.02024518979" lon="121.54271403536">
    <tag k="local_x" v="304773.0706"/>
    <tag k="local_y" v="2768129.6465"/>
    <tag k="ele" v="8.9884"/>
  </node>
  <node id="1030000620752" lat="25.02024745898" lon="121.54270977906">
    <tag k="local_x" v="304772.635"/>
    <tag k="local_y" v="2768129.8885"/>
    <tag k="ele" v="8.9887"/>
  </node>
  <node id="1030000620753" lat="25.02025020266" lon="121.54270587391">
    <tag k="local_x" v="304772.2337"/>
    <tag k="local_y" v="2768130.1839"/>
    <tag k="ele" v="8.989"/>
  </node>
  <node id="1030000620754" lat="25.0202534406" lon="121.54270245697">
    <tag k="local_x" v="304771.8805"/>
    <tag k="local_y" v="2768130.5352"/>
    <tag k="ele" v="8.9889"/>
  </node>
  <node id="1030000620755" lat="25.02025714548" lon="121.54269967409">
    <tag k="local_x" v="304771.5902"/>
    <tag k="local_y" v="2768130.9397"/>
    <tag k="ele" v="8.9879"/>
  </node>
  <node id="1030000620756" lat="25.02026123232" lon="121.54269762414">
    <tag k="local_x" v="304771.373"/>
    <tag k="local_y" v="2768131.3882"/>
    <tag k="ele" v="8.9862"/>
  </node>
  <node id="1030000620757" lat="25.02026544008" lon="121.54269588204">
    <tag k="local_x" v="304771.1866"/>
    <tag k="local_y" v="2768131.8508"/>
    <tag k="ele" v="8.9843"/>
  </node>
  <node id="1030000620758" lat="25.02026530142" lon="121.54269551536">
    <tag k="local_x" v="304771.1499"/>
    <tag k="local_y" v="2768131.8346"/>
    <tag k="ele" v="8.9818"/>
  </node>
  <node id="1030000620759" lat="25.02026100605" lon="121.54269704152">
    <tag k="local_x" v="304771.3147"/>
    <tag k="local_y" v="2768131.3618"/>
    <tag k="ele" v="8.9812"/>
  </node>
  <node id="1030000620760" lat="25.02026332712" lon="121.54268188811">
    <tag k="local_x" v="304769.7781"/>
    <tag k="local_y" v="2768131.585"/>
    <tag k="ele" v="8.9798"/>
  </node>
  <node id="1030000620761" lat="25.02025919308" lon="121.54268315391">
    <tag k="local_x" v="304769.9162"/>
    <tag k="local_y" v="2768131.1295"/>
    <tag k="ele" v="8.9801"/>
  </node>
  <node id="1030000620765" lat="25.02025509515" lon="121.54268455127">
    <tag k="local_x" v="304770.0675"/>
    <tag k="local_y" v="2768130.6783"/>
    <tag k="ele" v="8.9805"/>
  </node>
  <node id="1030000620766" lat="25.02025115304" lon="121.54268640282">
    <tag k="local_x" v="304770.2643"/>
    <tag k="local_y" v="2768130.2454"/>
    <tag k="ele" v="8.9808"/>
  </node>
  <node id="1030000620767" lat="25.0202476115" lon="121.54268904816">
    <tag k="local_x" v="304770.5403"/>
    <tag k="local_y" v="2768129.8587"/>
    <tag k="ele" v="8.981"/>
  </node>
  <node id="1030000620768" lat="25.02024453075" lon="121.54269231947">
    <tag k="local_x" v="304770.8784"/>
    <tag k="local_y" v="2768129.5245"/>
    <tag k="ele" v="8.9811"/>
  </node>
  <node id="1030000620769" lat="25.02024191331" lon="121.54269604855">
    <tag k="local_x" v="304771.2616"/>
    <tag k="local_y" v="2768129.2427"/>
    <tag k="ele" v="8.9812"/>
  </node>
  <node id="1030000620770" lat="25.02023967159" lon="121.542700063">
    <tag k="local_x" v="304771.6727"/>
    <tag k="local_y" v="2768129.0032"/>
    <tag k="ele" v="8.981"/>
  </node>
  <node id="1030000620771" lat="25.02023777649" lon="121.54270428589">
    <tag k="local_x" v="304772.104"/>
    <tag k="local_y" v="2768128.8026"/>
    <tag k="ele" v="8.9806"/>
  </node>
  <node id="1030000620772" lat="25.02023628785" lon="121.54270870185">
    <tag k="local_x" v="304772.5538"/>
    <tag k="local_y" v="2768128.6475"/>
    <tag k="ele" v="8.98"/>
  </node>
  <node id="1030000620773" lat="25.02023503999" lon="121.54271320785">
    <tag k="local_x" v="304773.0121"/>
    <tag k="local_y" v="2768128.5193"/>
    <tag k="ele" v="8.9793"/>
  </node>
  <node id="1030000620774" lat="25.02023392117" lon="121.5427177556">
    <tag k="local_x" v="304773.4743"/>
    <tag k="local_y" v="2768128.4055"/>
    <tag k="ele" v="8.9786"/>
  </node>
  <node id="1030000620775" lat="25.02023284988" lon="121.5427223164">
    <tag k="local_x" v="304773.9377"/>
    <tag k="local_y" v="2768128.297"/>
    <tag k="ele" v="8.9778"/>
  </node>
  <node id="1030000620776" lat="25.02023175438" lon="121.54272687066">
    <tag k="local_x" v="304774.4005"/>
    <tag k="local_y" v="2768128.1858"/>
    <tag k="ele" v="8.9771"/>
  </node>
  <node id="1030000620785" lat="25.02025701687" lon="121.54269934528">
    <tag k="local_x" v="304771.5573"/>
    <tag k="local_y" v="2768130.9247"/>
    <tag k="ele" v="8.9808"/>
  </node>
  <node id="1030000620786" lat="25.02025338892" lon="121.54270229238">
    <tag k="local_x" v="304771.864"/>
    <tag k="local_y" v="2768130.5291"/>
    <tag k="ele" v="8.9806"/>
  </node>
  <node id="1030000620787" lat="25.02025012123" lon="121.54270570859">
    <tag k="local_x" v="304772.2172"/>
    <tag k="local_y" v="2768130.1745"/>
    <tag k="ele" v="8.9805"/>
  </node>
  <node id="1030000620788" lat="25.02024730874" lon="121.54270958236">
    <tag k="local_x" v="304772.6155"/>
    <tag k="local_y" v="2768129.8714"/>
    <tag k="ele" v="8.9809"/>
  </node>
  <node id="1030000620789" lat="25.02024512552" lon="121.54271391401">
    <tag k="local_x" v="304773.0585"/>
    <tag k="local_y" v="2768129.6391"/>
    <tag k="ele" v="8.9816"/>
  </node>
  <node id="1030000620790" lat="25.02024347056" lon="121.54271852487">
    <tag k="local_x" v="304773.5284"/>
    <tag k="local_y" v="2768129.466"/>
    <tag k="ele" v="8.9827"/>
  </node>
  <node id="1030000620791" lat="25.02024206702" lon="121.54272323591">
    <tag k="local_x" v="304774.0078"/>
    <tag k="local_y" v="2768129.321"/>
    <tag k="ele" v="8.984"/>
  </node>
  <node id="1030000620792" lat="25.02024071808" lon="121.5427279671">
    <tag k="local_x" v="304774.4891"/>
    <tag k="local_y" v="2768129.1821"/>
    <tag k="ele" v="8.9852"/>
  </node>
  <node id="1030000620805" lat="25.02059776363" lon="121.54264506818">
    <tag k="local_x" v="304765.2314"/>
    <tag k="local_y" v="2768168.5819"/>
    <tag k="ele" v="8.9984"/>
  </node>
  <node id="1030000620806" lat="25.02060382909" lon="121.54265394726">
    <tag k="local_x" v="304766.1134"/>
    <tag k="local_y" v="2768169.2744"/>
    <tag k="ele" v="8.9734"/>
  </node>
  <node id="1030000620832" lat="25.02007908053" lon="121.54204378602">
    <tag k="local_x" v="304705.7699"/>
    <tag k="local_y" v="2768109.7195"/>
    <tag k="ele" v="8.9543"/>
  </node>
  <node id="1030000620833" lat="25.0200759882" lon="121.54203866106">
    <tag k="local_x" v="304705.2598"/>
    <tag k="local_y" v="2768109.3651"/>
    <tag k="ele" v="8.9511"/>
  </node>
  <node id="1030000620834" lat="25.02007277592" lon="121.54203362423">
    <tag k="local_x" v="304704.7589"/>
    <tag k="local_y" v="2768108.9976"/>
    <tag k="ele" v="8.9478"/>
  </node>
  <node id="1030000620835" lat="25.02006942887" lon="121.54202869498">
    <tag k="local_x" v="304704.2692"/>
    <tag k="local_y" v="2768108.6154"/>
    <tag k="ele" v="8.9441"/>
  </node>
  <node id="1030000620836" lat="25.02006595331" lon="121.54202387641">
    <tag k="local_x" v="304703.791"/>
    <tag k="local_y" v="2768108.2192"/>
    <tag k="ele" v="8.94"/>
  </node>
  <node id="1030000620837" lat="25.02006184753" lon="121.54201971156">
    <tag k="local_x" v="304703.3804"/>
    <tag k="local_y" v="2768107.7546"/>
    <tag k="ele" v="8.936"/>
  </node>
  <node id="1030000620838" lat="25.02005756788" lon="121.54201624724">
    <tag k="local_x" v="304703.041"/>
    <tag k="local_y" v="2768107.2723"/>
    <tag k="ele" v="8.9489"/>
  </node>
  <node id="1030000620839" lat="25.02005226024" lon="121.54201468106">
    <tag k="local_x" v="304702.8959"/>
    <tag k="local_y" v="2768106.6803"/>
    <tag k="ele" v="8.954"/>
  </node>
  <node id="1030000620851" lat="25.01998849345" lon="121.54202253414">
    <tag k="local_x" v="304703.8469"/>
    <tag k="local_y" v="2768099.628"/>
    <tag k="ele" v="9.0027"/>
  </node>
  <node id="1030000620852" lat="25.01999221583" lon="121.54201773533">
    <tag k="local_x" v="304703.3529"/>
    <tag k="local_y" v="2768100.0299"/>
    <tag k="ele" v="8.9924"/>
  </node>
  <node id="1030000620853" lat="25.01999636319" lon="121.54201354973">
    <tag k="local_x" v="304702.9198"/>
    <tag k="local_y" v="2768100.4803"/>
    <tag k="ele" v="8.9827"/>
  </node>
  <node id="1030000620854" lat="25.02000103326" lon="121.54201044994">
    <tag k="local_x" v="304702.5951"/>
    <tag k="local_y" v="2768100.9911"/>
    <tag k="ele" v="8.9738"/>
  </node>
  <node id="1030000620855" lat="25.02000793833" lon="121.54200748304">
    <tag k="local_x" v="304702.2783"/>
    <tag k="local_y" v="2768101.75"/>
    <tag k="ele" v="8.9655"/>
  </node>
  <node id="1030000620856" lat="25.02001618905" lon="121.54200558348">
    <tag k="local_x" v="304702.066"/>
    <tag k="local_y" v="2768102.6605"/>
    <tag k="ele" v="8.9577"/>
  </node>
  <node id="1030000620857" lat="25.02002215955" lon="121.54200599883">
    <tag k="local_x" v="304702.0932"/>
    <tag k="local_y" v="2768103.3234"/>
    <tag k="ele" v="8.9503"/>
  </node>
  <node id="1030000620858" lat="25.02002843455" lon="121.54200749662">
    <tag k="local_x" v="304702.229"/>
    <tag k="local_y" v="2768104.0225"/>
    <tag k="ele" v="9.0037"/>
  </node>
  <node id="1030000620859" lat="25.02003474629" lon="121.5420104712">
    <tag k="local_x" v="304702.5139"/>
    <tag k="local_y" v="2768104.729"/>
    <tag k="ele" v="9.0091"/>
  </node>
  <node id="1030000620860" lat="25.02004064028" lon="121.54201269909">
    <tag k="local_x" v="304702.7244"/>
    <tag k="local_y" v="2768105.3875"/>
    <tag k="ele" v="8.982"/>
  </node>
  <node id="1030000620907" lat="25.02000932896" lon="121.54197104467">
    <tag k="local_x" v="304698.5937"/>
    <tag k="local_y" v="2768101.8221"/>
    <tag k="ele" v="8.9726"/>
  </node>
  <node id="1030000620908" lat="25.02000976369" lon="121.54197637185">
    <tag k="local_x" v="304699.1308"/>
    <tag k="local_y" v="2768101.8823"/>
    <tag k="ele" v="8.9752"/>
  </node>
  <node id="1030000620909" lat="25.02000986932" lon="121.54198191567">
    <tag k="local_x" v="304699.6906"/>
    <tag k="local_y" v="2768101.9065"/>
    <tag k="ele" v="8.9778"/>
  </node>
  <node id="1030000620910" lat="25.02001028288" lon="121.5419874413">
    <tag k="local_x" v="304700.2478"/>
    <tag k="local_y" v="2768101.9648"/>
    <tag k="ele" v="8.9806"/>
  </node>
  <node id="1030000620911" lat="25.02001133541" lon="121.54199285883">
    <tag k="local_x" v="304700.7925"/>
    <tag k="local_y" v="2768102.0937"/>
    <tag k="ele" v="8.9839"/>
  </node>
  <node id="1030000620912" lat="25.02001306415" lon="121.54199806622">
    <tag k="local_x" v="304701.3143"/>
    <tag k="local_y" v="2768102.2971"/>
    <tag k="ele" v="8.9878"/>
  </node>
  <node id="1030000620913" lat="25.02001536395" lon="121.54200300054">
    <tag k="local_x" v="304701.8071"/>
    <tag k="local_y" v="2768102.5632"/>
    <tag k="ele" v="8.992"/>
  </node>
  <node id="1030000620914" lat="25.02001815905" lon="121.54200761735">
    <tag k="local_x" v="304702.2666"/>
    <tag k="local_y" v="2768102.8835"/>
    <tag k="ele" v="8.9963"/>
  </node>
  <node id="1030000620915" lat="25.02002156746" lon="121.54201170178">
    <tag k="local_x" v="304702.6708"/>
    <tag k="local_y" v="2768103.2706"/>
    <tag k="ele" v="9.0006"/>
  </node>
  <node id="1030000620916" lat="25.02002538185" lon="121.54201533684">
    <tag k="local_x" v="304703.0286"/>
    <tag k="local_y" v="2768103.7017"/>
    <tag k="ele" v="9.0037"/>
  </node>
  <node id="1030000620917" lat="25.0200340411" lon="121.54202049806">
    <tag k="local_x" v="304703.5286"/>
    <tag k="local_y" v="2768104.6734"/>
    <tag k="ele" v="9.0046"/>
  </node>
  <node id="1030000620918" lat="25.02003884509" lon="121.54202261514">
    <tag k="local_x" v="304703.7306"/>
    <tag k="local_y" v="2768105.2108"/>
    <tag k="ele" v="8.974"/>
  </node>
  <node id="1030000620919" lat="25.02004375158" lon="121.54202488123">
    <tag k="local_x" v="304703.9474"/>
    <tag k="local_y" v="2768105.7599"/>
    <tag k="ele" v="8.968"/>
  </node>
  <node id="1030000620920" lat="25.02004885541" lon="121.5420257802">
    <tag k="local_x" v="304704.0256"/>
    <tag k="local_y" v="2768106.3278"/>
    <tag k="ele" v="8.954"/>
  </node>
  <node id="1030000620921" lat="25.02005402897" lon="121.54202577714">
    <tag k="local_x" v="304704.0125"/>
    <tag k="local_y" v="2768106.9014"/>
    <tag k="ele" v="8.9489"/>
  </node>
  <node id="1030000620922" lat="25.02005917366" lon="121.54202515371">
    <tag k="local_x" v="304703.9368"/>
    <tag k="local_y" v="2768107.4704"/>
    <tag k="ele" v="8.936"/>
  </node>
  <node id="1030000620923" lat="25.02006426352" lon="121.54202412112">
    <tag k="local_x" v="304703.8199"/>
    <tag k="local_y" v="2768108.0324"/>
    <tag k="ele" v="8.94"/>
  </node>
  <node id="1030000620924" lat="25.02006927463" lon="121.54202270254">
    <tag k="local_x" v="304703.6642"/>
    <tag k="local_y" v="2768108.5848"/>
    <tag k="ele" v="8.9441"/>
  </node>
  <node id="1030000620925" lat="25.02007414792" lon="121.54202078764">
    <tag k="local_x" v="304703.4587"/>
    <tag k="local_y" v="2768109.1208"/>
    <tag k="ele" v="8.9673"/>
  </node>
  <node id="1030000620926" lat="25.02007895228" lon="121.54201866911">
    <tag k="local_x" v="304703.2328"/>
    <tag k="local_y" v="2768109.6487"/>
    <tag k="ele" v="8.9629"/>
  </node>
  <node id="1030000620931" lat="25.02002041065" lon="121.54198118576">
    <tag k="local_x" v="304699.5908"/>
    <tag k="local_y" v="2768103.0736"/>
    <tag k="ele" v="8.9806"/>
  </node>
  <way id="203000073">
    <nd ref="10300007301"/>
    <nd ref="10300007302"/>
    <nd ref="10300007303"/>
    <nd ref="10300007304"/>
    <nd ref="10300007305"/>
    <nd ref="10300007306"/>
    <nd ref="10300007307"/>
    <tag k="type" v="virtual"/>
  </way>
  <way id="203000003">
    <nd ref="10300000301"/>
    <nd ref="10300000302"/>
    <nd ref="10300000303"/>
    <nd ref="10300000304"/>
    <nd ref="10300000305"/>
    <nd ref="10300000306"/>
    <nd ref="10300000307"/>
    <nd ref="10300000308"/>
    <nd ref="10300000309"/>
    <nd ref="103000003010"/>
    <nd ref="103000003011"/>
    <tag k="type" v="virtual"/>
  </way>
  <way id="203000002">
    <nd ref="10300000301"/>
    <nd ref="10300000202"/>
    <nd ref="10300000203"/>
    <nd ref="10300000204"/>
    <nd ref="10300000205"/>
    <nd ref="10300000206"/>
    <nd ref="10300000207"/>
    <nd ref="10300000208"/>
    <nd ref="10300000209"/>
    <nd ref="103000002010"/>
    <nd ref="103000002011"/>
    <nd ref="103000002012"/>
    <nd ref="103000002013"/>
    <nd ref="103000002014"/>
    <tag k="type" v="virtual"/>
  </way>
  <way id="203000059">
    <nd ref="10300005901"/>
    <nd ref="10300005902"/>
    <nd ref="10300005903"/>
    <nd ref="10300005904"/>
    <nd ref="10300005905"/>
    <nd ref="10300005906"/>
    <nd ref="10300005907"/>
    <nd ref="10300005908"/>
    <nd ref="10300005909"/>
    <nd ref="103000059010"/>
    <nd ref="103000059011"/>
    <nd ref="103000059012"/>
    <nd ref="103000059013"/>
    <nd ref="103000059014"/>
    <nd ref="103000059015"/>
    <nd ref="103000059016"/>
    <nd ref="103000059017"/>
    <nd ref="103000059018"/>
    <nd ref="103000059019"/>
    <nd ref="10300001801"/>
    <tag k="type" v="virtual"/>
  </way>
  <way id="203000041">
    <nd ref="10300001401"/>
    <nd ref="10300004102"/>
    <nd ref="10300004103"/>
    <nd ref="10300004104"/>
    <nd ref="10300004105"/>
    <nd ref="10300004106"/>
    <nd ref="10300004201"/>
    <tag k="type" v="virtual"/>
  </way>
  <way id="203000045">
    <nd ref="103000046033"/>
    <nd ref="10300004502"/>
    <nd ref="10300004503"/>
    <nd ref="10300004504"/>
    <nd ref="10300004505"/>
    <nd ref="10300004506"/>
    <nd ref="10300004507"/>
    <nd ref="10300004508"/>
    <nd ref="10300004509"/>
    <nd ref="103000045010"/>
    <nd ref="103000045011"/>
    <nd ref="103000045012"/>
    <nd ref="103000045013"/>
    <nd ref="103000045014"/>
    <nd ref="103000045015"/>
    <tag k="type" v="virtual"/>
  </way>
  <way id="203000047">
    <nd ref="103000033050"/>
    <nd ref="10300004702"/>
    <nd ref="10300004703"/>
    <nd ref="10300004704"/>
    <nd ref="10300004705"/>
    <nd ref="10300004706"/>
    <nd ref="10300004707"/>
    <nd ref="10300004708"/>
    <nd ref="10300004709"/>
    <nd ref="103000047010"/>
    <nd ref="103000047011"/>
    <nd ref="103000047012"/>
    <nd ref="103000047013"/>
    <nd ref="103000047014"/>
    <nd ref="103000047015"/>
    <tag k="type" v="virtual"/>
  </way>
  <way id="203000037">
    <nd ref="10300003701"/>
    <nd ref="10300003702"/>
    <nd ref="10300003703"/>
    <nd ref="10300003704"/>
    <nd ref="10300003705"/>
    <nd ref="10300003706"/>
    <nd ref="10300003707"/>
    <nd ref="103000047015"/>
    <tag k="type" v="virtual"/>
  </way>
  <way id="203000039">
    <nd ref="10300003901"/>
    <nd ref="10300003902"/>
    <nd ref="10300003903"/>
    <nd ref="10300003904"/>
    <nd ref="10300003905"/>
    <nd ref="10300003906"/>
    <nd ref="10300003907"/>
    <nd ref="10300003908"/>
    <nd ref="10300003909"/>
    <nd ref="103000039010"/>
    <nd ref="103000039011"/>
    <nd ref="103000039012"/>
    <nd ref="10300004401"/>
    <tag k="type" v="virtual"/>
  </way>
  <way id="203000038">
    <nd ref="10300003901"/>
    <nd ref="10300003802"/>
    <nd ref="10300003803"/>
    <nd ref="10300003804"/>
    <nd ref="10300003805"/>
    <nd ref="10300003806"/>
    <nd ref="10300003807"/>
    <nd ref="10300003808"/>
    <nd ref="10300003809"/>
    <nd ref="103000038010"/>
    <nd ref="103000038011"/>
    <nd ref="103000038012"/>
    <nd ref="103000038013"/>
    <tag k="type" v="virtual"/>
  </way>
  <way id="203000040">
    <nd ref="103000045015"/>
    <nd ref="10300004002"/>
    <nd ref="10300004003"/>
    <nd ref="10300004004"/>
    <nd ref="10300004005"/>
    <nd ref="10300004601"/>
    <tag k="type" v="virtual"/>
  </way>
  <way id="203000069">
    <nd ref="103000045015"/>
    <nd ref="10300006902"/>
    <nd ref="10300006903"/>
    <nd ref="10300006904"/>
    <nd ref="10300006905"/>
    <nd ref="10300006906"/>
    <nd ref="10300006907"/>
    <nd ref="10300006908"/>
    <nd ref="10300006909"/>
    <nd ref="103000069010"/>
    <nd ref="103000069011"/>
    <nd ref="103000069012"/>
    <nd ref="103000069013"/>
    <nd ref="103000069014"/>
    <nd ref="103000069015"/>
    <tag k="type" v="virtual"/>
  </way>
  <way id="203000006">
    <nd ref="10300000601"/>
    <nd ref="10300000602"/>
    <nd ref="10300000603"/>
    <nd ref="10300000604"/>
    <nd ref="10300000605"/>
    <nd ref="10300000606"/>
    <nd ref="10300000607"/>
    <tag k="type" v="virtual"/>
  </way>
  <way id="203000060">
    <nd ref="10300006001"/>
    <nd ref="10300006002"/>
    <nd ref="10300006003"/>
    <nd ref="10300006004"/>
    <nd ref="10300006005"/>
    <nd ref="10300006006"/>
    <nd ref="10300006007"/>
    <nd ref="10300006008"/>
    <nd ref="10300006009"/>
    <nd ref="103000060010"/>
    <nd ref="103000060011"/>
    <nd ref="103000060012"/>
    <nd ref="103000060013"/>
    <nd ref="103000060014"/>
    <nd ref="103000060015"/>
    <nd ref="103000060016"/>
    <nd ref="103000060017"/>
    <tag k="type" v="virtual"/>
  </way>
  <way id="203000005">
    <nd ref="10300000601"/>
    <nd ref="10300000502"/>
    <nd ref="10300000503"/>
    <nd ref="10300000504"/>
    <nd ref="10300000505"/>
    <nd ref="10300000506"/>
    <nd ref="10300000507"/>
    <nd ref="10300000508"/>
    <nd ref="10300000509"/>
    <nd ref="103000005010"/>
    <nd ref="103000005011"/>
    <nd ref="103000005012"/>
    <nd ref="103000005013"/>
    <nd ref="103000005014"/>
    <nd ref="103000005015"/>
    <tag k="type" v="virtual"/>
  </way>
  <way id="203000004">
    <nd ref="10300000401"/>
    <nd ref="10300000402"/>
    <nd ref="10300000403"/>
    <nd ref="10300000404"/>
    <nd ref="10300000405"/>
    <nd ref="10300000406"/>
    <nd ref="10300000407"/>
    <nd ref="10300000408"/>
    <nd ref="10300000409"/>
    <nd ref="103000005015"/>
    <tag k="type" v="virtual"/>
  </way>
  <way id="203000043">
    <nd ref="10300001801"/>
    <nd ref="10300004302"/>
    <nd ref="10300004303"/>
    <nd ref="10300004304"/>
    <nd ref="10300004305"/>
    <nd ref="10300004306"/>
    <nd ref="10300004307"/>
    <nd ref="10300004308"/>
    <nd ref="10300004309"/>
    <nd ref="103000043010"/>
    <nd ref="103000043011"/>
    <nd ref="103000043012"/>
    <nd ref="103000043013"/>
    <nd ref="103000043014"/>
    <nd ref="103000043015"/>
    <nd ref="103000043016"/>
    <nd ref="103000043017"/>
    <nd ref="103000043018"/>
    <nd ref="10300006301"/>
    <tag k="type" v="virtual"/>
  </way>
  <way id="203000057">
    <nd ref="10300005901"/>
    <nd ref="10300005702"/>
    <nd ref="10300005703"/>
    <nd ref="10300005704"/>
    <nd ref="10300005705"/>
    <nd ref="10300005706"/>
    <nd ref="10300005707"/>
    <nd ref="10300005708"/>
    <nd ref="10300005709"/>
    <nd ref="103000057010"/>
    <nd ref="103000057011"/>
    <nd ref="103000057012"/>
    <nd ref="10300006301"/>
    <tag k="type" v="virtual"/>
  </way>
  <way id="203000056">
    <nd ref="10300005601"/>
    <nd ref="10300005602"/>
    <nd ref="10300005603"/>
    <nd ref="10300005604"/>
    <nd ref="10300005605"/>
    <nd ref="10300005606"/>
    <nd ref="10300005607"/>
    <nd ref="10300005608"/>
    <nd ref="10300005609"/>
    <nd ref="103000056010"/>
    <nd ref="103000056011"/>
    <nd ref="103000056012"/>
    <nd ref="103000056013"/>
    <nd ref="103000056014"/>
    <nd ref="103000056015"/>
    <nd ref="103000056016"/>
    <nd ref="103000056017"/>
    <nd ref="103000056018"/>
    <nd ref="103000056019"/>
    <nd ref="103000056020"/>
    <nd ref="103000056021"/>
    <nd ref="103000056022"/>
    <nd ref="103000056023"/>
    <nd ref="103000056024"/>
    <nd ref="103000056025"/>
    <nd ref="10300000701"/>
    <tag k="type" v="virtual"/>
  </way>
  <way id="203000011">
    <nd ref="103000019043"/>
    <nd ref="10300001102"/>
    <nd ref="10300001103"/>
    <nd ref="10300001104"/>
    <nd ref="10300001105"/>
    <nd ref="10300001106"/>
    <nd ref="10300001107"/>
    <nd ref="10300001108"/>
    <nd ref="10300001109"/>
    <nd ref="103000011010"/>
    <nd ref="103000011011"/>
    <nd ref="103000011012"/>
    <nd ref="103000011013"/>
    <nd ref="103000011014"/>
    <nd ref="103000011015"/>
    <nd ref="103000011016"/>
    <nd ref="10300000701"/>
    <tag k="type" v="virtual"/>
  </way>
  <way id="203000061">
    <nd ref="10300000607"/>
    <nd ref="10300006102"/>
    <nd ref="10300006103"/>
    <nd ref="10300006104"/>
    <nd ref="10300006105"/>
    <nd ref="10300006106"/>
    <nd ref="10300006107"/>
    <nd ref="10300006108"/>
    <nd ref="10300006109"/>
    <nd ref="103000061010"/>
    <nd ref="103000061011"/>
    <nd ref="103000061012"/>
    <nd ref="103000061013"/>
    <nd ref="103000061014"/>
    <nd ref="103000061015"/>
    <nd ref="103000061016"/>
    <nd ref="103000061017"/>
    <nd ref="103000061018"/>
    <nd ref="103000061019"/>
    <nd ref="103000061020"/>
    <nd ref="103000061021"/>
    <nd ref="103000061022"/>
    <nd ref="103000061023"/>
    <nd ref="103000061024"/>
    <nd ref="103000061025"/>
    <nd ref="103000061026"/>
    <nd ref="103000061027"/>
    <nd ref="103000061028"/>
    <nd ref="103000061029"/>
    <nd ref="103000061030"/>
    <nd ref="103000061031"/>
    <nd ref="103000061032"/>
    <nd ref="103000061033"/>
    <nd ref="103000061034"/>
    <nd ref="103000061035"/>
    <nd ref="103000061036"/>
    <nd ref="103000061037"/>
    <nd ref="103000061038"/>
    <nd ref="103000061039"/>
    <nd ref="103000061040"/>
    <nd ref="103000061041"/>
    <nd ref="103000061042"/>
    <nd ref="103000061043"/>
    <nd ref="103000061044"/>
    <nd ref="103000061045"/>
    <nd ref="103000061046"/>
    <nd ref="103000061047"/>
    <nd ref="103000061048"/>
    <nd ref="103000061049"/>
    <nd ref="103000061050"/>
    <nd ref="103000061051"/>
    <nd ref="103000061052"/>
    <nd ref="103000061053"/>
    <nd ref="103000061054"/>
    <nd ref="103000061055"/>
    <nd ref="103000061056"/>
    <nd ref="103000061057"/>
    <nd ref="103000061058"/>
    <nd ref="103000061059"/>
    <nd ref="103000061060"/>
    <nd ref="103000061061"/>
    <nd ref="103000061062"/>
    <nd ref="103000061063"/>
    <nd ref="103000061064"/>
    <nd ref="103000061065"/>
    <nd ref="103000061066"/>
    <nd ref="103000061067"/>
    <nd ref="103000061068"/>
    <nd ref="103000061069"/>
    <nd ref="103000061070"/>
    <nd ref="103000061071"/>
    <nd ref="103000061072"/>
    <nd ref="103000061073"/>
    <nd ref="103000061074"/>
    <nd ref="103000061075"/>
    <nd ref="103000061076"/>
    <nd ref="103000061077"/>
    <nd ref="103000061078"/>
    <nd ref="103000061079"/>
    <nd ref="103000061080"/>
    <nd ref="103000061081"/>
    <nd ref="103000061082"/>
    <nd ref="103000061083"/>
    <nd ref="103000061084"/>
    <nd ref="103000061085"/>
    <nd ref="103000061086"/>
    <nd ref="103000061087"/>
    <nd ref="103000061088"/>
    <nd ref="103000061089"/>
    <nd ref="103000061090"/>
    <nd ref="103000061091"/>
    <nd ref="103000061092"/>
    <nd ref="103000061093"/>
    <nd ref="103000061094"/>
    <nd ref="103000061095"/>
    <nd ref="103000061096"/>
    <nd ref="103000061097"/>
    <nd ref="103000061098"/>
    <nd ref="103000061099"/>
    <tag k="type" v="virtual"/>
  </way>
  <way id="203000051">
    <nd ref="10300005101"/>
    <nd ref="10300005102"/>
    <nd ref="10300005103"/>
    <nd ref="10300005104"/>
    <nd ref="10300005105"/>
    <nd ref="10300005106"/>
    <nd ref="10300005107"/>
    <nd ref="10300005108"/>
    <nd ref="10300005109"/>
    <nd ref="103000051010"/>
    <nd ref="103000051011"/>
    <nd ref="103000051012"/>
    <nd ref="103000051013"/>
    <nd ref="103000051014"/>
    <nd ref="103000051015"/>
    <nd ref="103000051016"/>
    <nd ref="103000051017"/>
    <nd ref="103000051018"/>
    <nd ref="103000051019"/>
    <nd ref="103000051020"/>
    <nd ref="103000051021"/>
    <nd ref="103000051022"/>
    <nd ref="103000051023"/>
    <tag k="type" v="virtual"/>
  </way>
  <way id="203000001">
    <nd ref="103000002014"/>
    <nd ref="10300000102"/>
    <nd ref="10300000103"/>
    <nd ref="10300000104"/>
    <nd ref="10300000105"/>
    <nd ref="10300000106"/>
    <nd ref="10300000107"/>
    <nd ref="10300000108"/>
    <nd ref="10300000109"/>
    <nd ref="103000001010"/>
    <nd ref="103000001011"/>
    <nd ref="103000001012"/>
    <nd ref="103000003011"/>
    <tag k="type" v="virtual"/>
  </way>
  <way id="203000062">
    <nd ref="103000051023"/>
    <nd ref="10300006202"/>
    <nd ref="10300006203"/>
    <nd ref="10300006204"/>
    <nd ref="10300006205"/>
    <nd ref="10300006206"/>
    <nd ref="10300006207"/>
    <nd ref="10300006208"/>
    <nd ref="10300006209"/>
    <nd ref="103000062010"/>
    <nd ref="103000062011"/>
    <nd ref="103000062012"/>
    <nd ref="103000062013"/>
    <nd ref="103000062014"/>
    <nd ref="103000062015"/>
    <nd ref="103000062016"/>
    <nd ref="103000062017"/>
    <nd ref="103000062018"/>
    <nd ref="103000062019"/>
    <nd ref="103000062020"/>
    <nd ref="103000062021"/>
    <nd ref="103000062022"/>
    <nd ref="103000062023"/>
    <nd ref="103000062024"/>
    <nd ref="103000062025"/>
    <nd ref="103000062026"/>
    <nd ref="103000062027"/>
    <nd ref="103000062028"/>
    <nd ref="103000062029"/>
    <nd ref="103000062030"/>
    <nd ref="103000062031"/>
    <nd ref="103000062032"/>
    <nd ref="103000062033"/>
    <nd ref="103000062034"/>
    <nd ref="103000062035"/>
    <nd ref="103000062036"/>
    <nd ref="103000062037"/>
    <nd ref="103000062038"/>
    <nd ref="103000062039"/>
    <nd ref="103000062040"/>
    <nd ref="103000062041"/>
    <nd ref="103000062042"/>
    <nd ref="103000062043"/>
    <nd ref="103000062044"/>
    <nd ref="103000062045"/>
    <nd ref="103000062046"/>
    <nd ref="103000062047"/>
    <nd ref="103000062048"/>
    <nd ref="103000062049"/>
    <nd ref="103000062050"/>
    <nd ref="103000062051"/>
    <nd ref="103000062052"/>
    <nd ref="103000062053"/>
    <nd ref="103000062054"/>
    <nd ref="103000062055"/>
    <nd ref="103000062056"/>
    <nd ref="103000062057"/>
    <nd ref="103000062058"/>
    <nd ref="103000062059"/>
    <nd ref="103000062060"/>
    <nd ref="103000062061"/>
    <nd ref="103000062062"/>
    <nd ref="103000062063"/>
    <nd ref="103000062064"/>
    <nd ref="103000062065"/>
    <nd ref="103000062066"/>
    <nd ref="103000062067"/>
    <nd ref="103000062068"/>
    <nd ref="103000062069"/>
    <nd ref="103000062070"/>
    <nd ref="103000062071"/>
    <nd ref="103000062072"/>
    <nd ref="103000062073"/>
    <nd ref="103000062074"/>
    <nd ref="103000062075"/>
    <nd ref="103000062076"/>
    <nd ref="103000062077"/>
    <nd ref="103000062078"/>
    <nd ref="103000062079"/>
    <nd ref="103000062080"/>
    <nd ref="103000062081"/>
    <nd ref="103000062082"/>
    <nd ref="103000062083"/>
    <nd ref="103000062084"/>
    <nd ref="103000062085"/>
    <nd ref="103000062086"/>
    <nd ref="103000062087"/>
    <nd ref="103000062088"/>
    <nd ref="103000062089"/>
    <nd ref="103000062090"/>
    <nd ref="103000062091"/>
    <nd ref="103000062092"/>
    <nd ref="103000062093"/>
    <nd ref="103000062094"/>
    <nd ref="103000062095"/>
    <nd ref="103000062096"/>
    <nd ref="103000062097"/>
    <nd ref="103000062098"/>
    <nd ref="103000062099"/>
    <nd ref="1030000620100"/>
    <nd ref="1030000620101"/>
    <nd ref="1030000620102"/>
    <nd ref="1030000620103"/>
    <nd ref="1030000620104"/>
    <nd ref="1030000620105"/>
    <nd ref="1030000620106"/>
    <nd ref="1030000620107"/>
    <nd ref="10300000401"/>
    <tag k="type" v="virtual"/>
  </way>
  <way id="203000052">
    <nd ref="103000060017"/>
    <nd ref="10300005202"/>
    <nd ref="10300005203"/>
    <nd ref="10300005204"/>
    <nd ref="10300005205"/>
    <nd ref="10300005206"/>
    <nd ref="10300005207"/>
    <nd ref="10300005208"/>
    <nd ref="10300005209"/>
    <nd ref="103000052010"/>
    <nd ref="103000052011"/>
    <nd ref="103000052012"/>
    <nd ref="103000052013"/>
    <nd ref="103000052014"/>
    <nd ref="103000052015"/>
    <nd ref="103000052016"/>
    <nd ref="10300006001"/>
    <tag k="type" v="virtual"/>
  </way>
  <way id="203000053">
    <nd ref="103000061099"/>
    <nd ref="10300005302"/>
    <nd ref="10300005303"/>
    <nd ref="10300005304"/>
    <nd ref="10300005305"/>
    <nd ref="10300005306"/>
    <nd ref="10300005307"/>
    <nd ref="10300005308"/>
    <nd ref="10300005309"/>
    <nd ref="103000053010"/>
    <nd ref="103000053011"/>
    <nd ref="103000053012"/>
    <nd ref="103000053013"/>
    <nd ref="103000053014"/>
    <nd ref="103000053015"/>
    <nd ref="103000053016"/>
    <nd ref="103000053017"/>
    <nd ref="103000053018"/>
    <nd ref="103000053019"/>
    <nd ref="103000053020"/>
    <nd ref="10300005101"/>
    <tag k="type" v="virtual"/>
  </way>
  <way id="203000035">
    <nd ref="103000044061"/>
    <nd ref="10300003502"/>
    <nd ref="10300003503"/>
    <nd ref="10300003504"/>
    <nd ref="10300003505"/>
    <nd ref="10300003506"/>
    <nd ref="10300003507"/>
    <nd ref="10300003508"/>
    <nd ref="10300003509"/>
    <nd ref="103000035010"/>
    <nd ref="103000035011"/>
    <nd ref="103000035012"/>
    <nd ref="103000035013"/>
    <nd ref="103000035014"/>
    <nd ref="103000035015"/>
    <nd ref="103000035016"/>
    <nd ref="103000035017"/>
    <nd ref="103000035018"/>
    <nd ref="103000035019"/>
    <nd ref="103000035020"/>
    <nd ref="10300003901"/>
    <tag k="type" v="virtual"/>
  </way>
  <way id="203000029">
    <nd ref="103000047015"/>
    <nd ref="10300002902"/>
    <nd ref="10300002903"/>
    <nd ref="10300002904"/>
    <nd ref="10300002905"/>
    <nd ref="10300002906"/>
    <nd ref="10300002907"/>
    <nd ref="10300002908"/>
    <nd ref="10300002909"/>
    <nd ref="103000029010"/>
    <nd ref="103000029011"/>
    <nd ref="103000029012"/>
    <nd ref="103000029013"/>
    <nd ref="103000029014"/>
    <nd ref="103000029015"/>
    <nd ref="103000029016"/>
    <nd ref="103000029017"/>
    <nd ref="103000029018"/>
    <nd ref="103000029019"/>
    <nd ref="103000029020"/>
    <nd ref="103000029021"/>
    <nd ref="103000029022"/>
    <nd ref="103000029023"/>
    <nd ref="103000029024"/>
    <nd ref="103000029025"/>
    <nd ref="103000029026"/>
    <nd ref="103000029027"/>
    <nd ref="10300003301"/>
    <tag k="type" v="virtual"/>
  </way>
  <way id="203000016">
    <nd ref="10300001601"/>
    <nd ref="10300001602"/>
    <nd ref="10300001603"/>
    <nd ref="10300001604"/>
    <nd ref="10300001605"/>
    <nd ref="10300001606"/>
    <nd ref="10300001607"/>
    <nd ref="10300001608"/>
    <nd ref="10300001609"/>
    <nd ref="103000016010"/>
    <nd ref="103000016011"/>
    <nd ref="103000016012"/>
    <nd ref="103000016013"/>
    <nd ref="103000016014"/>
    <nd ref="103000016015"/>
    <nd ref="103000016016"/>
    <nd ref="103000016017"/>
    <nd ref="103000016018"/>
    <nd ref="103000016019"/>
    <nd ref="103000049015"/>
    <tag k="type" v="virtual"/>
  </way>
  <way id="203000050">
    <nd ref="10300006001"/>
    <nd ref="10300005002"/>
    <nd ref="10300005003"/>
    <nd ref="10300005004"/>
    <nd ref="10300005005"/>
    <nd ref="10300005006"/>
    <nd ref="10300005007"/>
    <nd ref="10300005008"/>
    <nd ref="10300005009"/>
    <nd ref="103000050010"/>
    <nd ref="103000050011"/>
    <nd ref="103000050012"/>
    <nd ref="103000050013"/>
    <nd ref="103000050014"/>
    <nd ref="103000050015"/>
    <nd ref="103000050016"/>
    <nd ref="103000050017"/>
    <nd ref="103000050018"/>
    <nd ref="103000050019"/>
    <nd ref="103000050020"/>
    <nd ref="103000050021"/>
    <nd ref="103000050022"/>
    <nd ref="103000050023"/>
    <nd ref="103000050024"/>
    <nd ref="103000050025"/>
    <nd ref="103000050026"/>
    <nd ref="103000050027"/>
    <nd ref="103000050028"/>
    <nd ref="103000050029"/>
    <nd ref="103000050030"/>
    <nd ref="103000050031"/>
    <nd ref="103000050032"/>
    <nd ref="103000050033"/>
    <nd ref="103000050034"/>
    <nd ref="103000050035"/>
    <nd ref="103000050036"/>
    <nd ref="103000050037"/>
    <nd ref="103000050038"/>
    <nd ref="103000050039"/>
    <nd ref="103000050040"/>
    <nd ref="103000050041"/>
    <nd ref="103000050042"/>
    <nd ref="103000050043"/>
    <nd ref="103000050044"/>
    <nd ref="103000050045"/>
    <nd ref="103000050046"/>
    <nd ref="103000050047"/>
    <nd ref="103000050048"/>
    <nd ref="103000050049"/>
    <nd ref="103000050050"/>
    <nd ref="103000050051"/>
    <nd ref="103000050052"/>
    <nd ref="103000050053"/>
    <nd ref="103000050054"/>
    <nd ref="103000050055"/>
    <nd ref="103000050056"/>
    <nd ref="103000050057"/>
    <nd ref="103000050058"/>
    <nd ref="103000050059"/>
    <nd ref="103000050060"/>
    <nd ref="103000050061"/>
    <nd ref="103000050062"/>
    <nd ref="103000050063"/>
    <nd ref="103000050064"/>
    <nd ref="103000050065"/>
    <nd ref="103000050066"/>
    <nd ref="103000050067"/>
    <nd ref="103000050068"/>
    <nd ref="103000050069"/>
    <nd ref="103000050070"/>
    <nd ref="103000050071"/>
    <nd ref="103000050072"/>
    <nd ref="103000050073"/>
    <nd ref="103000050074"/>
    <nd ref="103000050075"/>
    <nd ref="103000050076"/>
    <nd ref="103000050077"/>
    <nd ref="103000050078"/>
    <nd ref="103000050079"/>
    <nd ref="103000050080"/>
    <nd ref="103000050081"/>
    <nd ref="103000050082"/>
    <nd ref="103000050083"/>
    <nd ref="103000050084"/>
    <nd ref="103000050085"/>
    <nd ref="103000050086"/>
    <nd ref="103000050087"/>
    <nd ref="103000050088"/>
    <nd ref="103000050089"/>
    <nd ref="103000050090"/>
    <nd ref="103000050091"/>
    <nd ref="103000050092"/>
    <nd ref="103000050093"/>
    <nd ref="103000050094"/>
    <nd ref="103000050095"/>
    <nd ref="103000050096"/>
    <nd ref="103000050097"/>
    <nd ref="103000050098"/>
    <nd ref="103000050099"/>
    <nd ref="1030000500100"/>
    <nd ref="103000002014"/>
    <tag k="type" v="virtual"/>
  </way>
  <way id="203000058">
    <nd ref="10300005601"/>
    <nd ref="10300005802"/>
    <nd ref="10300005803"/>
    <nd ref="10300005804"/>
    <nd ref="10300005805"/>
    <nd ref="10300005806"/>
    <nd ref="10300005807"/>
    <nd ref="10300005808"/>
    <nd ref="10300005809"/>
    <nd ref="103000058010"/>
    <nd ref="103000058011"/>
    <nd ref="103000058012"/>
    <nd ref="103000058013"/>
    <nd ref="103000058014"/>
    <nd ref="103000058015"/>
    <nd ref="103000058016"/>
    <nd ref="10300006401"/>
    <tag k="type" v="virtual"/>
  </way>
  <way id="203000048">
    <nd ref="103000038013"/>
    <nd ref="10300004802"/>
    <nd ref="10300004803"/>
    <nd ref="10300004804"/>
    <nd ref="10300004805"/>
    <nd ref="10300004806"/>
    <nd ref="10300004807"/>
    <nd ref="10300004808"/>
    <nd ref="10300004809"/>
    <nd ref="103000048010"/>
    <nd ref="103000012028"/>
    <tag k="type" v="virtual"/>
  </way>
  <way id="203000009">
    <nd ref="103000012028"/>
    <nd ref="10300000902"/>
    <nd ref="10300000903"/>
    <nd ref="10300000904"/>
    <nd ref="10300000905"/>
    <nd ref="10300000906"/>
    <nd ref="10300000907"/>
    <nd ref="10300000908"/>
    <nd ref="10300000909"/>
    <nd ref="103000009010"/>
    <nd ref="103000009011"/>
    <nd ref="103000009012"/>
    <nd ref="103000009013"/>
    <nd ref="103000009014"/>
    <nd ref="103000009015"/>
    <nd ref="103000009016"/>
    <nd ref="103000009017"/>
    <nd ref="103000009018"/>
    <nd ref="103000009019"/>
    <nd ref="103000009020"/>
    <nd ref="103000009021"/>
    <nd ref="103000009022"/>
    <nd ref="103000009023"/>
    <nd ref="103000009024"/>
    <nd ref="103000009025"/>
    <nd ref="103000009026"/>
    <nd ref="103000009027"/>
    <nd ref="103000009028"/>
    <nd ref="103000009029"/>
    <nd ref="103000009030"/>
    <nd ref="103000009031"/>
    <nd ref="103000009032"/>
    <tag k="type" v="virtual"/>
  </way>
  <way id="203000015">
    <nd ref="103000009032"/>
    <nd ref="10300001502"/>
    <nd ref="10300001503"/>
    <nd ref="10300001504"/>
    <nd ref="10300001505"/>
    <nd ref="10300001506"/>
    <nd ref="10300001507"/>
    <nd ref="10300001508"/>
    <nd ref="10300001509"/>
    <nd ref="103000015010"/>
    <nd ref="103000015011"/>
    <nd ref="103000015012"/>
    <nd ref="103000014013"/>
    <tag k="type" v="virtual"/>
  </way>
  <way id="203000070">
    <nd ref="103000069015"/>
    <nd ref="10300007002"/>
    <nd ref="10300007003"/>
    <nd ref="10300007004"/>
    <nd ref="10300007005"/>
    <nd ref="10300007006"/>
    <nd ref="10300007007"/>
    <nd ref="10300007008"/>
    <tag k="type" v="virtual"/>
  </way>
  <way id="203000010">
    <nd ref="10300007008"/>
    <nd ref="10300001002"/>
    <nd ref="10300001003"/>
    <nd ref="10300001004"/>
    <nd ref="10300001005"/>
    <nd ref="10300001006"/>
    <nd ref="10300001007"/>
    <nd ref="10300001008"/>
    <nd ref="10300001009"/>
    <nd ref="103000010010"/>
    <nd ref="103000010011"/>
    <nd ref="103000010012"/>
    <nd ref="103000010013"/>
    <nd ref="103000010014"/>
    <nd ref="103000010015"/>
    <nd ref="103000010016"/>
    <nd ref="103000010017"/>
    <nd ref="103000010018"/>
    <nd ref="103000010019"/>
    <nd ref="103000010020"/>
    <nd ref="103000010021"/>
    <nd ref="103000010022"/>
    <nd ref="103000010023"/>
    <nd ref="10300001601"/>
    <tag k="type" v="virtual"/>
  </way>
  <way id="203000013">
    <nd ref="103000009032"/>
    <nd ref="10300001302"/>
    <nd ref="10300001303"/>
    <nd ref="10300001304"/>
    <nd ref="10300001305"/>
    <nd ref="10300001306"/>
    <nd ref="10300001307"/>
    <nd ref="10300001308"/>
    <nd ref="10300001309"/>
    <nd ref="103000013010"/>
    <nd ref="103000013011"/>
    <nd ref="103000013012"/>
    <nd ref="10300001401"/>
    <tag k="type" v="virtual"/>
  </way>
  <way id="203000008">
    <nd ref="10300001601"/>
    <nd ref="10300000802"/>
    <nd ref="10300000803"/>
    <nd ref="10300000804"/>
    <nd ref="10300000805"/>
    <nd ref="10300000806"/>
    <nd ref="10300000807"/>
    <nd ref="10300000808"/>
    <nd ref="10300007301"/>
    <tag k="type" v="virtual"/>
  </way>
  <way id="20300005000">
    <nd ref="103000002014"/>
    <nd ref="1030000500100"/>
    <nd ref="103000050099"/>
    <nd ref="103000050098"/>
    <nd ref="103000050097"/>
    <nd ref="103000050096"/>
    <nd ref="103000050095"/>
    <nd ref="103000050094"/>
    <nd ref="103000050093"/>
    <nd ref="103000050092"/>
    <nd ref="103000050091"/>
    <nd ref="103000050090"/>
    <nd ref="103000050089"/>
    <nd ref="103000050088"/>
    <nd ref="103000050087"/>
    <nd ref="103000050086"/>
    <nd ref="103000050085"/>
    <nd ref="103000050084"/>
    <nd ref="103000050083"/>
    <nd ref="103000050082"/>
    <nd ref="103000050081"/>
    <nd ref="103000050080"/>
    <nd ref="103000050079"/>
    <nd ref="103000050078"/>
    <nd ref="103000050077"/>
    <nd ref="103000050076"/>
    <nd ref="103000050075"/>
    <nd ref="103000050074"/>
    <nd ref="103000050073"/>
    <nd ref="103000050072"/>
    <nd ref="103000050071"/>
    <nd ref="103000050070"/>
    <nd ref="103000050069"/>
    <nd ref="103000050068"/>
    <nd ref="103000050067"/>
    <nd ref="103000050066"/>
    <nd ref="103000050065"/>
    <nd ref="103000050064"/>
    <nd ref="103000050063"/>
    <nd ref="103000050062"/>
    <nd ref="103000050061"/>
    <nd ref="103000050060"/>
    <nd ref="103000050059"/>
    <nd ref="103000050058"/>
    <nd ref="103000050057"/>
    <nd ref="103000050056"/>
    <nd ref="103000050055"/>
    <nd ref="103000050054"/>
    <nd ref="103000050053"/>
    <nd ref="103000050052"/>
    <nd ref="103000050051"/>
    <nd ref="103000050050"/>
    <nd ref="103000050049"/>
    <nd ref="103000050048"/>
    <nd ref="103000050047"/>
    <nd ref="103000050046"/>
    <nd ref="103000050045"/>
    <nd ref="103000050044"/>
    <nd ref="103000050043"/>
    <nd ref="103000050042"/>
    <nd ref="103000050041"/>
    <nd ref="103000050040"/>
    <nd ref="103000050039"/>
    <nd ref="103000050038"/>
    <nd ref="103000050037"/>
    <nd ref="103000050036"/>
    <nd ref="103000050035"/>
    <nd ref="103000050034"/>
    <nd ref="103000050033"/>
    <nd ref="103000050032"/>
    <nd ref="103000050031"/>
    <nd ref="103000050030"/>
    <nd ref="103000050029"/>
    <nd ref="103000050028"/>
    <nd ref="103000050027"/>
    <nd ref="103000050026"/>
    <nd ref="103000050025"/>
    <nd ref="103000050024"/>
    <nd ref="103000050023"/>
    <nd ref="103000050022"/>
    <nd ref="103000050021"/>
    <nd ref="103000050020"/>
    <nd ref="103000050019"/>
    <nd ref="103000050018"/>
    <nd ref="103000050017"/>
    <nd ref="103000050016"/>
    <nd ref="103000050015"/>
    <nd ref="103000050014"/>
    <nd ref="103000050013"/>
    <nd ref="103000050012"/>
    <nd ref="103000050011"/>
    <nd ref="103000050010"/>
    <nd ref="10300005009"/>
    <nd ref="10300005008"/>
    <nd ref="10300005007"/>
    <nd ref="10300005006"/>
    <nd ref="10300005005"/>
    <nd ref="10300005004"/>
    <nd ref="10300005003"/>
    <nd ref="10300005002"/>
    <nd ref="10300006001"/>
    <tag k="type" v="virtual"/>
  </way>
  <way id="20300003500">
    <nd ref="10300003901"/>
    <nd ref="103000035020"/>
    <nd ref="103000035019"/>
    <nd ref="103000035018"/>
    <nd ref="103000035017"/>
    <nd ref="103000035016"/>
    <nd ref="103000035015"/>
    <nd ref="103000035014"/>
    <nd ref="103000035013"/>
    <nd ref="103000035012"/>
    <nd ref="103000035011"/>
    <nd ref="103000035010"/>
    <nd ref="10300003509"/>
    <nd ref="10300003508"/>
    <nd ref="10300003507"/>
    <nd ref="10300003506"/>
    <nd ref="10300003505"/>
    <nd ref="10300003504"/>
    <nd ref="10300003503"/>
    <nd ref="10300003502"/>
    <nd ref="103000044061"/>
    <tag k="type" v="virtual"/>
  </way>
  <way id="20300003900">
    <nd ref="10300004401"/>
    <nd ref="103000039012"/>
    <nd ref="103000039011"/>
    <nd ref="103000039010"/>
    <nd ref="10300003909"/>
    <nd ref="10300003908"/>
    <nd ref="10300003907"/>
    <nd ref="10300003906"/>
    <nd ref="10300003905"/>
    <nd ref="10300003904"/>
    <nd ref="10300003903"/>
    <nd ref="10300003902"/>
    <nd ref="10300003901"/>
    <tag k="type" v="virtual"/>
  </way>
  <way id="20300003800">
    <nd ref="103000038013"/>
    <nd ref="103000038012"/>
    <nd ref="103000038011"/>
    <nd ref="103000038010"/>
    <nd ref="10300003809"/>
    <nd ref="10300003808"/>
    <nd ref="10300003807"/>
    <nd ref="10300003806"/>
    <nd ref="10300003805"/>
    <nd ref="10300003804"/>
    <nd ref="10300003803"/>
    <nd ref="10300003802"/>
    <nd ref="10300003901"/>
    <tag k="type" v="virtual"/>
  </way>
  <way id="209000001">
    <nd ref="10300000301"/>
    <nd ref="10300000302"/>
    <nd ref="10300000303"/>
    <nd ref="10300000304"/>
    <nd ref="10300000305"/>
    <nd ref="10300000306"/>
    <nd ref="10300000307"/>
    <nd ref="10300000308"/>
    <nd ref="10300000309"/>
    <nd ref="103000003010"/>
    <nd ref="103000003011"/>
    <tag k="type" v="curbstone"/>
    <tag k="subtype" v="high"/>
  </way>
  <way id="209000010">
    <nd ref="10900001001"/>
    <nd ref="10900001002"/>
    <nd ref="10900001003"/>
    <nd ref="10900001004"/>
    <nd ref="10900001005"/>
    <nd ref="10900001006"/>
    <nd ref="10900001007"/>
    <nd ref="10900001008"/>
    <nd ref="103000007024"/>
    <nd ref="103000007025"/>
    <nd ref="103000007026"/>
    <nd ref="103000007027"/>
    <nd ref="103000007028"/>
    <nd ref="103000007029"/>
    <nd ref="103000007030"/>
    <nd ref="103000007031"/>
    <nd ref="103000007032"/>
    <nd ref="103000007033"/>
    <nd ref="103000007034"/>
    <nd ref="103000007035"/>
    <nd ref="109000010021"/>
    <nd ref="109000010022"/>
    <nd ref="109000010023"/>
    <nd ref="109000010024"/>
    <nd ref="109000010025"/>
    <nd ref="109000010026"/>
    <tag k="type" v="curbstone"/>
    <tag k="subtype" v="high"/>
  </way>
  <way id="209000011">
    <nd ref="10900001101"/>
    <nd ref="10900001102"/>
    <nd ref="10900001103"/>
    <nd ref="10900001104"/>
    <nd ref="10900001105"/>
    <nd ref="10900001106"/>
    <nd ref="103000019038"/>
    <nd ref="103000019039"/>
    <nd ref="103000019040"/>
    <nd ref="103000019041"/>
    <nd ref="103000019042"/>
    <nd ref="103000019043"/>
    <tag k="type" v="curbstone"/>
    <tag k="subtype" v="high"/>
  </way>
  <way id="209000012">
    <nd ref="10300003301"/>
    <nd ref="10300001902"/>
    <nd ref="10300001903"/>
    <nd ref="10300001904"/>
    <nd ref="10300001905"/>
    <nd ref="10300001906"/>
    <nd ref="10300001907"/>
    <nd ref="10300001908"/>
    <nd ref="10300001909"/>
    <nd ref="103000019010"/>
    <nd ref="103000019011"/>
    <nd ref="103000019012"/>
    <nd ref="103000019013"/>
    <nd ref="103000019014"/>
    <nd ref="103000019015"/>
    <nd ref="103000019016"/>
    <nd ref="103000019017"/>
    <nd ref="103000019018"/>
    <nd ref="103000019019"/>
    <nd ref="103000019020"/>
    <nd ref="103000019021"/>
    <nd ref="103000019022"/>
    <nd ref="103000019023"/>
    <nd ref="103000019024"/>
    <nd ref="109000012025"/>
    <nd ref="109000012026"/>
    <nd ref="109000012027"/>
    <nd ref="109000012028"/>
    <nd ref="109000012029"/>
    <nd ref="109000012030"/>
    <nd ref="109000012031"/>
    <nd ref="109000012032"/>
    <nd ref="109000012033"/>
    <nd ref="109000012034"/>
    <tag k="type" v="curbstone"/>
    <tag k="subtype" v="high"/>
  </way>
  <way id="209000013">
    <nd ref="10900001301"/>
    <nd ref="10900001302"/>
    <nd ref="10900001303"/>
    <nd ref="10900001304"/>
    <nd ref="10900001305"/>
    <nd ref="10300003301"/>
    <tag k="type" v="curbstone"/>
    <tag k="subtype" v="high"/>
  </way>
  <way id="209000014">
    <nd ref="10900001401"/>
    <nd ref="10900001402"/>
    <nd ref="10900001403"/>
    <tag k="type" v="curbstone"/>
    <tag k="subtype" v="high"/>
  </way>
  <way id="209000015">
    <nd ref="10900001403"/>
    <nd ref="10900001502"/>
    <nd ref="10900001503"/>
    <nd ref="10300003703"/>
    <nd ref="10300003704"/>
    <nd ref="10300003705"/>
    <nd ref="10300003706"/>
    <nd ref="10300003707"/>
    <nd ref="103000047015"/>
    <tag k="type" v="curbstone"/>
    <tag k="subtype" v="high"/>
  </way>
  <way id="209000016">
    <nd ref="103000014013"/>
    <nd ref="10300001202"/>
    <nd ref="10300001203"/>
    <nd ref="10300001204"/>
    <nd ref="10300001205"/>
    <nd ref="10300001206"/>
    <nd ref="10300001207"/>
    <nd ref="10300001208"/>
    <nd ref="10300001209"/>
    <nd ref="103000012010"/>
    <nd ref="103000012011"/>
    <nd ref="103000012012"/>
    <nd ref="103000012013"/>
    <nd ref="103000012014"/>
    <nd ref="103000012015"/>
    <nd ref="109000016016"/>
    <nd ref="109000016017"/>
    <nd ref="109000016018"/>
    <nd ref="109000016019"/>
    <nd ref="109000016020"/>
    <nd ref="109000016021"/>
    <nd ref="109000016022"/>
    <nd ref="109000016023"/>
    <nd ref="109000016024"/>
    <nd ref="103000009012"/>
    <nd ref="103000009013"/>
    <nd ref="103000009014"/>
    <nd ref="103000009015"/>
    <nd ref="103000009016"/>
    <nd ref="103000009017"/>
    <nd ref="103000009018"/>
    <nd ref="103000009019"/>
    <nd ref="103000009020"/>
    <nd ref="103000009021"/>
    <nd ref="103000009022"/>
    <nd ref="103000009023"/>
    <nd ref="103000009024"/>
    <nd ref="103000009025"/>
    <nd ref="103000009026"/>
    <nd ref="103000009027"/>
    <nd ref="103000009028"/>
    <nd ref="103000009029"/>
    <nd ref="103000009030"/>
    <nd ref="103000009031"/>
    <nd ref="103000009032"/>
    <tag k="type" v="curbstone"/>
    <tag k="subtype" v="high"/>
  </way>
  <way id="209000017">
    <nd ref="103000009032"/>
    <nd ref="10300001502"/>
    <nd ref="10300001503"/>
    <nd ref="10300001504"/>
    <nd ref="10300001505"/>
    <nd ref="10300001506"/>
    <nd ref="10300001507"/>
    <nd ref="10300001508"/>
    <nd ref="10300001509"/>
    <nd ref="103000015010"/>
    <nd ref="103000015011"/>
    <nd ref="103000015012"/>
    <nd ref="103000014013"/>
    <tag k="type" v="curbstone"/>
    <tag k="subtype" v="high"/>
  </way>
  <way id="209000018">
    <nd ref="103000028011"/>
    <nd ref="10300003002"/>
    <nd ref="10300003003"/>
    <nd ref="10300003004"/>
    <nd ref="10300003005"/>
    <nd ref="10300003006"/>
    <nd ref="10900001807"/>
    <nd ref="10900001808"/>
    <nd ref="10900001809"/>
    <nd ref="109000018010"/>
    <nd ref="109000018011"/>
    <nd ref="109000018012"/>
    <nd ref="109000018013"/>
    <nd ref="109000018014"/>
    <nd ref="109000018015"/>
    <tag k="type" v="curbstone"/>
    <tag k="subtype" v="high"/>
  </way>
  <way id="209000019">
    <nd ref="10900001901"/>
    <nd ref="10900001902"/>
    <nd ref="10900001903"/>
    <nd ref="10900001904"/>
    <nd ref="10900001905"/>
    <nd ref="10900001906"/>
    <nd ref="103000030016"/>
    <nd ref="103000030017"/>
    <nd ref="103000030018"/>
    <nd ref="103000030019"/>
    <nd ref="103000030020"/>
    <nd ref="103000030021"/>
    <nd ref="103000030022"/>
    <nd ref="103000030023"/>
    <nd ref="103000030024"/>
    <nd ref="103000030025"/>
    <nd ref="103000030026"/>
    <tag k="type" v="curbstone"/>
    <tag k="subtype" v="high"/>
  </way>
  <way id="209000002">
    <nd ref="10300001601"/>
    <nd ref="10300000802"/>
    <nd ref="10300000803"/>
    <nd ref="10300000804"/>
    <nd ref="10300000805"/>
    <nd ref="10300000806"/>
    <nd ref="10300000807"/>
    <nd ref="10300000808"/>
    <nd ref="10300007301"/>
    <tag k="type" v="curbstone"/>
    <tag k="subtype" v="high"/>
  </way>
  <way id="209000020">
    <nd ref="103000030026"/>
    <nd ref="10300003102"/>
    <nd ref="10300003103"/>
    <nd ref="10900002004"/>
    <nd ref="10900002005"/>
    <nd ref="10900002006"/>
    <nd ref="10900002007"/>
    <tag k="type" v="curbstone"/>
    <tag k="subtype" v="high"/>
  </way>
  <way id="209000021">
    <nd ref="10300007307"/>
    <nd ref="10300007402"/>
    <nd ref="10300007403"/>
    <nd ref="10300007404"/>
    <nd ref="10300007405"/>
    <nd ref="10300007406"/>
    <nd ref="10300007407"/>
    <nd ref="10300007408"/>
    <nd ref="10300007409"/>
    <nd ref="103000074010"/>
    <nd ref="103000074011"/>
    <nd ref="103000074012"/>
    <nd ref="103000074013"/>
    <nd ref="103000074014"/>
    <nd ref="103000074015"/>
    <tag k="type" v="curbstone"/>
    <tag k="subtype" v="high"/>
  </way>
  <way id="209000022">
    <nd ref="10300002603"/>
    <nd ref="10300002702"/>
    <nd ref="10300002703"/>
    <nd ref="10300002704"/>
    <nd ref="10300002705"/>
    <nd ref="10300002706"/>
    <tag k="type" v="curbstone"/>
    <tag k="subtype" v="high"/>
  </way>
  <way id="209000023">
    <nd ref="103000074015"/>
    <nd ref="10300002502"/>
    <nd ref="10300002503"/>
    <nd ref="10300002504"/>
    <nd ref="10300002505"/>
    <nd ref="10300002506"/>
    <nd ref="10300002507"/>
    <tag k="type" v="curbstone"/>
    <tag k="subtype" v="high"/>
  </way>
  <way id="209000024">
    <nd ref="10300002601"/>
    <nd ref="10300002602"/>
    <nd ref="10300002603"/>
    <tag k="type" v="curbstone"/>
    <tag k="subtype" v="high"/>
  </way>
  <way id="209000025">
    <nd ref="10300002507"/>
    <nd ref="10300002002"/>
    <nd ref="10300002003"/>
    <nd ref="10300002004"/>
    <nd ref="10300002005"/>
    <nd ref="10300002006"/>
    <nd ref="10300002007"/>
    <nd ref="10300002008"/>
    <nd ref="10300002009"/>
    <nd ref="103000020010"/>
    <nd ref="109000025011"/>
    <nd ref="109000025012"/>
    <nd ref="109000025013"/>
    <tag k="type" v="curbstone"/>
    <tag k="subtype" v="high"/>
  </way>
  <way id="209000026">
    <nd ref="103000069015"/>
    <nd ref="10300007002"/>
    <nd ref="10300007003"/>
    <nd ref="10300007004"/>
    <nd ref="10300007005"/>
    <nd ref="10300007006"/>
    <nd ref="10300007007"/>
    <nd ref="10300007008"/>
    <tag k="type" v="curbstone"/>
    <tag k="subtype" v="high"/>
  </way>
  <way id="209000027">
    <nd ref="103000033050"/>
    <nd ref="10900002702"/>
    <nd ref="10900002703"/>
    <nd ref="10900002704"/>
    <nd ref="10900002705"/>
    <nd ref="103000069015"/>
    <tag k="type" v="curbstone"/>
    <tag k="subtype" v="high"/>
  </way>
  <way id="209000028">
    <nd ref="10900002801"/>
    <nd ref="10900002802"/>
    <nd ref="10900002803"/>
    <nd ref="10900002804"/>
    <nd ref="10900002805"/>
    <nd ref="10900002806"/>
    <nd ref="10900002807"/>
    <nd ref="10900002808"/>
    <nd ref="10900002809"/>
    <nd ref="103000007011"/>
    <nd ref="103000007012"/>
    <nd ref="103000007013"/>
    <nd ref="109000028013"/>
    <nd ref="109000028014"/>
    <nd ref="109000028015"/>
    <nd ref="109000028016"/>
    <nd ref="109000028017"/>
    <nd ref="109000028018"/>
    <tag k="type" v="curbstone"/>
    <tag k="subtype" v="high"/>
  </way>
  <way id="209000029">
    <nd ref="10900002901"/>
    <nd ref="10900002902"/>
    <nd ref="103000020022"/>
    <nd ref="103000020023"/>
    <nd ref="10900002905"/>
    <nd ref="10900002906"/>
    <tag k="type" v="curbstone"/>
    <tag k="subtype" v="high"/>
  </way>
  <way id="209000003">
    <nd ref="10900000301"/>
    <nd ref="10900000302"/>
    <nd ref="10900000303"/>
    <nd ref="10900000304"/>
    <nd ref="10900000305"/>
    <nd ref="10900000306"/>
    <nd ref="10900000307"/>
    <nd ref="10900000308"/>
    <nd ref="10900000309"/>
    <nd ref="103000010022"/>
    <nd ref="103000010023"/>
    <nd ref="10300001601"/>
    <tag k="type" v="curbstone"/>
    <tag k="subtype" v="high"/>
  </way>
  <way id="209000030">
    <nd ref="10900002906"/>
    <nd ref="10900003002"/>
    <nd ref="10900003003"/>
    <tag k="type" v="curbstone"/>
    <tag k="subtype" v="high"/>
  </way>
  <way id="209000031">
    <nd ref="10300000401"/>
    <nd ref="10300000402"/>
    <nd ref="10300000403"/>
    <nd ref="10300000404"/>
    <nd ref="10300000405"/>
    <nd ref="10300000406"/>
    <nd ref="10300000407"/>
    <nd ref="10900003108"/>
    <nd ref="10900003109"/>
    <nd ref="109000031010"/>
    <nd ref="109000031011"/>
    <nd ref="109000031012"/>
    <nd ref="109000031013"/>
    <tag k="type" v="curbstone"/>
    <tag k="subtype" v="high"/>
  </way>
  <way id="209000032">
    <nd ref="10300000607"/>
    <nd ref="10300006102"/>
    <nd ref="10300006103"/>
    <nd ref="10900003204"/>
    <nd ref="10900003205"/>
    <nd ref="10900003206"/>
    <nd ref="10900003207"/>
    <nd ref="10900003208"/>
    <nd ref="10900003209"/>
    <tag k="type" v="curbstone"/>
    <tag k="subtype" v="high"/>
  </way>
  <way id="209000033">
    <nd ref="10900003301"/>
    <nd ref="10900003302"/>
    <nd ref="10900003303"/>
    <nd ref="10900003304"/>
    <nd ref="10900003305"/>
    <nd ref="10900003306"/>
    <nd ref="10900003307"/>
    <nd ref="103000061036"/>
    <nd ref="103000061037"/>
    <nd ref="103000061038"/>
    <nd ref="103000061039"/>
    <nd ref="103000061040"/>
    <nd ref="103000061041"/>
    <nd ref="103000061042"/>
    <nd ref="103000061043"/>
    <nd ref="103000061044"/>
    <nd ref="103000061045"/>
    <nd ref="103000061046"/>
    <nd ref="103000061047"/>
    <nd ref="103000061048"/>
    <nd ref="103000061049"/>
    <nd ref="103000061050"/>
    <nd ref="109000033023"/>
    <nd ref="109000033024"/>
    <nd ref="109000033025"/>
    <nd ref="109000033026"/>
    <nd ref="109000033027"/>
    <nd ref="109000033028"/>
    <nd ref="109000033029"/>
    <nd ref="109000033030"/>
    <nd ref="109000033031"/>
    <nd ref="109000033032"/>
    <nd ref="109000033033"/>
    <tag k="type" v="curbstone"/>
    <tag k="subtype" v="high"/>
  </way>
  <way id="209000034">
    <nd ref="10900003401"/>
    <nd ref="10900003402"/>
    <nd ref="10900003403"/>
    <nd ref="103000062054"/>
    <nd ref="103000062055"/>
    <nd ref="103000062056"/>
    <nd ref="103000062057"/>
    <nd ref="103000062058"/>
    <nd ref="103000062059"/>
    <nd ref="103000062060"/>
    <nd ref="103000062061"/>
    <nd ref="109000034012"/>
    <nd ref="109000034013"/>
    <nd ref="109000034014"/>
    <nd ref="109000034015"/>
    <nd ref="109000034016"/>
    <nd ref="109000034017"/>
    <nd ref="109000034018"/>
    <tag k="type" v="curbstone"/>
    <tag k="subtype" v="high"/>
  </way>
  <way id="209000035">
    <nd ref="10900003501"/>
    <nd ref="10900003502"/>
    <nd ref="10900003503"/>
    <nd ref="10900003504"/>
    <nd ref="10900003505"/>
    <nd ref="10900003506"/>
    <nd ref="10900003507"/>
    <nd ref="10900003508"/>
    <nd ref="10900003509"/>
    <nd ref="103000061061"/>
    <nd ref="103000061062"/>
    <nd ref="103000061063"/>
    <nd ref="103000061064"/>
    <nd ref="103000061065"/>
    <nd ref="103000061066"/>
    <nd ref="103000061067"/>
    <nd ref="103000061068"/>
    <nd ref="103000061069"/>
    <nd ref="103000061070"/>
    <nd ref="103000061071"/>
    <nd ref="103000061072"/>
    <nd ref="103000061073"/>
    <nd ref="109000035023"/>
    <nd ref="109000035024"/>
    <nd ref="109000035025"/>
    <nd ref="109000035026"/>
    <nd ref="109000035027"/>
    <tag k="type" v="curbstone"/>
    <tag k="subtype" v="high"/>
  </way>
  <way id="209000036">
    <nd ref="10300002706"/>
    <nd ref="10900003602"/>
    <nd ref="10900003603"/>
    <nd ref="10900003604"/>
    <nd ref="10900003605"/>
    <nd ref="10900003606"/>
    <tag k="type" v="curbstone"/>
    <tag k="subtype" v="high"/>
  </way>
  <way id="209000037">
    <nd ref="10900003701"/>
    <nd ref="10900003702"/>
    <nd ref="10900003703"/>
    <nd ref="10900003704"/>
    <nd ref="10900003705"/>
    <nd ref="10900003706"/>
    <nd ref="10900003707"/>
    <nd ref="103000067012"/>
    <nd ref="103000067013"/>
    <nd ref="103000067014"/>
    <nd ref="103000067015"/>
    <nd ref="103000067016"/>
    <nd ref="103000067017"/>
    <nd ref="103000067018"/>
    <nd ref="103000067019"/>
    <nd ref="103000067020"/>
    <nd ref="103000067021"/>
    <nd ref="103000067022"/>
    <nd ref="103000067023"/>
    <nd ref="103000067024"/>
    <nd ref="103000067025"/>
    <nd ref="103000067026"/>
    <nd ref="10300006501"/>
    <tag k="type" v="curbstone"/>
    <tag k="subtype" v="high"/>
  </way>
  <way id="209000038">
    <nd ref="10900003801"/>
    <nd ref="10900003802"/>
    <nd ref="10900003803"/>
    <nd ref="10900003804"/>
    <nd ref="10900003805"/>
    <nd ref="10900003806"/>
    <nd ref="10900003807"/>
    <nd ref="10900003808"/>
    <nd ref="103000062097"/>
    <nd ref="103000062098"/>
    <nd ref="103000062099"/>
    <nd ref="1030000620100"/>
    <nd ref="1030000620101"/>
    <nd ref="1030000620102"/>
    <nd ref="1030000620103"/>
    <nd ref="1030000620104"/>
    <nd ref="1030000620105"/>
    <nd ref="1030000620106"/>
    <nd ref="1030000620107"/>
    <nd ref="10300000401"/>
    <tag k="type" v="curbstone"/>
    <tag k="subtype" v="high"/>
  </way>
  <way id="209000039">
    <nd ref="10900003901"/>
    <nd ref="10900003902"/>
    <nd ref="10900003903"/>
    <nd ref="10900003904"/>
    <nd ref="10900003905"/>
    <nd ref="10900003906"/>
    <nd ref="103000029018"/>
    <nd ref="103000029019"/>
    <nd ref="103000029020"/>
    <nd ref="109000039010"/>
    <nd ref="109000039011"/>
    <nd ref="109000039012"/>
    <nd ref="109000039013"/>
    <nd ref="109000039014"/>
    <nd ref="109000039015"/>
    <tag k="type" v="curbstone"/>
    <tag k="subtype" v="high"/>
  </way>
  <way id="209000004">
    <nd ref="10300000701"/>
    <nd ref="10300000702"/>
    <nd ref="10900000403"/>
    <nd ref="10900000404"/>
    <nd ref="10900000405"/>
    <nd ref="10900000406"/>
    <nd ref="10900000407"/>
    <nd ref="10900000408"/>
    <nd ref="10900000409"/>
    <tag k="type" v="curbstone"/>
    <tag k="subtype" v="high"/>
  </way>
  <way id="209000040">
    <nd ref="103000047015"/>
    <nd ref="10300002902"/>
    <nd ref="10300002903"/>
    <nd ref="10300002904"/>
    <nd ref="10300002905"/>
    <nd ref="10900004006"/>
    <nd ref="10900004007"/>
    <nd ref="10900004008"/>
    <nd ref="10900004009"/>
    <nd ref="109000040010"/>
    <tag k="type" v="curbstone"/>
    <tag k="subtype" v="high"/>
  </way>
  <way id="209000041">
    <nd ref="103000045015"/>
    <nd ref="10300004002"/>
    <nd ref="10300004003"/>
    <nd ref="10300004004"/>
    <nd ref="10300004005"/>
    <nd ref="10300004601"/>
    <tag k="type" v="curbstone"/>
    <tag k="subtype" v="high"/>
  </way>
  <way id="209000042">
    <nd ref="10300006801"/>
    <nd ref="10300006802"/>
    <nd ref="10300006803"/>
    <nd ref="10300006804"/>
    <nd ref="10900004205"/>
    <nd ref="10900004206"/>
    <nd ref="10900004207"/>
    <nd ref="10900004208"/>
    <nd ref="10900004209"/>
    <nd ref="109000042010"/>
    <tag k="type" v="curbstone"/>
    <tag k="subtype" v="high"/>
  </way>
  <way id="209000043">
    <nd ref="10900004301"/>
    <nd ref="10900004302"/>
    <nd ref="10900004303"/>
    <nd ref="10900004304"/>
    <nd ref="10900004305"/>
    <nd ref="10900004306"/>
    <nd ref="103000062047"/>
    <nd ref="103000062048"/>
    <nd ref="103000062049"/>
    <nd ref="109000043010"/>
    <nd ref="109000043011"/>
    <nd ref="109000043012"/>
    <nd ref="109000043013"/>
    <nd ref="109000043014"/>
    <tag k="type" v="curbstone"/>
    <tag k="subtype" v="high"/>
  </way>
  <way id="209000044">
    <nd ref="10900004401"/>
    <nd ref="10900004402"/>
    <nd ref="10900004403"/>
    <nd ref="10900004404"/>
    <nd ref="10900004405"/>
    <nd ref="10900004406"/>
    <nd ref="10900004407"/>
    <nd ref="10900004408"/>
    <nd ref="103000062018"/>
    <nd ref="103000062019"/>
    <nd ref="103000062020"/>
    <nd ref="103000062021"/>
    <nd ref="103000062022"/>
    <nd ref="103000062023"/>
    <nd ref="103000062024"/>
    <nd ref="103000062025"/>
    <nd ref="103000062026"/>
    <nd ref="103000062027"/>
    <nd ref="103000062028"/>
    <nd ref="103000062029"/>
    <nd ref="103000062030"/>
    <nd ref="103000062031"/>
    <nd ref="103000062032"/>
    <nd ref="103000062033"/>
    <nd ref="103000062034"/>
    <nd ref="109000044026"/>
    <nd ref="109000044027"/>
    <nd ref="109000044028"/>
    <nd ref="109000044029"/>
    <nd ref="109000044030"/>
    <nd ref="109000044031"/>
    <nd ref="109000044032"/>
    <nd ref="109000044033"/>
    <nd ref="109000044034"/>
    <nd ref="109000044035"/>
    <tag k="type" v="curbstone"/>
    <tag k="subtype" v="high"/>
  </way>
  <way id="209000045">
    <nd ref="103000051023"/>
    <nd ref="10300006202"/>
    <nd ref="10300006203"/>
    <nd ref="10300006204"/>
    <nd ref="10300006205"/>
    <nd ref="10300006206"/>
    <nd ref="10900004507"/>
    <nd ref="10900004508"/>
    <nd ref="10900004509"/>
    <nd ref="109000045010"/>
    <nd ref="109000045011"/>
    <nd ref="109000045012"/>
    <nd ref="109000045013"/>
    <nd ref="109000045014"/>
    <nd ref="109000045015"/>
    <nd ref="109000045016"/>
    <nd ref="109000045017"/>
    <tag k="type" v="curbstone"/>
    <tag k="subtype" v="high"/>
  </way>
  <way id="209000046">
    <nd ref="10900004601"/>
    <nd ref="10900004602"/>
    <nd ref="10900004603"/>
    <nd ref="10900004604"/>
    <nd ref="10300002807"/>
    <nd ref="10300002808"/>
    <nd ref="10300002809"/>
    <nd ref="103000028010"/>
    <nd ref="103000028011"/>
    <tag k="type" v="curbstone"/>
    <tag k="subtype" v="high"/>
  </way>
  <way id="209000047">
    <nd ref="10300006501"/>
    <nd ref="10300006502"/>
    <nd ref="10300006503"/>
    <nd ref="10300006504"/>
    <nd ref="10300006505"/>
    <nd ref="10300006506"/>
    <nd ref="10300006507"/>
    <nd ref="10900004708"/>
    <nd ref="10900004709"/>
    <nd ref="109000047010"/>
    <tag k="type" v="curbstone"/>
    <tag k="subtype" v="high"/>
  </way>
  <way id="209000048">
    <nd ref="10900004801"/>
    <nd ref="10900004802"/>
    <nd ref="10900004803"/>
    <nd ref="10900004804"/>
    <nd ref="10900004805"/>
    <nd ref="103000017016"/>
    <nd ref="103000017017"/>
    <nd ref="103000017018"/>
    <nd ref="10900004809"/>
    <nd ref="109000048010"/>
    <nd ref="109000048011"/>
    <nd ref="109000048012"/>
    <nd ref="109000048013"/>
    <nd ref="109000048014"/>
    <tag k="type" v="curbstone"/>
    <tag k="subtype" v="high"/>
  </way>
  <way id="209000049">
    <nd ref="10900004901"/>
    <nd ref="10900004902"/>
    <nd ref="10900004903"/>
    <nd ref="10900004904"/>
    <nd ref="10900004905"/>
    <nd ref="10900004906"/>
    <nd ref="10300001705"/>
    <nd ref="10300001706"/>
    <nd ref="10900004909"/>
    <nd ref="109000049010"/>
    <nd ref="109000049011"/>
    <nd ref="109000049012"/>
    <nd ref="109000049013"/>
    <nd ref="109000049014"/>
    <tag k="type" v="curbstone"/>
    <tag k="subtype" v="high"/>
  </way>
  <way id="209000005">
    <nd ref="10300000601"/>
    <nd ref="10300000602"/>
    <nd ref="10300000603"/>
    <nd ref="10300000604"/>
    <nd ref="10300000605"/>
    <nd ref="10300000606"/>
    <nd ref="10300000607"/>
    <tag k="type" v="curbstone"/>
    <tag k="subtype" v="high"/>
  </way>
  <way id="209000050">
    <nd ref="10900005001"/>
    <nd ref="10900005002"/>
    <nd ref="10900005003"/>
    <nd ref="10900005004"/>
    <nd ref="10900005005"/>
    <nd ref="10900005006"/>
    <nd ref="103000017026"/>
    <nd ref="103000017027"/>
    <nd ref="103000017028"/>
    <nd ref="10300006801"/>
    <tag k="type" v="curbstone"/>
    <tag k="subtype" v="high"/>
  </way>
  <way id="209000051">
    <nd ref="10300004901"/>
    <nd ref="10300004902"/>
    <nd ref="10900005103"/>
    <nd ref="10900005104"/>
    <nd ref="10900005105"/>
    <nd ref="10900005106"/>
    <nd ref="10900005107"/>
    <nd ref="10900005108"/>
    <nd ref="10900005109"/>
    <nd ref="109000051010"/>
    <nd ref="109000051011"/>
    <nd ref="109000051012"/>
    <nd ref="109000051013"/>
    <nd ref="109000051014"/>
    <tag k="type" v="curbstone"/>
    <tag k="subtype" v="high"/>
  </way>
  <way id="209000052">
    <nd ref="10900005201"/>
    <nd ref="10900005202"/>
    <nd ref="10900005203"/>
    <nd ref="10900005204"/>
    <nd ref="10900005205"/>
    <nd ref="10900005206"/>
    <nd ref="103000031012"/>
    <nd ref="103000031013"/>
    <nd ref="10300007101"/>
    <tag k="type" v="curbstone"/>
    <tag k="subtype" v="high"/>
  </way>
  <way id="209000053">
    <nd ref="10300007008"/>
    <nd ref="10300001002"/>
    <nd ref="10300001003"/>
    <nd ref="10300001004"/>
    <nd ref="10300001005"/>
    <nd ref="10300001006"/>
    <nd ref="10300001007"/>
    <nd ref="10300001008"/>
    <nd ref="10900005309"/>
    <nd ref="109000053010"/>
    <nd ref="109000053011"/>
    <nd ref="109000053012"/>
    <tag k="type" v="curbstone"/>
    <tag k="subtype" v="high"/>
  </way>
  <way id="209000054">
    <nd ref="10300005901"/>
    <nd ref="10300005702"/>
    <nd ref="10300005703"/>
    <nd ref="10300005704"/>
    <nd ref="10300005705"/>
    <nd ref="10300005706"/>
    <nd ref="10300005707"/>
    <nd ref="10300005708"/>
    <nd ref="10300005709"/>
    <nd ref="103000057010"/>
    <nd ref="103000057011"/>
    <nd ref="103000057012"/>
    <nd ref="10300006301"/>
    <tag k="type" v="curbstone"/>
    <tag k="subtype" v="high"/>
  </way>
  <way id="209000055">
    <nd ref="10300005601"/>
    <nd ref="10300005802"/>
    <nd ref="10300005803"/>
    <nd ref="10300005804"/>
    <nd ref="10300005805"/>
    <nd ref="10300005806"/>
    <nd ref="10300005807"/>
    <nd ref="10300005808"/>
    <nd ref="10300005809"/>
    <nd ref="103000058010"/>
    <nd ref="103000058011"/>
    <nd ref="103000058012"/>
    <nd ref="103000058013"/>
    <nd ref="103000058014"/>
    <nd ref="103000058015"/>
    <nd ref="103000058016"/>
    <nd ref="10300006401"/>
    <tag k="type" v="curbstone"/>
    <tag k="subtype" v="high"/>
  </way>
  <way id="209000056">
    <nd ref="10900005601"/>
    <nd ref="10900005602"/>
    <nd ref="10900005603"/>
    <nd ref="10900005604"/>
    <nd ref="10900005605"/>
    <nd ref="10900005606"/>
    <nd ref="10900005607"/>
    <nd ref="10900005608"/>
    <nd ref="10900005609"/>
    <nd ref="103000054073"/>
    <nd ref="10300005601"/>
    <tag k="type" v="curbstone"/>
    <tag k="subtype" v="high"/>
  </way>
  <way id="209000057">
    <nd ref="10900005701"/>
    <nd ref="10900005702"/>
    <nd ref="10900005703"/>
    <nd ref="10900005704"/>
    <nd ref="10900005705"/>
    <nd ref="10900005706"/>
    <nd ref="10900005707"/>
    <nd ref="103000062073"/>
    <nd ref="103000062074"/>
    <nd ref="103000062075"/>
    <nd ref="103000062076"/>
    <nd ref="103000062077"/>
    <nd ref="103000062078"/>
    <nd ref="103000062079"/>
    <nd ref="103000062080"/>
    <nd ref="103000062081"/>
    <nd ref="103000062082"/>
    <nd ref="103000062083"/>
    <nd ref="103000062084"/>
    <nd ref="109000057020"/>
    <nd ref="109000057021"/>
    <nd ref="109000057022"/>
    <nd ref="109000057023"/>
    <nd ref="109000057024"/>
    <nd ref="109000057025"/>
    <nd ref="109000057026"/>
    <nd ref="109000057027"/>
    <nd ref="109000057028"/>
    <nd ref="109000057029"/>
    <nd ref="109000057030"/>
    <nd ref="109000057031"/>
    <nd ref="109000057032"/>
    <nd ref="109000057033"/>
    <nd ref="109000057034"/>
    <nd ref="109000057035"/>
    <nd ref="109000057036"/>
    <nd ref="109000057037"/>
    <tag k="type" v="curbstone"/>
    <tag k="subtype" v="high"/>
  </way>
  <way id="209000058">
    <nd ref="10900005801"/>
    <nd ref="10900005802"/>
    <nd ref="10900005803"/>
    <nd ref="10900005804"/>
    <nd ref="10900005805"/>
    <nd ref="10900005806"/>
    <nd ref="10900005807"/>
    <nd ref="10900005808"/>
    <nd ref="103000054032"/>
    <nd ref="103000054033"/>
    <nd ref="103000054034"/>
    <nd ref="103000054035"/>
    <nd ref="103000054037"/>
    <nd ref="103000054038"/>
    <nd ref="103000054039"/>
    <nd ref="103000054040"/>
    <nd ref="103000054041"/>
    <nd ref="103000054042"/>
    <nd ref="103000054043"/>
    <nd ref="103000054044"/>
    <nd ref="103000054045"/>
    <nd ref="103000054046"/>
    <nd ref="103000054047"/>
    <nd ref="103000054048"/>
    <nd ref="103000054049"/>
    <nd ref="103000054050"/>
    <nd ref="103000054051"/>
    <nd ref="103000054052"/>
    <nd ref="103000054053"/>
    <nd ref="103000054054"/>
    <nd ref="103000054055"/>
    <nd ref="109000058033"/>
    <nd ref="109000058034"/>
    <nd ref="109000058035"/>
    <nd ref="109000058036"/>
    <nd ref="109000058037"/>
    <nd ref="109000058038"/>
    <nd ref="109000058039"/>
    <nd ref="109000058040"/>
    <nd ref="109000058041"/>
    <tag k="type" v="curbstone"/>
    <tag k="subtype" v="high"/>
  </way>
  <way id="209000059">
    <nd ref="10300006301"/>
    <nd ref="10300006302"/>
    <nd ref="10300006303"/>
    <nd ref="10300006304"/>
    <nd ref="10300006305"/>
    <nd ref="10300006306"/>
    <nd ref="10300006307"/>
    <nd ref="10300006308"/>
    <nd ref="10300006309"/>
    <nd ref="103000063010"/>
    <nd ref="103000063011"/>
    <nd ref="103000063012"/>
    <nd ref="103000063013"/>
    <nd ref="103000063014"/>
    <nd ref="103000063015"/>
    <nd ref="103000063016"/>
    <nd ref="1030000620590"/>
    <tag k="type" v="curbstone"/>
    <tag k="subtype" v="high"/>
  </way>
  <way id="209000006">
    <nd ref="10900000601"/>
    <nd ref="10900000602"/>
    <nd ref="10900000603"/>
    <nd ref="10900000604"/>
    <nd ref="10900000605"/>
    <nd ref="10300000601"/>
    <tag k="type" v="curbstone"/>
    <tag k="subtype" v="high"/>
  </way>
  <way id="209000060">
    <nd ref="103000003011"/>
    <nd ref="10300005502"/>
    <nd ref="10300005503"/>
    <nd ref="10300005504"/>
    <nd ref="10300005505"/>
    <nd ref="10300005506"/>
    <nd ref="10300005507"/>
    <nd ref="10300005508"/>
    <nd ref="10300005509"/>
    <nd ref="103000055010"/>
    <nd ref="103000055011"/>
    <nd ref="103000055012"/>
    <nd ref="103000055013"/>
    <nd ref="103000055014"/>
    <nd ref="103000055015"/>
    <nd ref="103000055016"/>
    <nd ref="103000055017"/>
    <nd ref="103000055018"/>
    <nd ref="103000055019"/>
    <nd ref="103000055020"/>
    <nd ref="103000055021"/>
    <nd ref="103000055022"/>
    <nd ref="103000055023"/>
    <nd ref="103000055024"/>
    <nd ref="109000060025"/>
    <nd ref="109000060026"/>
    <nd ref="109000060027"/>
    <nd ref="109000060028"/>
    <nd ref="1030000620931"/>
    <tag k="type" v="curbstone"/>
    <tag k="subtype" v="high"/>
  </way>
  <way id="209000061">
    <nd ref="10300006401"/>
    <nd ref="10300006402"/>
    <nd ref="10300006403"/>
    <nd ref="10900006104"/>
    <nd ref="10900006105"/>
    <nd ref="10900006106"/>
    <nd ref="10900006107"/>
    <nd ref="10900006108"/>
    <nd ref="10900006109"/>
    <nd ref="109000061010"/>
    <nd ref="109000061011"/>
    <tag k="type" v="curbstone"/>
    <tag k="subtype" v="high"/>
  </way>
  <way id="209000062">
    <nd ref="10900006201"/>
    <nd ref="10900006202"/>
    <nd ref="10900006203"/>
    <nd ref="10900006204"/>
    <nd ref="103000064012"/>
    <nd ref="103000064013"/>
    <nd ref="103000064014"/>
    <nd ref="103000064015"/>
    <nd ref="103000064016"/>
    <nd ref="103000064017"/>
    <nd ref="103000064018"/>
    <nd ref="103000064019"/>
    <nd ref="103000064020"/>
    <nd ref="103000064021"/>
    <nd ref="109000062015"/>
    <nd ref="109000062016"/>
    <nd ref="109000062017"/>
    <nd ref="109000062018"/>
    <nd ref="109000062019"/>
    <tag k="type" v="curbstone"/>
    <tag k="subtype" v="high"/>
  </way>
  <way id="209000063">
    <nd ref="10900006301"/>
    <nd ref="10900006302"/>
    <nd ref="10900006303"/>
    <nd ref="10900006304"/>
    <nd ref="10900006305"/>
    <nd ref="10900006306"/>
    <nd ref="10900006307"/>
    <nd ref="10900006308"/>
    <nd ref="10900006309"/>
    <nd ref="109000063010"/>
    <nd ref="103000064033"/>
    <nd ref="103000064034"/>
    <nd ref="103000064035"/>
    <nd ref="103000064036"/>
    <nd ref="103000064037"/>
    <nd ref="103000064038"/>
    <nd ref="109000063017"/>
    <nd ref="109000063018"/>
    <nd ref="109000063019"/>
    <nd ref="109000063020"/>
    <nd ref="109000063021"/>
    <nd ref="109000063022"/>
    <nd ref="109000063023"/>
    <nd ref="109000063024"/>
    <nd ref="109000063025"/>
    <nd ref="109000063026"/>
    <nd ref="109000063027"/>
    <nd ref="109000063028"/>
    <nd ref="109000063029"/>
    <nd ref="109000063030"/>
    <nd ref="109000063031"/>
    <nd ref="103000033015"/>
    <nd ref="103000033016"/>
    <nd ref="103000033017"/>
    <nd ref="103000033018"/>
    <nd ref="103000033019"/>
    <nd ref="103000033020"/>
    <nd ref="103000033021"/>
    <nd ref="103000033022"/>
    <nd ref="109000063040"/>
    <nd ref="109000063041"/>
    <nd ref="109000063042"/>
    <nd ref="109000063043"/>
    <tag k="type" v="curbstone"/>
    <tag k="subtype" v="high"/>
  </way>
  <way id="209000064">
    <nd ref="103000046033"/>
    <nd ref="10300004502"/>
    <nd ref="10300004503"/>
    <nd ref="10300004504"/>
    <nd ref="10300004505"/>
    <nd ref="10300004506"/>
    <nd ref="10300004507"/>
    <nd ref="10300004508"/>
    <nd ref="10300004509"/>
    <nd ref="103000045010"/>
    <nd ref="103000045011"/>
    <nd ref="103000045012"/>
    <nd ref="103000045013"/>
    <nd ref="103000045014"/>
    <nd ref="103000045015"/>
    <tag k="type" v="curbstone"/>
    <tag k="subtype" v="high"/>
  </way>
  <way id="209000065">
    <nd ref="10300004601"/>
    <nd ref="10300004602"/>
    <nd ref="10300004603"/>
    <nd ref="10300004604"/>
    <nd ref="10300004605"/>
    <nd ref="10300004606"/>
    <nd ref="10300004607"/>
    <nd ref="10300004608"/>
    <nd ref="10300004609"/>
    <nd ref="103000046010"/>
    <nd ref="103000046011"/>
    <nd ref="103000046012"/>
    <nd ref="103000046013"/>
    <nd ref="103000046014"/>
    <nd ref="103000046015"/>
    <nd ref="103000046016"/>
    <nd ref="103000046017"/>
    <nd ref="103000046018"/>
    <nd ref="103000046019"/>
    <nd ref="103000046020"/>
    <nd ref="103000046021"/>
    <nd ref="103000046022"/>
    <nd ref="103000046023"/>
    <nd ref="103000046024"/>
    <nd ref="103000046025"/>
    <nd ref="103000046026"/>
    <nd ref="103000046027"/>
    <nd ref="103000046028"/>
    <nd ref="103000046029"/>
    <nd ref="103000046030"/>
    <nd ref="103000046031"/>
    <nd ref="103000046032"/>
    <nd ref="103000046033"/>
    <tag k="type" v="curbstone"/>
    <tag k="subtype" v="high"/>
  </way>
  <way id="209000066">
    <nd ref="10300007101"/>
    <nd ref="10300007102"/>
    <nd ref="10300007103"/>
    <nd ref="10300007104"/>
    <nd ref="10300004901"/>
    <tag k="type" v="curbstone"/>
    <tag k="subtype" v="high"/>
  </way>
  <way id="209000067">
    <nd ref="103000033049"/>
    <nd ref="103000033050"/>
    <tag k="type" v="curbstone"/>
    <tag k="subtype" v="high"/>
  </way>
  <way id="209000068">
    <nd ref="10300007301"/>
    <nd ref="10300007302"/>
    <nd ref="10300007303"/>
    <nd ref="10300007304"/>
    <nd ref="10300007305"/>
    <nd ref="10300007306"/>
    <nd ref="10300007307"/>
    <tag k="type" v="curbstone"/>
    <tag k="subtype" v="high"/>
  </way>
  <way id="209000069">
    <nd ref="10900006901"/>
    <nd ref="10900006902"/>
    <nd ref="10900006903"/>
    <nd ref="10900006904"/>
    <nd ref="10900006905"/>
    <nd ref="10900006906"/>
    <nd ref="103000061013"/>
    <nd ref="103000061014"/>
    <nd ref="10900006909"/>
    <nd ref="109000069010"/>
    <nd ref="109000069011"/>
    <nd ref="109000069012"/>
    <nd ref="109000069013"/>
    <nd ref="109000069014"/>
    <tag k="type" v="curbstone"/>
    <tag k="subtype" v="high"/>
  </way>
  <way id="209000007">
    <nd ref="103000019043"/>
    <nd ref="10300001102"/>
    <nd ref="10300001103"/>
    <nd ref="10300001104"/>
    <nd ref="10300001105"/>
    <nd ref="10300001106"/>
    <nd ref="10300001107"/>
    <nd ref="10300001108"/>
    <nd ref="10300001109"/>
    <nd ref="103000011010"/>
    <nd ref="103000011011"/>
    <nd ref="103000011012"/>
    <nd ref="103000011013"/>
    <nd ref="103000011014"/>
    <nd ref="103000011015"/>
    <nd ref="103000011016"/>
    <nd ref="10300000701"/>
    <tag k="type" v="curbstone"/>
    <tag k="subtype" v="high"/>
  </way>
  <way id="209000070">
    <nd ref="10900007001"/>
    <nd ref="10900007002"/>
    <nd ref="10900007003"/>
    <nd ref="10900007004"/>
    <nd ref="10900007005"/>
    <nd ref="10900007006"/>
    <nd ref="103000061023"/>
    <nd ref="103000061024"/>
    <nd ref="103000061025"/>
    <nd ref="103000061026"/>
    <nd ref="103000061027"/>
    <nd ref="103000061028"/>
    <nd ref="109000070013"/>
    <nd ref="109000070014"/>
    <nd ref="109000070015"/>
    <nd ref="109000070016"/>
    <nd ref="109000070017"/>
    <nd ref="109000070018"/>
    <nd ref="109000070019"/>
    <nd ref="109000070020"/>
    <nd ref="109000070021"/>
    <nd ref="109000070022"/>
    <nd ref="109000070023"/>
    <tag k="type" v="curbstone"/>
    <tag k="subtype" v="high"/>
  </way>
  <way id="209000071">
    <nd ref="10900007101"/>
    <nd ref="10900007102"/>
    <nd ref="10900007103"/>
    <nd ref="103000022011"/>
    <nd ref="103000022012"/>
    <nd ref="103000022013"/>
    <nd ref="103000022014"/>
    <nd ref="103000022015"/>
    <nd ref="10300002601"/>
    <tag k="type" v="curbstone"/>
    <tag k="subtype" v="high"/>
  </way>
  <way id="209000072">
    <nd ref="10900007201"/>
    <nd ref="10900007202"/>
    <nd ref="10900007203"/>
    <nd ref="10900007204"/>
    <nd ref="10900007205"/>
    <nd ref="10900007206"/>
    <nd ref="10900007207"/>
    <nd ref="10900007208"/>
    <nd ref="10900007209"/>
    <nd ref="109000072010"/>
    <nd ref="103000051013"/>
    <nd ref="103000051014"/>
    <nd ref="103000051015"/>
    <nd ref="103000051016"/>
    <nd ref="103000051017"/>
    <nd ref="103000051018"/>
    <nd ref="103000051019"/>
    <nd ref="103000051020"/>
    <nd ref="103000051021"/>
    <nd ref="103000051022"/>
    <nd ref="103000051023"/>
    <tag k="type" v="curbstone"/>
    <tag k="subtype" v="high"/>
  </way>
  <way id="209000073">
    <nd ref="103000061099"/>
    <nd ref="10300005302"/>
    <nd ref="10300005303"/>
    <nd ref="10300005304"/>
    <nd ref="10300005305"/>
    <nd ref="10300005306"/>
    <nd ref="10300005307"/>
    <nd ref="10300005308"/>
    <nd ref="10300005309"/>
    <nd ref="103000053010"/>
    <nd ref="103000053011"/>
    <nd ref="109000073012"/>
    <nd ref="109000073013"/>
    <nd ref="109000073014"/>
    <nd ref="109000073015"/>
    <nd ref="109000073016"/>
    <tag k="type" v="curbstone"/>
    <tag k="subtype" v="high"/>
  </way>
  <way id="209000074">
    <nd ref="10300005101"/>
    <nd ref="10300005102"/>
    <nd ref="10300005103"/>
    <nd ref="10300005104"/>
    <nd ref="10300005105"/>
    <nd ref="10900007406"/>
    <nd ref="10900007407"/>
    <nd ref="10900007408"/>
    <nd ref="10900007409"/>
    <tag k="type" v="curbstone"/>
    <tag k="subtype" v="high"/>
  </way>
  <way id="209000075">
    <nd ref="10900007501"/>
    <nd ref="10900007502"/>
    <nd ref="10900007503"/>
    <nd ref="10900007504"/>
    <nd ref="10900007505"/>
    <nd ref="10900007506"/>
    <nd ref="10900007507"/>
    <nd ref="10900007508"/>
    <nd ref="103000053018"/>
    <nd ref="103000053019"/>
    <nd ref="103000053020"/>
    <nd ref="10300005101"/>
    <tag k="type" v="curbstone"/>
    <tag k="subtype" v="high"/>
  </way>
  <way id="209000008">
    <nd ref="10900000801"/>
    <nd ref="10900000802"/>
    <nd ref="10900000803"/>
    <nd ref="10900000804"/>
    <nd ref="103000054013"/>
    <nd ref="103000054014"/>
    <nd ref="103000054015"/>
    <nd ref="103000054016"/>
    <nd ref="10900000809"/>
    <nd ref="109000008010"/>
    <nd ref="109000008011"/>
    <nd ref="109000008012"/>
    <nd ref="109000008013"/>
    <nd ref="109000008014"/>
    <tag k="type" v="curbstone"/>
    <tag k="subtype" v="high"/>
  </way>
  <way id="209000009">
    <nd ref="10900000901"/>
    <nd ref="10900000902"/>
    <nd ref="10900000903"/>
    <nd ref="10900000904"/>
    <nd ref="10900000905"/>
    <nd ref="10900000906"/>
    <nd ref="10900000907"/>
    <nd ref="10900000908"/>
    <nd ref="10900000909"/>
    <nd ref="109000009010"/>
    <nd ref="109000009011"/>
    <nd ref="109000009012"/>
    <nd ref="109000009013"/>
    <nd ref="109000009014"/>
    <nd ref="109000009015"/>
    <nd ref="109000009016"/>
    <nd ref="109000009017"/>
    <nd ref="103000061094"/>
    <nd ref="103000061095"/>
    <nd ref="103000061096"/>
    <nd ref="103000061097"/>
    <nd ref="103000061098"/>
    <nd ref="103000061099"/>
    <tag k="type" v="curbstone"/>
    <tag k="subtype" v="high"/>
  </way>
  <way id="1030000620416">
    <nd ref="10300004401"/>
    <nd ref="10300004402"/>
    <nd ref="10300004403"/>
    <nd ref="10300004404"/>
    <nd ref="10300004405"/>
    <nd ref="10300004406"/>
    <nd ref="10300004407"/>
    <nd ref="10300004408"/>
    <nd ref="10300004409"/>
    <nd ref="103000044010"/>
    <nd ref="103000044011"/>
    <nd ref="103000044012"/>
    <nd ref="103000044013"/>
    <nd ref="103000044014"/>
    <nd ref="103000044015"/>
    <nd ref="103000044016"/>
    <nd ref="103000044017"/>
    <nd ref="103000044018"/>
    <nd ref="103000044019"/>
    <nd ref="103000044020"/>
    <nd ref="103000044021"/>
    <nd ref="103000044022"/>
    <nd ref="103000044023"/>
    <nd ref="103000044024"/>
    <nd ref="103000044025"/>
    <nd ref="103000044026"/>
    <nd ref="103000044027"/>
    <nd ref="103000044028"/>
    <nd ref="103000044029"/>
    <nd ref="103000044030"/>
    <nd ref="103000044031"/>
    <nd ref="103000044032"/>
    <nd ref="103000044033"/>
    <nd ref="103000044034"/>
    <nd ref="103000044035"/>
    <nd ref="103000044036"/>
    <nd ref="103000044037"/>
    <nd ref="103000044038"/>
    <nd ref="103000044039"/>
    <nd ref="103000044040"/>
    <nd ref="103000044041"/>
    <nd ref="103000044042"/>
    <nd ref="103000044043"/>
    <nd ref="103000044044"/>
    <nd ref="103000044045"/>
    <nd ref="103000044046"/>
    <nd ref="103000044047"/>
    <nd ref="103000044048"/>
    <nd ref="103000044049"/>
    <nd ref="103000044050"/>
    <nd ref="1030000620414"/>
    <tag k="type" v="virtual"/>
  </way>
  <way id="1030000620417">
    <nd ref="1030000620414"/>
    <nd ref="103000044052"/>
    <nd ref="103000044053"/>
    <nd ref="103000044054"/>
    <nd ref="103000044055"/>
    <nd ref="103000044056"/>
    <nd ref="103000044057"/>
    <nd ref="103000044058"/>
    <nd ref="103000044059"/>
    <nd ref="103000044060"/>
    <nd ref="103000044061"/>
    <tag k="type" v="virtual"/>
  </way>
  <way id="1030000620418">
    <nd ref="10300004601"/>
    <nd ref="10300004602"/>
    <nd ref="10300004603"/>
    <nd ref="10300004604"/>
    <nd ref="10300004605"/>
    <nd ref="10300004606"/>
    <nd ref="10300004607"/>
    <nd ref="10300004608"/>
    <nd ref="10300004609"/>
    <nd ref="103000046010"/>
    <nd ref="103000046011"/>
    <nd ref="103000046012"/>
    <nd ref="103000046013"/>
    <nd ref="103000046014"/>
    <nd ref="103000046015"/>
    <nd ref="103000046016"/>
    <nd ref="103000046017"/>
    <nd ref="103000046018"/>
    <nd ref="103000046019"/>
    <nd ref="103000046020"/>
    <nd ref="103000046021"/>
    <nd ref="103000046022"/>
    <nd ref="103000046023"/>
    <nd ref="103000046024"/>
    <nd ref="103000046025"/>
    <nd ref="103000046026"/>
    <nd ref="103000046027"/>
    <nd ref="103000046028"/>
    <nd ref="103000046029"/>
    <nd ref="1030000620415"/>
    <tag k="type" v="virtual"/>
  </way>
  <way id="1030000620419">
    <nd ref="1030000620415"/>
    <nd ref="103000046030"/>
    <nd ref="103000046031"/>
    <nd ref="103000046032"/>
    <nd ref="103000046033"/>
    <tag k="type" v="virtual"/>
  </way>
  <way id="1030000620460">
    <nd ref="1030000620414"/>
    <nd ref="1030000620452"/>
    <nd ref="1030000620453"/>
    <nd ref="1030000620454"/>
    <nd ref="1030000620455"/>
    <nd ref="1030000620456"/>
    <nd ref="1030000620457"/>
    <nd ref="1030000620458"/>
    <nd ref="1030000620466"/>
    <tag k="type" v="line_thin"/>
    <tag k="subtype" v="solid"/>
  </way>
  <way id="1030000620461">
    <nd ref="1030000620458"/>
    <nd ref="1030000620466"/>
    <tag k="type" v="line_thin"/>
    <tag k="subtype" v="solid"/>
  </way>
  <way id="1030000620462">
    <nd ref="1030000620415"/>
    <nd ref="1030000620430"/>
    <nd ref="1030000620436"/>
    <nd ref="1030000620437"/>
    <nd ref="1030000620438"/>
    <nd ref="1030000620439"/>
    <nd ref="1030000620440"/>
    <nd ref="1030000620441"/>
    <nd ref="1030000620442"/>
    <nd ref="1030000620459"/>
    <nd ref="1030000620467"/>
    <tag k="type" v="line_thin"/>
    <tag k="subtype" v="solid"/>
  </way>
  <way id="1030000620463">
    <nd ref="1030000620459"/>
    <nd ref="1030000620467"/>
    <tag k="type" v="line_thin"/>
    <tag k="subtype" v="solid"/>
  </way>
  <way id="1030000620468">
    <nd ref="103000044061"/>
    <nd ref="103000018051"/>
    <nd ref="103000018050"/>
    <nd ref="103000018049"/>
    <nd ref="103000018048"/>
    <nd ref="103000018047"/>
    <nd ref="103000018046"/>
    <nd ref="103000018045"/>
    <nd ref="103000018044"/>
    <nd ref="1030000620466"/>
    <tag k="type" v="virtual"/>
  </way>
  <way id="1030000620469">
    <nd ref="1030000620466"/>
    <nd ref="103000018043"/>
    <nd ref="103000018042"/>
    <nd ref="103000018041"/>
    <nd ref="103000018040"/>
    <nd ref="103000018039"/>
    <nd ref="103000018038"/>
    <nd ref="103000018037"/>
    <nd ref="103000018036"/>
    <nd ref="103000018035"/>
    <nd ref="103000018034"/>
    <nd ref="103000018033"/>
    <nd ref="103000018032"/>
    <nd ref="103000018031"/>
    <nd ref="103000018030"/>
    <nd ref="103000018029"/>
    <nd ref="103000018028"/>
    <nd ref="103000018027"/>
    <nd ref="103000018026"/>
    <nd ref="103000018025"/>
    <nd ref="103000018024"/>
    <nd ref="103000018023"/>
    <nd ref="103000018022"/>
    <nd ref="103000018021"/>
    <nd ref="103000018020"/>
    <nd ref="103000018019"/>
    <nd ref="103000018018"/>
    <nd ref="103000018017"/>
    <nd ref="103000018016"/>
    <nd ref="103000018015"/>
    <nd ref="103000018014"/>
    <nd ref="103000018013"/>
    <nd ref="103000018012"/>
    <nd ref="103000018011"/>
    <nd ref="103000018010"/>
    <nd ref="10300001809"/>
    <nd ref="10300001808"/>
    <nd ref="10300001807"/>
    <nd ref="10300001806"/>
    <nd ref="10300001805"/>
    <nd ref="10300001804"/>
    <nd ref="10300001803"/>
    <nd ref="10300001802"/>
    <nd ref="10300001801"/>
    <tag k="type" v="virtual"/>
  </way>
  <way id="1030000620470">
    <nd ref="10300003301"/>
    <nd ref="10300001902"/>
    <nd ref="10300001903"/>
    <nd ref="10300001904"/>
    <nd ref="10300001905"/>
    <nd ref="10300001906"/>
    <nd ref="10300001907"/>
    <nd ref="10300001908"/>
    <nd ref="1030000620467"/>
    <tag k="type" v="virtual"/>
  </way>
  <way id="1030000620471">
    <nd ref="1030000620467"/>
    <nd ref="10300001909"/>
    <nd ref="103000019010"/>
    <nd ref="103000019011"/>
    <nd ref="103000019012"/>
    <nd ref="103000019013"/>
    <nd ref="103000019014"/>
    <nd ref="103000019015"/>
    <nd ref="103000019016"/>
    <nd ref="103000019017"/>
    <nd ref="103000019018"/>
    <nd ref="103000019019"/>
    <nd ref="103000019020"/>
    <nd ref="103000019021"/>
    <nd ref="103000019022"/>
    <nd ref="103000019023"/>
    <nd ref="103000019024"/>
    <nd ref="103000019025"/>
    <nd ref="103000019026"/>
    <nd ref="103000019027"/>
    <nd ref="103000019028"/>
    <nd ref="103000019029"/>
    <nd ref="103000019030"/>
    <nd ref="103000019031"/>
    <nd ref="103000019032"/>
    <nd ref="103000019033"/>
    <nd ref="103000019034"/>
    <nd ref="103000019035"/>
    <nd ref="103000019036"/>
    <nd ref="103000019037"/>
    <nd ref="103000019038"/>
    <nd ref="103000019039"/>
    <nd ref="103000019040"/>
    <nd ref="103000019041"/>
    <nd ref="103000019042"/>
    <nd ref="103000019043"/>
    <tag k="type" v="virtual"/>
  </way>
  <way id="1030000620478">
    <nd ref="10300001801"/>
    <nd ref="10300001802"/>
    <nd ref="10300001803"/>
    <nd ref="10300001804"/>
    <nd ref="10300001805"/>
    <nd ref="10300001806"/>
    <nd ref="10300001807"/>
    <nd ref="10300001808"/>
    <nd ref="10300001809"/>
    <nd ref="103000018010"/>
    <nd ref="103000018011"/>
    <nd ref="103000018012"/>
    <nd ref="103000018013"/>
    <nd ref="103000018014"/>
    <nd ref="103000018015"/>
    <nd ref="103000018016"/>
    <nd ref="103000018017"/>
    <nd ref="103000018018"/>
    <nd ref="103000018019"/>
    <nd ref="103000018020"/>
    <nd ref="103000018021"/>
    <nd ref="103000018022"/>
    <nd ref="103000018023"/>
    <nd ref="103000018024"/>
    <nd ref="103000018025"/>
    <nd ref="103000018026"/>
    <nd ref="103000018027"/>
    <nd ref="103000018028"/>
    <nd ref="103000018029"/>
    <nd ref="103000018030"/>
    <nd ref="103000018031"/>
    <nd ref="103000018032"/>
    <nd ref="103000018033"/>
    <nd ref="103000018034"/>
    <nd ref="103000018035"/>
    <nd ref="103000018036"/>
    <nd ref="103000018037"/>
    <nd ref="103000018038"/>
    <nd ref="103000018039"/>
    <nd ref="103000018040"/>
    <nd ref="103000018041"/>
    <nd ref="103000018042"/>
    <nd ref="103000018043"/>
    <nd ref="1030000620476"/>
    <tag k="type" v="virtual"/>
  </way>
  <way id="1030000620479">
    <nd ref="1030000620476"/>
    <nd ref="103000018044"/>
    <nd ref="103000018045"/>
    <nd ref="103000018046"/>
    <nd ref="103000018047"/>
    <nd ref="103000018048"/>
    <nd ref="103000018049"/>
    <nd ref="103000018050"/>
    <nd ref="103000018051"/>
    <nd ref="103000044061"/>
    <tag k="type" v="virtual"/>
  </way>
  <way id="1030000620480">
    <nd ref="10300006401"/>
    <nd ref="10300006402"/>
    <nd ref="10300006403"/>
    <nd ref="10300006404"/>
    <nd ref="10300006405"/>
    <nd ref="10300006406"/>
    <nd ref="10300006407"/>
    <nd ref="10300006408"/>
    <nd ref="10300006409"/>
    <nd ref="103000064010"/>
    <nd ref="103000064011"/>
    <nd ref="103000064012"/>
    <nd ref="103000064013"/>
    <nd ref="103000064014"/>
    <nd ref="103000064015"/>
    <nd ref="103000064016"/>
    <nd ref="103000064017"/>
    <nd ref="103000064018"/>
    <nd ref="103000064019"/>
    <nd ref="103000064020"/>
    <nd ref="103000064021"/>
    <nd ref="103000064022"/>
    <nd ref="103000064023"/>
    <nd ref="103000064024"/>
    <nd ref="103000064025"/>
    <nd ref="103000064026"/>
    <nd ref="103000064027"/>
    <nd ref="103000064028"/>
    <nd ref="103000064029"/>
    <nd ref="103000064030"/>
    <nd ref="103000064031"/>
    <nd ref="103000064032"/>
    <nd ref="103000064033"/>
    <nd ref="103000064034"/>
    <nd ref="103000064035"/>
    <nd ref="103000064036"/>
    <nd ref="103000064037"/>
    <nd ref="103000064038"/>
    <nd ref="103000064039"/>
    <nd ref="103000064040"/>
    <nd ref="1030000620477"/>
    <tag k="type" v="virtual"/>
  </way>
  <way id="1030000620481">
    <nd ref="1030000620477"/>
    <nd ref="103000064042"/>
    <nd ref="103000064043"/>
    <nd ref="103000064044"/>
    <nd ref="103000064045"/>
    <nd ref="103000064046"/>
    <nd ref="103000064047"/>
    <nd ref="103000064048"/>
    <nd ref="103000064049"/>
    <nd ref="103000046033"/>
    <tag k="type" v="virtual"/>
  </way>
  <way id="1030000620496">
    <nd ref="103000044061"/>
    <nd ref="103000044060"/>
    <nd ref="103000044059"/>
    <nd ref="103000044058"/>
    <nd ref="103000044057"/>
    <nd ref="103000044056"/>
    <nd ref="103000044055"/>
    <nd ref="103000044054"/>
    <nd ref="103000044053"/>
    <nd ref="103000044052"/>
    <nd ref="1030000620494"/>
    <tag k="type" v="virtual"/>
  </way>
  <way id="1030000620497">
    <nd ref="1030000620494"/>
    <nd ref="103000044050"/>
    <nd ref="103000044049"/>
    <nd ref="103000044048"/>
    <nd ref="103000044047"/>
    <nd ref="103000044046"/>
    <nd ref="103000044045"/>
    <nd ref="103000044044"/>
    <nd ref="103000044043"/>
    <nd ref="103000044042"/>
    <nd ref="103000044041"/>
    <nd ref="103000044040"/>
    <nd ref="103000044039"/>
    <nd ref="103000044038"/>
    <nd ref="103000044037"/>
    <nd ref="103000044036"/>
    <nd ref="103000044035"/>
    <nd ref="103000044034"/>
    <nd ref="103000044033"/>
    <nd ref="103000044032"/>
    <nd ref="103000044031"/>
    <nd ref="103000044030"/>
    <nd ref="103000044029"/>
    <nd ref="103000044028"/>
    <nd ref="103000044027"/>
    <nd ref="103000044026"/>
    <nd ref="103000044025"/>
    <nd ref="103000044024"/>
    <nd ref="103000044023"/>
    <nd ref="103000044022"/>
    <nd ref="103000044021"/>
    <nd ref="103000044020"/>
    <nd ref="103000044019"/>
    <nd ref="103000044018"/>
    <nd ref="103000044017"/>
    <nd ref="103000044016"/>
    <nd ref="103000044015"/>
    <nd ref="103000044014"/>
    <nd ref="103000044013"/>
    <nd ref="103000044012"/>
    <nd ref="103000044011"/>
    <nd ref="103000044010"/>
    <nd ref="10300004409"/>
    <nd ref="10300004408"/>
    <nd ref="10300004407"/>
    <nd ref="10300004406"/>
    <nd ref="10300004405"/>
    <nd ref="10300004404"/>
    <nd ref="10300004403"/>
    <nd ref="10300004402"/>
    <nd ref="10300004401"/>
    <tag k="type" v="virtual"/>
  </way>
  <way id="1030000620498">
    <nd ref="10300003301"/>
    <nd ref="10300003302"/>
    <nd ref="10300003303"/>
    <nd ref="10300003304"/>
    <nd ref="10300003305"/>
    <nd ref="10300003306"/>
    <nd ref="10300003307"/>
    <nd ref="10300003308"/>
    <nd ref="10300003309"/>
    <nd ref="103000033010"/>
    <nd ref="103000033011"/>
    <nd ref="103000033012"/>
    <nd ref="1030000620495"/>
    <tag k="type" v="virtual"/>
  </way>
  <way id="1030000620499">
    <nd ref="1030000620495"/>
    <nd ref="103000033015"/>
    <nd ref="103000033016"/>
    <nd ref="103000033017"/>
    <nd ref="103000033018"/>
    <nd ref="103000033019"/>
    <nd ref="103000033020"/>
    <nd ref="103000033021"/>
    <nd ref="103000033022"/>
    <nd ref="103000033023"/>
    <nd ref="103000033024"/>
    <nd ref="103000033025"/>
    <nd ref="103000033026"/>
    <nd ref="103000033027"/>
    <nd ref="103000033028"/>
    <nd ref="103000033029"/>
    <nd ref="103000033030"/>
    <nd ref="103000033031"/>
    <nd ref="103000033032"/>
    <nd ref="103000033033"/>
    <nd ref="103000033034"/>
    <nd ref="103000033035"/>
    <nd ref="103000033036"/>
    <nd ref="103000033037"/>
    <nd ref="103000033038"/>
    <nd ref="103000033039"/>
    <nd ref="103000033040"/>
    <nd ref="103000033041"/>
    <nd ref="103000033042"/>
    <nd ref="103000033043"/>
    <nd ref="103000033044"/>
    <nd ref="103000033045"/>
    <nd ref="103000033046"/>
    <nd ref="103000033047"/>
    <nd ref="103000033048"/>
    <nd ref="103000033049"/>
    <nd ref="103000033050"/>
    <tag k="type" v="virtual"/>
  </way>
  <way id="1030000620539">
    <nd ref="1030000620476"/>
    <nd ref="1030000620531"/>
    <nd ref="1030000620532"/>
    <nd ref="1030000620533"/>
    <nd ref="1030000620534"/>
    <nd ref="1030000620494"/>
    <tag k="type" v="line_thin"/>
    <tag k="subtype" v="solid"/>
  </way>
  <way id="1030000620540">
    <nd ref="1030000620477"/>
    <nd ref="1030000620535"/>
    <nd ref="1030000620536"/>
    <nd ref="1030000620537"/>
    <nd ref="1030000620538"/>
    <nd ref="1030000620495"/>
    <tag k="type" v="line_thin"/>
    <tag k="subtype" v="solid"/>
  </way>
  <way id="1030000620544">
    <nd ref="10300006301"/>
    <nd ref="10300006302"/>
    <nd ref="10300006303"/>
    <nd ref="10300006304"/>
    <nd ref="10300006305"/>
    <nd ref="10300006306"/>
    <nd ref="10300006307"/>
    <nd ref="10300006308"/>
    <nd ref="10300006309"/>
    <nd ref="103000063010"/>
    <nd ref="103000063011"/>
    <nd ref="103000063012"/>
    <nd ref="103000063013"/>
    <nd ref="103000063014"/>
    <nd ref="103000063015"/>
    <nd ref="103000063016"/>
    <nd ref="1030000620590"/>
    <tag k="type" v="virtual"/>
  </way>
  <way id="1030000620546">
    <nd ref="10300000701"/>
    <nd ref="10300000702"/>
    <nd ref="10300000703"/>
    <nd ref="10300000704"/>
    <nd ref="10300000705"/>
    <nd ref="10300000706"/>
    <nd ref="10300000707"/>
    <nd ref="10300000708"/>
    <nd ref="10300000709"/>
    <nd ref="103000007010"/>
    <nd ref="103000007011"/>
    <nd ref="103000007012"/>
    <nd ref="103000007013"/>
    <nd ref="103000007014"/>
    <nd ref="103000007015"/>
    <nd ref="103000007016"/>
    <nd ref="103000007017"/>
    <nd ref="103000007018"/>
    <nd ref="103000007019"/>
    <nd ref="103000007020"/>
    <nd ref="103000007021"/>
    <nd ref="103000007022"/>
    <nd ref="1030000620543"/>
    <tag k="type" v="virtual"/>
  </way>
  <way id="1030000620551">
    <nd ref="1030000620590"/>
    <nd ref="103000063018"/>
    <nd ref="103000063019"/>
    <nd ref="103000063020"/>
    <nd ref="103000063021"/>
    <nd ref="103000063022"/>
    <nd ref="103000063023"/>
    <nd ref="103000063024"/>
    <nd ref="103000063025"/>
    <nd ref="103000063026"/>
    <nd ref="103000063027"/>
    <nd ref="103000063028"/>
    <nd ref="103000063029"/>
    <nd ref="103000063030"/>
    <nd ref="103000063031"/>
    <nd ref="103000063032"/>
    <nd ref="103000063033"/>
    <nd ref="103000063034"/>
    <nd ref="1030000620549"/>
    <tag k="type" v="virtual"/>
  </way>
  <way id="1030000620552">
    <nd ref="1030000620549"/>
    <nd ref="103000063035"/>
    <nd ref="103000063036"/>
    <nd ref="103000063037"/>
    <nd ref="103000063038"/>
    <nd ref="103000063039"/>
    <nd ref="103000063040"/>
    <nd ref="10300000301"/>
    <tag k="type" v="virtual"/>
  </way>
  <way id="1030000620553">
    <nd ref="1030000620543"/>
    <nd ref="103000007023"/>
    <nd ref="103000007024"/>
    <nd ref="103000007025"/>
    <nd ref="103000007026"/>
    <nd ref="103000007027"/>
    <nd ref="103000007028"/>
    <nd ref="103000007029"/>
    <nd ref="103000007030"/>
    <nd ref="103000007031"/>
    <nd ref="103000007032"/>
    <nd ref="103000007033"/>
    <nd ref="1030000620550"/>
    <tag k="type" v="virtual"/>
  </way>
  <way id="1030000620554">
    <nd ref="1030000620550"/>
    <nd ref="103000007034"/>
    <nd ref="103000007035"/>
    <nd ref="103000007036"/>
    <nd ref="103000007037"/>
    <nd ref="103000007038"/>
    <nd ref="103000007039"/>
    <nd ref="103000007040"/>
    <nd ref="103000007041"/>
    <nd ref="103000007042"/>
    <nd ref="103000007043"/>
    <nd ref="103000007044"/>
    <nd ref="103000007045"/>
    <nd ref="103000007046"/>
    <nd ref="103000007047"/>
    <nd ref="103000007048"/>
    <nd ref="10300000601"/>
    <tag k="type" v="virtual"/>
  </way>
  <way id="1030000620591">
    <nd ref="1030000620590"/>
    <nd ref="103000063018"/>
    <nd ref="109000059019"/>
    <nd ref="109000059020"/>
    <nd ref="109000059021"/>
    <nd ref="109000059022"/>
    <nd ref="109000059023"/>
    <nd ref="109000059024"/>
    <nd ref="109000059025"/>
    <nd ref="109000059026"/>
    <nd ref="109000059027"/>
    <nd ref="109000059028"/>
    <nd ref="109000059029"/>
    <nd ref="109000059030"/>
    <nd ref="109000059031"/>
    <nd ref="109000059032"/>
    <nd ref="103000055037"/>
    <nd ref="1030000620626"/>
    <tag k="type" v="curbstone"/>
    <tag k="subtype" v="high"/>
    <tag k="lane_change" v="yes"/>
  </way>
  <way id="1030000620616">
    <nd ref="1030000620619"/>
    <nd ref="1030000620931"/>
    <nd ref="109000060029"/>
    <nd ref="109000060030"/>
    <nd ref="109000060031"/>
    <nd ref="109000060032"/>
    <nd ref="109000060033"/>
    <nd ref="109000060034"/>
    <nd ref="109000060035"/>
    <nd ref="109000060036"/>
    <nd ref="1030000620615"/>
    <nd ref="109000060037"/>
    <nd ref="109000060038"/>
    <nd ref="109000060039"/>
    <nd ref="109000060040"/>
    <nd ref="109000060041"/>
    <nd ref="109000060042"/>
    <nd ref="103000063033"/>
    <nd ref="103000063034"/>
    <nd ref="1030000620549"/>
    <tag k="type" v="curbstone"/>
    <tag k="subtype" v="high"/>
  </way>
  <way id="1030000620621">
    <nd ref="103000003011"/>
    <nd ref="10300005502"/>
    <nd ref="10300005503"/>
    <nd ref="10300005504"/>
    <nd ref="10300005505"/>
    <nd ref="10300005506"/>
    <nd ref="10300005507"/>
    <nd ref="10300005508"/>
    <nd ref="10300005509"/>
    <nd ref="103000055010"/>
    <nd ref="103000055011"/>
    <nd ref="103000055012"/>
    <nd ref="103000055013"/>
    <nd ref="103000055014"/>
    <nd ref="103000055015"/>
    <nd ref="103000055016"/>
    <nd ref="103000055017"/>
    <nd ref="103000055018"/>
    <nd ref="103000055019"/>
    <nd ref="103000055020"/>
    <nd ref="103000055021"/>
    <nd ref="103000055022"/>
    <nd ref="103000055023"/>
    <nd ref="103000055024"/>
    <nd ref="1030000620619"/>
    <tag k="type" v="virtual"/>
  </way>
  <way id="1030000620623">
    <nd ref="103000005015"/>
    <nd ref="10300005402"/>
    <nd ref="10300005403"/>
    <nd ref="10300005404"/>
    <nd ref="10300005405"/>
    <nd ref="10300005406"/>
    <nd ref="10300005407"/>
    <nd ref="10300005408"/>
    <nd ref="10300005409"/>
    <nd ref="103000054010"/>
    <nd ref="103000054011"/>
    <nd ref="103000054012"/>
    <nd ref="103000054013"/>
    <nd ref="103000054014"/>
    <nd ref="103000054015"/>
    <nd ref="103000054016"/>
    <nd ref="103000054017"/>
    <nd ref="103000054018"/>
    <nd ref="103000054019"/>
    <nd ref="103000054020"/>
    <nd ref="103000054021"/>
    <nd ref="103000054022"/>
    <nd ref="103000054023"/>
    <nd ref="103000054024"/>
    <nd ref="103000054025"/>
    <nd ref="103000054026"/>
    <nd ref="103000054027"/>
    <nd ref="103000054028"/>
    <nd ref="103000054029"/>
    <nd ref="103000054030"/>
    <nd ref="103000054031"/>
    <nd ref="103000054032"/>
    <nd ref="103000054033"/>
    <nd ref="103000054034"/>
    <nd ref="103000054035"/>
    <nd ref="103000054037"/>
    <tag k="type" v="virtual"/>
  </way>
  <way id="1030000620628">
    <nd ref="1030000620619"/>
    <nd ref="103000055025"/>
    <nd ref="103000055026"/>
    <nd ref="103000055027"/>
    <nd ref="103000055028"/>
    <nd ref="103000055029"/>
    <nd ref="103000055030"/>
    <nd ref="103000055031"/>
    <nd ref="103000055032"/>
    <nd ref="103000055033"/>
    <nd ref="103000055034"/>
    <nd ref="103000055035"/>
    <nd ref="103000055036"/>
    <nd ref="103000055037"/>
    <nd ref="1030000620626"/>
    <tag k="type" v="virtual"/>
  </way>
  <way id="1030000620629">
    <nd ref="1030000620626"/>
    <nd ref="103000055040"/>
    <nd ref="103000055041"/>
    <nd ref="103000055042"/>
    <nd ref="103000055043"/>
    <nd ref="103000055044"/>
    <nd ref="103000055045"/>
    <nd ref="103000055046"/>
    <nd ref="103000055047"/>
    <nd ref="103000055048"/>
    <nd ref="103000055049"/>
    <nd ref="103000055050"/>
    <nd ref="103000055051"/>
    <nd ref="103000055052"/>
    <nd ref="103000055053"/>
    <nd ref="103000055054"/>
    <nd ref="103000055055"/>
    <nd ref="103000055056"/>
    <nd ref="103000055057"/>
    <nd ref="10300005901"/>
    <tag k="type" v="virtual"/>
  </way>
  <way id="1030000620630">
    <nd ref="103000054037"/>
    <nd ref="103000054038"/>
    <nd ref="103000054039"/>
    <nd ref="103000054040"/>
    <nd ref="103000054041"/>
    <nd ref="103000054042"/>
    <nd ref="103000054043"/>
    <nd ref="103000054044"/>
    <nd ref="103000054045"/>
    <nd ref="103000054046"/>
    <nd ref="103000054047"/>
    <nd ref="1030000620627"/>
    <tag k="type" v="virtual"/>
  </way>
  <way id="1030000620631">
    <nd ref="1030000620627"/>
    <nd ref="103000054048"/>
    <nd ref="103000054049"/>
    <nd ref="103000054050"/>
    <nd ref="103000054051"/>
    <nd ref="103000054052"/>
    <nd ref="103000054053"/>
    <nd ref="103000054054"/>
    <nd ref="103000054055"/>
    <nd ref="103000054056"/>
    <nd ref="103000054057"/>
    <nd ref="103000054058"/>
    <nd ref="103000054059"/>
    <nd ref="103000054060"/>
    <nd ref="103000054061"/>
    <nd ref="103000054062"/>
    <nd ref="103000054063"/>
    <nd ref="103000054064"/>
    <nd ref="103000054065"/>
    <nd ref="103000054066"/>
    <nd ref="103000054067"/>
    <nd ref="103000054068"/>
    <nd ref="103000054069"/>
    <nd ref="103000054070"/>
    <nd ref="103000054071"/>
    <nd ref="103000054072"/>
    <nd ref="103000054073"/>
    <nd ref="10300005601"/>
    <tag k="type" v="virtual"/>
  </way>
  <way id="1030000620731">
    <nd ref="10300004401"/>
    <nd ref="1030000620727"/>
    <nd ref="1030000620728"/>
    <nd ref="1030000620750"/>
    <nd ref="1030000620751"/>
    <nd ref="1030000620752"/>
    <nd ref="1030000620753"/>
    <nd ref="1030000620754"/>
    <nd ref="1030000620755"/>
    <nd ref="1030000620756"/>
    <nd ref="1030000620757"/>
    <nd ref="103000038013"/>
    <tag k="type" v="line_thin"/>
    <tag k="subtype" v="solid"/>
  </way>
  <way id="1030000620732">
    <nd ref="103000033050"/>
    <nd ref="1030000620729"/>
    <nd ref="1030000620730"/>
    <nd ref="1030000620742"/>
    <nd ref="1030000620743"/>
    <nd ref="1030000620744"/>
    <nd ref="1030000620745"/>
    <nd ref="1030000620746"/>
    <nd ref="1030000620747"/>
    <nd ref="1030000620748"/>
    <nd ref="1030000620749"/>
    <nd ref="103000069015"/>
    <tag k="type" v="line_thin"/>
    <tag k="subtype" v="solid"/>
  </way>
  <way id="1030000620762">
    <nd ref="103000038013"/>
    <nd ref="1030000620758"/>
    <nd ref="1030000620759"/>
    <nd ref="1030000620785"/>
    <nd ref="1030000620786"/>
    <nd ref="1030000620787"/>
    <nd ref="1030000620788"/>
    <nd ref="1030000620789"/>
    <nd ref="1030000620790"/>
    <nd ref="1030000620791"/>
    <nd ref="1030000620792"/>
    <nd ref="10300004401"/>
    <tag k="type" v="line_thin"/>
    <tag k="subtype" v="solid"/>
  </way>
  <way id="1030000620763">
    <nd ref="10300003701"/>
    <nd ref="1030000620760"/>
    <nd ref="1030000620761"/>
    <nd ref="1030000620765"/>
    <nd ref="1030000620766"/>
    <nd ref="1030000620767"/>
    <nd ref="1030000620768"/>
    <nd ref="1030000620769"/>
    <nd ref="1030000620770"/>
    <nd ref="1030000620771"/>
    <nd ref="1030000620772"/>
    <nd ref="1030000620773"/>
    <nd ref="1030000620774"/>
    <nd ref="1030000620775"/>
    <nd ref="1030000620776"/>
    <nd ref="10300004601"/>
    <tag k="type" v="line_thin"/>
    <tag k="subtype" v="solid"/>
  </way>
  <way id="1030000620799">
    <nd ref="10300004201"/>
    <nd ref="10300004202"/>
    <nd ref="10300004203"/>
    <nd ref="10300004204"/>
    <nd ref="10300004205"/>
    <nd ref="10300004206"/>
    <nd ref="10300004207"/>
    <nd ref="10300004208"/>
    <nd ref="10300004209"/>
    <nd ref="103000042010"/>
    <nd ref="103000042011"/>
    <nd ref="103000042012"/>
    <nd ref="103000042013"/>
    <nd ref="103000042014"/>
    <nd ref="10300003202"/>
    <nd ref="10300003203"/>
    <nd ref="10300003204"/>
    <nd ref="10300003205"/>
    <nd ref="10300002302"/>
    <nd ref="10300002303"/>
    <nd ref="10300002304"/>
    <nd ref="10300002305"/>
    <nd ref="10300002306"/>
    <nd ref="10300002307"/>
    <nd ref="10300002308"/>
    <nd ref="10300002309"/>
    <nd ref="103000023010"/>
    <nd ref="103000023011"/>
    <nd ref="103000023012"/>
    <nd ref="10300002401"/>
    <nd ref="10300002402"/>
    <nd ref="10300002403"/>
    <nd ref="10300002404"/>
    <nd ref="10300002405"/>
    <nd ref="10300002406"/>
    <nd ref="10300002407"/>
    <nd ref="10300002408"/>
    <nd ref="10300002409"/>
    <nd ref="103000024010"/>
    <nd ref="103000024011"/>
    <nd ref="103000024012"/>
    <nd ref="103000024013"/>
    <nd ref="10300003205"/>
    <tag k="type" v="line_thin"/>
    <tag k="subtype" v="solid"/>
  </way>
  <way id="1030000620800">
    <nd ref="10300007307"/>
    <nd ref="10300007402"/>
    <nd ref="10300007403"/>
    <nd ref="10300007404"/>
    <nd ref="10300007405"/>
    <nd ref="10300007406"/>
    <nd ref="10300007407"/>
    <nd ref="10300007408"/>
    <nd ref="10300007409"/>
    <nd ref="103000074010"/>
    <nd ref="103000074011"/>
    <nd ref="103000074012"/>
    <nd ref="103000074013"/>
    <nd ref="103000074014"/>
    <nd ref="103000074015"/>
    <nd ref="10300002502"/>
    <nd ref="10300002503"/>
    <nd ref="10300002504"/>
    <nd ref="10300002505"/>
    <nd ref="10300002506"/>
    <nd ref="10300002507"/>
    <nd ref="10300002002"/>
    <nd ref="10300002003"/>
    <nd ref="10300002004"/>
    <nd ref="10300002005"/>
    <nd ref="10300002006"/>
    <nd ref="10300002007"/>
    <nd ref="10300002008"/>
    <nd ref="10300002009"/>
    <nd ref="103000020010"/>
    <nd ref="103000020011"/>
    <nd ref="103000020012"/>
    <nd ref="103000020013"/>
    <nd ref="103000020014"/>
    <nd ref="103000020015"/>
    <nd ref="103000020016"/>
    <nd ref="103000020017"/>
    <nd ref="103000020018"/>
    <nd ref="103000020019"/>
    <nd ref="103000020020"/>
    <nd ref="103000020021"/>
    <nd ref="103000020022"/>
    <nd ref="103000020023"/>
    <nd ref="103000020024"/>
    <nd ref="103000020025"/>
    <nd ref="10300002202"/>
    <nd ref="10300002203"/>
    <nd ref="10300002204"/>
    <nd ref="10300002205"/>
    <nd ref="10300002206"/>
    <nd ref="10300002207"/>
    <nd ref="10300002208"/>
    <nd ref="10300002209"/>
    <nd ref="103000022010"/>
    <nd ref="103000022011"/>
    <nd ref="103000022012"/>
    <nd ref="103000022013"/>
    <nd ref="103000022014"/>
    <nd ref="103000022015"/>
    <nd ref="10300002601"/>
    <tag k="type" v="line_thin"/>
    <tag k="subtype" v="solid"/>
  </way>
  <way id="1030000620812">
    <nd ref="10300003205"/>
    <nd ref="10300003204"/>
    <nd ref="10300003203"/>
    <nd ref="10300003202"/>
    <nd ref="103000042014"/>
    <nd ref="10300007202"/>
    <nd ref="10300007203"/>
    <nd ref="10300007204"/>
    <nd ref="10300007205"/>
    <nd ref="10300007206"/>
    <nd ref="10300007207"/>
    <nd ref="10300007208"/>
    <nd ref="10300007209"/>
    <nd ref="103000072010"/>
    <nd ref="103000072011"/>
    <nd ref="103000072012"/>
    <nd ref="103000072013"/>
    <nd ref="103000072014"/>
    <nd ref="103000072015"/>
    <nd ref="10300003602"/>
    <nd ref="10300003603"/>
    <nd ref="10300003604"/>
    <nd ref="10300003605"/>
    <nd ref="10300003606"/>
    <nd ref="10300003607"/>
    <nd ref="10300003608"/>
    <nd ref="10300003609"/>
    <nd ref="103000036010"/>
    <nd ref="103000036011"/>
    <nd ref="103000036012"/>
    <nd ref="103000036013"/>
    <nd ref="103000036014"/>
    <nd ref="103000036015"/>
    <nd ref="103000036016"/>
    <nd ref="103000036017"/>
    <nd ref="103000036018"/>
    <nd ref="103000036019"/>
    <nd ref="1030000620805"/>
    <tag k="type" v="line_thin"/>
    <tag k="subtype" v="solid"/>
  </way>
  <way id="1030000620813">
    <nd ref="10300002601"/>
    <nd ref="10300002602"/>
    <nd ref="10300002603"/>
    <nd ref="10300002702"/>
    <nd ref="10300002703"/>
    <nd ref="10300002704"/>
    <nd ref="10300002705"/>
    <nd ref="10300002706"/>
    <nd ref="10300006702"/>
    <nd ref="10300006703"/>
    <nd ref="10300006704"/>
    <nd ref="10300006705"/>
    <nd ref="10300006706"/>
    <nd ref="10300006707"/>
    <nd ref="10300006708"/>
    <nd ref="10300006709"/>
    <nd ref="103000067010"/>
    <nd ref="103000067011"/>
    <nd ref="103000067012"/>
    <nd ref="103000067013"/>
    <nd ref="103000067014"/>
    <nd ref="103000067015"/>
    <nd ref="103000067016"/>
    <nd ref="103000067017"/>
    <nd ref="103000067018"/>
    <nd ref="103000067019"/>
    <nd ref="103000067020"/>
    <nd ref="103000067021"/>
    <nd ref="1030000620806"/>
    <tag k="type" v="line_thin"/>
    <tag k="subtype" v="solid"/>
  </way>
  <way id="1030000620816">
    <nd ref="1030000620805"/>
    <nd ref="103000036020"/>
    <nd ref="103000036021"/>
    <nd ref="103000036022"/>
    <nd ref="103000034012"/>
    <nd ref="10300006602"/>
    <nd ref="10300006603"/>
    <nd ref="10300006604"/>
    <nd ref="10300006605"/>
    <nd ref="10300006606"/>
    <nd ref="10300006607"/>
    <nd ref="10300006608"/>
    <nd ref="10300006609"/>
    <nd ref="103000066010"/>
    <nd ref="103000066011"/>
    <nd ref="103000066012"/>
    <nd ref="10300003401"/>
    <nd ref="10300003402"/>
    <nd ref="10300003403"/>
    <nd ref="10300003404"/>
    <nd ref="10300003405"/>
    <nd ref="10300003406"/>
    <nd ref="10300003407"/>
    <nd ref="10300003408"/>
    <nd ref="10300003409"/>
    <nd ref="103000034010"/>
    <nd ref="103000034011"/>
    <nd ref="103000034012"/>
    <tag k="type" v="line_thin"/>
    <tag k="subtype" v="solid"/>
  </way>
  <way id="1030000620817">
    <nd ref="1030000620806"/>
    <nd ref="103000067022"/>
    <nd ref="103000067023"/>
    <nd ref="103000067024"/>
    <nd ref="103000067025"/>
    <nd ref="103000067026"/>
    <nd ref="10300006501"/>
    <nd ref="10300006502"/>
    <nd ref="10300006503"/>
    <nd ref="10300006504"/>
    <nd ref="10300006505"/>
    <nd ref="10300006506"/>
    <nd ref="10300006507"/>
    <nd ref="10300006508"/>
    <nd ref="10300006509"/>
    <nd ref="103000065010"/>
    <nd ref="103000065011"/>
    <nd ref="103000065012"/>
    <nd ref="103000065013"/>
    <nd ref="103000065014"/>
    <nd ref="103000065015"/>
    <nd ref="10300002801"/>
    <nd ref="10300002802"/>
    <nd ref="10300002803"/>
    <nd ref="10300002804"/>
    <nd ref="10300002805"/>
    <nd ref="10300002806"/>
    <nd ref="10300002807"/>
    <nd ref="10300002808"/>
    <nd ref="10300002809"/>
    <nd ref="103000028010"/>
    <nd ref="103000028011"/>
    <tag k="type" v="line_thin"/>
    <tag k="subtype" v="solid"/>
  </way>
  <way id="1030000620822">
    <nd ref="103000034012"/>
    <nd ref="103000036022"/>
    <nd ref="103000036021"/>
    <nd ref="103000036020"/>
    <nd ref="103000036019"/>
    <nd ref="103000036018"/>
    <nd ref="103000036017"/>
    <nd ref="103000036016"/>
    <nd ref="103000036015"/>
    <nd ref="103000036014"/>
    <nd ref="103000036013"/>
    <nd ref="103000036012"/>
    <nd ref="103000036011"/>
    <nd ref="103000036010"/>
    <nd ref="10300003609"/>
    <nd ref="10300003608"/>
    <nd ref="10300003607"/>
    <nd ref="10300003606"/>
    <nd ref="10300003605"/>
    <nd ref="10300003604"/>
    <nd ref="10300003603"/>
    <nd ref="10300003602"/>
    <nd ref="103000072015"/>
    <nd ref="10300002102"/>
    <nd ref="10300002103"/>
    <nd ref="10300002104"/>
    <nd ref="10300002105"/>
    <nd ref="10300002106"/>
    <nd ref="10300002107"/>
    <nd ref="10300002108"/>
    <nd ref="10300002109"/>
    <nd ref="103000021010"/>
    <nd ref="103000021011"/>
    <nd ref="103000021012"/>
    <nd ref="103000021013"/>
    <nd ref="103000021014"/>
    <nd ref="10300004201"/>
    <nd ref="10300004106"/>
    <nd ref="10300004105"/>
    <nd ref="10300004104"/>
    <nd ref="10300004103"/>
    <nd ref="10300004102"/>
    <nd ref="10300001401"/>
    <nd ref="10300001402"/>
    <nd ref="10300001403"/>
    <nd ref="10300001404"/>
    <nd ref="10300001405"/>
    <nd ref="10300001406"/>
    <nd ref="10300001407"/>
    <nd ref="10300001408"/>
    <nd ref="10300001409"/>
    <nd ref="103000014010"/>
    <nd ref="103000014011"/>
    <nd ref="103000014012"/>
    <nd ref="103000014013"/>
    <tag k="type" v="line_thin"/>
    <tag k="subtype" v="solid"/>
  </way>
  <way id="1030000620823">
    <nd ref="103000028011"/>
    <nd ref="10300003002"/>
    <nd ref="10300003003"/>
    <nd ref="10300003004"/>
    <nd ref="10300003005"/>
    <nd ref="10300003006"/>
    <nd ref="10300003007"/>
    <nd ref="10300003008"/>
    <nd ref="10300003009"/>
    <nd ref="103000030010"/>
    <nd ref="103000030011"/>
    <nd ref="103000030012"/>
    <nd ref="103000030013"/>
    <nd ref="103000030014"/>
    <nd ref="103000030015"/>
    <nd ref="103000030016"/>
    <nd ref="103000030017"/>
    <nd ref="103000030018"/>
    <nd ref="103000030019"/>
    <nd ref="103000030020"/>
    <nd ref="103000030021"/>
    <nd ref="103000030022"/>
    <nd ref="103000030023"/>
    <nd ref="103000030024"/>
    <nd ref="103000030025"/>
    <nd ref="103000030026"/>
    <nd ref="10300003102"/>
    <nd ref="10300003103"/>
    <nd ref="10300003104"/>
    <nd ref="10300003105"/>
    <nd ref="10300003106"/>
    <nd ref="10300003107"/>
    <nd ref="10300003108"/>
    <nd ref="10300003109"/>
    <nd ref="103000031010"/>
    <nd ref="103000031011"/>
    <nd ref="103000031012"/>
    <nd ref="103000031013"/>
    <nd ref="10300007101"/>
    <nd ref="10300007102"/>
    <nd ref="10300007103"/>
    <nd ref="10300007104"/>
    <nd ref="10300004901"/>
    <nd ref="10300004902"/>
    <nd ref="10300004903"/>
    <nd ref="10300004904"/>
    <nd ref="10300004905"/>
    <nd ref="10300004906"/>
    <nd ref="10300004907"/>
    <nd ref="10300004908"/>
    <nd ref="10300004909"/>
    <nd ref="103000049010"/>
    <nd ref="103000049011"/>
    <nd ref="103000049012"/>
    <nd ref="103000049013"/>
    <nd ref="103000049014"/>
    <nd ref="103000049015"/>
    <tag k="type" v="line_thin"/>
    <tag k="subtype" v="solid"/>
  </way>
  <way id="1030000620824">
    <nd ref="103000014013"/>
    <nd ref="10300001202"/>
    <nd ref="10300001203"/>
    <nd ref="10300001204"/>
    <nd ref="10300001205"/>
    <nd ref="10300001206"/>
    <nd ref="10300001207"/>
    <nd ref="10300001208"/>
    <nd ref="10300001209"/>
    <nd ref="103000012010"/>
    <nd ref="103000012011"/>
    <nd ref="103000012012"/>
    <nd ref="103000012013"/>
    <nd ref="103000012014"/>
    <nd ref="103000012015"/>
    <nd ref="103000012016"/>
    <nd ref="103000012017"/>
    <nd ref="103000012018"/>
    <nd ref="103000012019"/>
    <nd ref="103000012020"/>
    <nd ref="103000012021"/>
    <nd ref="103000012022"/>
    <nd ref="103000012023"/>
    <nd ref="103000012024"/>
    <nd ref="103000012025"/>
    <nd ref="103000012026"/>
    <nd ref="103000012027"/>
    <nd ref="103000012028"/>
    <nd ref="103000048010"/>
    <nd ref="10300004809"/>
    <nd ref="10300004808"/>
    <nd ref="10300004807"/>
    <nd ref="10300004806"/>
    <nd ref="10300004805"/>
    <nd ref="10300004804"/>
    <nd ref="10300004803"/>
    <nd ref="10300004802"/>
    <nd ref="103000038013"/>
    <tag k="type" v="line_thin"/>
    <tag k="subtype" v="solid"/>
  </way>
  <way id="1030000620825">
    <nd ref="103000049015"/>
    <nd ref="10300001702"/>
    <nd ref="10300001703"/>
    <nd ref="10300001704"/>
    <nd ref="10300001705"/>
    <nd ref="10300001706"/>
    <nd ref="10300001707"/>
    <nd ref="10300001708"/>
    <nd ref="10300001709"/>
    <nd ref="103000017010"/>
    <nd ref="103000017011"/>
    <nd ref="103000017012"/>
    <nd ref="103000017013"/>
    <nd ref="103000017014"/>
    <nd ref="103000017015"/>
    <nd ref="103000017016"/>
    <nd ref="103000017017"/>
    <nd ref="103000017018"/>
    <nd ref="103000017019"/>
    <nd ref="103000017020"/>
    <nd ref="103000017021"/>
    <nd ref="103000017022"/>
    <nd ref="103000017023"/>
    <nd ref="103000017024"/>
    <nd ref="103000017025"/>
    <nd ref="103000017026"/>
    <nd ref="103000017027"/>
    <nd ref="103000017028"/>
    <nd ref="10300006801"/>
    <nd ref="10300006802"/>
    <nd ref="10300006803"/>
    <nd ref="10300006804"/>
    <nd ref="10300006805"/>
    <nd ref="10300006806"/>
    <nd ref="10300006807"/>
    <nd ref="10300006808"/>
    <nd ref="10300006809"/>
    <nd ref="103000068010"/>
    <nd ref="10300003701"/>
    <tag k="type" v="line_thin"/>
    <tag k="subtype" v="solid"/>
  </way>
  <way id="1030000620827">
    <nd ref="103000063035"/>
    <nd ref="103000063036"/>
    <nd ref="103000063037"/>
    <nd ref="103000063038"/>
    <nd ref="103000063039"/>
    <nd ref="103000063040"/>
    <nd ref="10300000301"/>
    <tag k="type" v="curbstone"/>
    <tag k="subtype" v="high"/>
  </way>
  <way id="1030000620831">
    <nd ref="1030000620543"/>
    <nd ref="1030000620832"/>
    <nd ref="1030000620833"/>
    <nd ref="1030000620834"/>
    <nd ref="1030000620835"/>
    <nd ref="1030000620836"/>
    <nd ref="1030000620837"/>
    <nd ref="1030000620838"/>
    <nd ref="1030000620839"/>
    <nd ref="109000060037"/>
    <nd ref="1030000620860"/>
    <nd ref="1030000620859"/>
    <nd ref="1030000620858"/>
    <nd ref="1030000620857"/>
    <nd ref="1030000620856"/>
    <nd ref="1030000620855"/>
    <nd ref="1030000620854"/>
    <nd ref="1030000620853"/>
    <nd ref="1030000620852"/>
    <nd ref="1030000620851"/>
    <nd ref="1030000620627"/>
    <tag k="type" v="line_thin"/>
    <tag k="subtype" v="solid"/>
  </way>
  <way id="1030000620903">
    <nd ref="103000055040"/>
    <nd ref="103000055041"/>
    <nd ref="103000055042"/>
    <nd ref="103000055043"/>
    <nd ref="103000055044"/>
    <nd ref="103000055045"/>
    <nd ref="103000055046"/>
    <nd ref="103000055047"/>
    <nd ref="103000055048"/>
    <nd ref="103000055049"/>
    <nd ref="103000055050"/>
    <nd ref="103000055051"/>
    <nd ref="103000055052"/>
    <nd ref="103000055053"/>
    <nd ref="103000055054"/>
    <nd ref="103000055055"/>
    <nd ref="103000055056"/>
    <nd ref="103000055057"/>
    <nd ref="10300005901"/>
    <tag k="type" v="curbstone"/>
    <tag k="subtype" v="high"/>
    <tag k="lane_change" v="yes"/>
  </way>
  <way id="1030000620905">
    <nd ref="103000054037"/>
    <nd ref="1030000620907"/>
    <nd ref="1030000620908"/>
    <nd ref="1030000620909"/>
    <nd ref="1030000620910"/>
    <nd ref="1030000620911"/>
    <nd ref="1030000620912"/>
    <nd ref="1030000620913"/>
    <nd ref="1030000620914"/>
    <nd ref="1030000620915"/>
    <nd ref="1030000620916"/>
    <nd ref="109000059028"/>
    <nd ref="1030000620917"/>
    <nd ref="1030000620918"/>
    <nd ref="1030000620919"/>
    <nd ref="1030000620920"/>
    <nd ref="1030000620921"/>
    <nd ref="1030000620922"/>
    <nd ref="1030000620923"/>
    <nd ref="1030000620924"/>
    <nd ref="1030000620925"/>
    <nd ref="1030000620926"/>
    <nd ref="1030000620550"/>
    <tag k="type" v="line_thin"/>
    <tag k="subtype" v="solid"/>
  </way>
  <relation id="305000003">
    <member type="way" role="left" ref="203000003"/>
    <member type="way" role="right" ref="203000005"/>
    <tag k="type" v="lanelet"/>
    <tag k="subtype" v="road"/>
    <tag k="speed_limit" v="30"/>
    <tag k="location" v="urban"/>
    <tag k="one_way" v="yes"/>
    <tag k="turn_direction" v="straight"/>
    <tag k="participant:vehicle" v="yes"/>
  </relation>
  <relation id="305000002">
    <member type="way" role="left" ref="203000002"/>
    <member type="way" role="right" ref="203000006"/>
    <tag k="type" v="lanelet"/>
    <tag k="subtype" v="road"/>
    <tag k="speed_limit" v="30"/>
    <tag k="location" v="urban"/>
    <tag k="one_way" v="yes"/>
    <tag k="turn_direction" v="right"/>
    <tag k="participant:vehicle" v="yes"/>
  </relation>
  <relation id="305000061">
    <member type="way" role="left" ref="20300005000"/>
    <member type="way" role="right" ref="203000061"/>
    <tag k="type" v="lanelet"/>
    <tag k="subtype" v="road"/>
    <tag k="speed_limit" v="30"/>
    <tag k="location" v="urban"/>
    <tag k="one_way" v="yes"/>
    <tag k="participant:vehicle" v="yes"/>
  </relation>
  <relation id="305000050">
    <member type="way" role="left" ref="203000050"/>
    <member type="way" role="right" ref="203000062"/>
    <tag k="type" v="lanelet"/>
    <tag k="subtype" v="road"/>
    <tag k="speed_limit" v="30"/>
    <tag k="location" v="urban"/>
    <tag k="one_way" v="yes"/>
    <tag k="participant:vehicle" v="yes"/>
  </relation>
  <relation id="305000026">
    <member type="way" role="left" ref="1030000620812"/>
    <member type="way" role="right" ref="1030000620813"/>
    <tag k="type" v="lanelet"/>
    <tag k="subtype" v="road"/>
    <tag k="speed_limit" v="30"/>
    <tag k="location" v="urban"/>
    <tag k="one_way" v="yes"/>
    <tag k="participant:vehicle" v="yes"/>
  </relation>
  <relation id="305000052">
    <member type="way" role="left" ref="203000052"/>
    <member type="way" role="right" ref="203000051"/>
    <tag k="type" v="lanelet"/>
    <tag k="subtype" v="road"/>
    <tag k="speed_limit" v="30"/>
    <tag k="location" v="urban"/>
    <tag k="one_way" v="yes"/>
    <tag k="participant:vehicle" v="yes"/>
  </relation>
  <relation id="305000060">
    <member type="way" role="left" ref="203000060"/>
    <member type="way" role="right" ref="203000053"/>
    <tag k="type" v="lanelet"/>
    <tag k="subtype" v="road"/>
    <tag k="speed_limit" v="30"/>
    <tag k="location" v="urban"/>
    <tag k="one_way" v="yes"/>
    <tag k="participant:vehicle" v="yes"/>
  </relation>
  <relation id="305000019">
    <member type="way" role="left" ref="1030000620468"/>
    <member type="way" role="right" ref="1030000620470"/>
    <tag k="type" v="lanelet"/>
    <tag k="subtype" v="road"/>
    <tag k="speed_limit" v="30"/>
    <tag k="location" v="urban"/>
    <tag k="one_way" v="yes"/>
    <tag k="turn_direction" v="right"/>
    <tag k="participant:vehicle" v="yes"/>
  </relation>
  <relation id="305000018">
    <member type="way" role="left" ref="1030000620478"/>
    <member type="way" role="right" ref="1030000620480"/>
    <tag k="type" v="lanelet"/>
    <tag k="subtype" v="road"/>
    <tag k="speed_limit" v="30"/>
    <tag k="location" v="urban"/>
    <tag k="one_way" v="yes"/>
    <tag k="participant:vehicle" v="yes"/>
  </relation>
  <relation id="305000033">
    <member type="way" role="left" ref="1030000620496"/>
    <member type="way" role="right" ref="1030000620498"/>
    <tag k="type" v="lanelet"/>
    <tag k="subtype" v="road"/>
    <tag k="speed_limit" v="30"/>
    <tag k="location" v="urban"/>
    <tag k="one_way" v="yes"/>
    <tag k="turn_direction" v="left"/>
    <tag k="participant:vehicle" v="yes"/>
  </relation>
  <relation id="305000044">
    <member type="way" role="left" ref="1030000620416"/>
    <member type="way" role="right" ref="1030000620418"/>
    <tag k="type" v="lanelet"/>
    <tag k="subtype" v="road"/>
    <tag k="speed_limit" v="30"/>
    <tag k="location" v="urban"/>
    <tag k="one_way" v="yes"/>
    <tag k="participant:vehicle" v="yes"/>
  </relation>
  <relation id="305000012">
    <member type="way" role="left" ref="1030000620824"/>
    <member type="way" role="right" ref="1030000620825"/>
    <tag k="type" v="lanelet"/>
    <tag k="subtype" v="road"/>
    <tag k="speed_limit" v="20"/>
    <tag k="location" v="urban"/>
    <tag k="one_way" v="yes"/>
    <tag k="participant:vehicle" v="yes"/>
  </relation>
  <relation id="305000048">
    <member type="way" role="left" ref="203000048"/>
    <member type="way" role="right" ref="203000070"/>
    <tag k="type" v="lanelet"/>
    <tag k="subtype" v="road"/>
    <tag k="speed_limit" v="30"/>
    <tag k="location" v="urban"/>
    <tag k="one_way" v="yes"/>
    <tag k="participant:vehicle" v="yes"/>
  </relation>
  <relation id="305000009">
    <member type="way" role="left" ref="203000009"/>
    <member type="way" role="right" ref="203000010"/>
    <tag k="type" v="lanelet"/>
    <tag k="subtype" v="road"/>
    <tag k="speed_limit" v="30"/>
    <tag k="location" v="urban"/>
    <tag k="one_way" v="yes"/>
    <tag k="participant:vehicle" v="yes"/>
  </relation>
  <relation id="305000013">
    <member type="way" role="left" ref="203000013"/>
    <member type="way" role="right" ref="203000008"/>
    <tag k="type" v="lanelet"/>
    <tag k="subtype" v="road"/>
    <tag k="speed_limit" v="15"/>
    <tag k="location" v="urban"/>
    <tag k="one_way" v="yes"/>
    <tag k="turn_direction" v="straight"/>
    <tag k="participant:vehicle" v="yes"/>
  </relation>
  <relation id="305000029">
    <member type="way" role="left" ref="20300003500"/>
    <member type="way" role="right" ref="203000029"/>
    <tag k="type" v="lanelet"/>
    <tag k="subtype" v="road"/>
    <tag k="speed_limit" v="30"/>
    <tag k="location" v="urban"/>
    <tag k="one_way" v="yes"/>
    <tag k="participant:vehicle" v="yes"/>
  </relation>
  <relation id="305000035">
    <member type="way" role="left" ref="203000035"/>
    <member type="way" role="right" ref="203000045"/>
    <tag k="type" v="lanelet"/>
    <tag k="subtype" v="road"/>
    <tag k="speed_limit" v="30"/>
    <tag k="location" v="urban"/>
    <tag k="one_way" v="yes"/>
    <tag k="participant:vehicle" v="yes"/>
  </relation>
  <relation id="305000030">
    <member type="way" role="left" ref="1030000620822"/>
    <member type="way" role="right" ref="1030000620823"/>
    <tag k="type" v="lanelet"/>
    <tag k="subtype" v="road"/>
    <tag k="speed_limit" v="20"/>
    <tag k="location" v="urban"/>
    <tag k="one_way" v="yes"/>
    <tag k="participant:vehicle" v="yes"/>
  </relation>
  <relation id="305000047">
    <member type="way" role="left" ref="20300003900"/>
    <member type="way" role="right" ref="203000047"/>
    <tag k="type" v="lanelet"/>
    <tag k="subtype" v="road"/>
    <tag k="speed_limit" v="15"/>
    <tag k="location" v="urban"/>
    <tag k="one_way" v="yes"/>
    <tag k="turn_direction" v="right"/>
    <tag k="participant:vehicle" v="yes"/>
  </relation>
  <relation id="305000039">
    <member type="way" role="left" ref="203000039"/>
    <member type="way" role="right" ref="203000040"/>
    <tag k="type" v="lanelet"/>
    <tag k="subtype" v="road"/>
    <tag k="speed_limit" v="15"/>
    <tag k="location" v="urban"/>
    <tag k="one_way" v="yes"/>
    <tag k="turn_direction" v="right"/>
    <tag k="participant:vehicle" v="yes"/>
  </relation>
  <relation id="305000037">
    <member type="way" role="left" ref="20300003800"/>
    <member type="way" role="right" ref="203000037"/>
    <tag k="type" v="lanelet"/>
    <tag k="subtype" v="road"/>
    <tag k="speed_limit" v="15"/>
    <tag k="location" v="urban"/>
    <tag k="one_way" v="yes"/>
    <tag k="turn_direction" v="straight"/>
    <tag k="participant:vehicle" v="yes"/>
  </relation>
  <relation id="305000038">
    <member type="way" role="left" ref="203000038"/>
    <member type="way" role="right" ref="203000069"/>
    <tag k="type" v="lanelet"/>
    <tag k="subtype" v="road"/>
    <tag k="speed_limit" v="30"/>
    <tag k="location" v="urban"/>
    <tag k="one_way" v="yes"/>
    <tag k="turn_direction" v="straight"/>
    <tag k="participant:vehicle" v="yes"/>
  </relation>
  <relation id="305000041">
    <member type="way" role="left" ref="203000041"/>
    <member type="way" role="right" ref="203000073"/>
    <tag k="type" v="lanelet"/>
    <tag k="subtype" v="road"/>
    <tag k="speed_limit" v="30"/>
    <tag k="location" v="urban"/>
    <tag k="one_way" v="yes"/>
    <tag k="participant:vehicle" v="yes"/>
  </relation>
  <relation id="305000042">
    <member type="way" role="left" ref="1030000620799"/>
    <member type="way" role="right" ref="1030000620800"/>
    <tag k="type" v="lanelet"/>
    <tag k="subtype" v="road"/>
    <tag k="speed_limit" v="15"/>
    <tag k="location" v="urban"/>
    <tag k="one_way" v="yes"/>
    <tag k="participant:vehicle" v="yes"/>
  </relation>
  <relation id="305000059">
    <member type="way" role="left" ref="203000059"/>
    <member type="way" role="right" ref="203000058"/>
    <tag k="type" v="lanelet"/>
    <tag k="subtype" v="road"/>
    <tag k="speed_limit" v="30"/>
    <tag k="location" v="urban"/>
    <tag k="one_way" v="yes"/>
    <tag k="turn_direction" v="straight"/>
    <tag k="participant:vehicle" v="yes"/>
  </relation>
  <relation id="305000015">
    <member type="way" role="left" ref="203000015"/>
    <member type="way" role="right" ref="203000016"/>
    <tag k="type" v="lanelet"/>
    <tag k="subtype" v="road"/>
    <tag k="speed_limit" v="15"/>
    <tag k="location" v="urban"/>
    <tag k="one_way" v="yes"/>
    <tag k="turn_direction" v="left"/>
    <tag k="participant:vehicle" v="yes"/>
  </relation>
  <relation id="305000063">
    <member type="way" role="left" ref="1030000620544"/>
    <member type="way" role="right" ref="1030000620546"/>
    <tag k="type" v="lanelet"/>
    <tag k="subtype" v="road"/>
    <tag k="speed_limit" v="30"/>
    <tag k="location" v="urban"/>
    <tag k="one_way" v="yes"/>
    <tag k="participant:vehicle" v="yes"/>
    <tag k="" v="1030000620904"/>
  </relation>
  <relation id="305000004">
    <member type="way" role="left" ref="203000001"/>
    <member type="way" role="right" ref="203000004"/>
    <tag k="type" v="lanelet"/>
    <tag k="subtype" v="road"/>
    <tag k="speed_limit" v="30"/>
    <tag k="location" v="urban"/>
    <tag k="one_way" v="yes"/>
    <tag k="turn_direction" v="straight"/>
    <tag k="participant:vehicle" v="yes"/>
  </relation>
  <relation id="305000043">
    <member type="way" role="left" ref="203000043"/>
    <member type="way" role="right" ref="203000011"/>
    <tag k="type" v="lanelet"/>
    <tag k="subtype" v="road"/>
    <tag k="speed_limit" v="30"/>
    <tag k="location" v="urban"/>
    <tag k="one_way" v="yes"/>
    <tag k="turn_direction" v="straight"/>
    <tag k="participant:vehicle" v="yes"/>
  </relation>
  <relation id="305000057">
    <member type="way" role="left" ref="203000057"/>
    <member type="way" role="right" ref="203000056"/>
    <tag k="type" v="lanelet"/>
    <tag k="subtype" v="road"/>
    <tag k="speed_limit" v="30"/>
    <tag k="location" v="urban"/>
    <tag k="one_way" v="yes"/>
    <tag k="turn_direction" v="left"/>
    <tag k="participant:vehicle" v="yes"/>
  </relation>
  <relation id="305000055">
    <member type="way" role="left" ref="1030000620621"/>
    <member type="way" role="right" ref="1030000620623"/>
    <tag k="type" v="lanelet"/>
    <tag k="subtype" v="road"/>
    <tag k="speed_limit" v="30"/>
    <tag k="location" v="urban"/>
    <tag k="one_way" v="yes"/>
    <tag k="participant:vehicle" v="yes"/>
  </relation>
  <relation id="1030000620420">
    <member type="way" role="left" ref="1030000620417"/>
    <member type="way" role="right" ref="1030000620419"/>
    <tag k="type" v="lanelet"/>
    <tag k="subtype" v="road"/>
    <tag k="speed_limit" v="30"/>
    <tag k="location" v="urban"/>
    <tag k="one_way" v="yes"/>
    <tag k="turn_direction" v="right"/>
    <tag k="participant:vehicle" v="yes"/>
  </relation>
  <relation id="1030000620425">
    <member type="way" role="left" ref="1030000620460"/>
    <member type="way" role="right" ref="1030000620462"/>
    <tag k="type" v="lanelet"/>
    <tag k="subtype" v="road"/>
    <tag k="speed_limit" v="10"/>
    <tag k="location" v="urban"/>
    <tag k="one_way" v="yes"/>
    <tag k="turn_direction" v="left"/>
    <tag k="participant:vehicle" v="yes"/>
  </relation>
  <relation id="1030000620464">
    <member type="way" role="left" ref="1030000620461"/>
    <member type="way" role="right" ref="1030000620463"/>
    <tag k="type" v="lanelet"/>
    <tag k="subtype" v="road"/>
    <tag k="speed_limit" v="10"/>
    <tag k="location" v="urban"/>
    <tag k="one_way" v="yes"/>
    <tag k="turn_direction" v="left"/>
  </relation>
  <relation id="1030000620472">
    <member type="way" role="left" ref="1030000620469"/>
    <member type="way" role="right" ref="1030000620471"/>
    <tag k="type" v="lanelet"/>
    <tag k="subtype" v="road"/>
    <tag k="speed_limit" v="30"/>
    <tag k="location" v="urban"/>
    <tag k="one_way" v="yes"/>
    <tag k="participant:vehicle" v="yes"/>
  </relation>
  <relation id="1030000620482">
    <member type="way" role="left" ref="1030000620479"/>
    <member type="way" role="right" ref="1030000620481"/>
    <tag k="type" v="lanelet"/>
    <tag k="subtype" v="road"/>
    <tag k="speed_limit" v="30"/>
    <tag k="location" v="urban"/>
    <tag k="one_way" v="yes"/>
    <tag k="participant:vehicle" v="yes"/>
  </relation>
  <relation id="1030000620500">
    <member type="way" role="left" ref="1030000620497"/>
    <member type="way" role="right" ref="1030000620499"/>
    <tag k="type" v="lanelet"/>
    <tag k="subtype" v="road"/>
    <tag k="speed_limit" v="30"/>
    <tag k="location" v="urban"/>
    <tag k="one_way" v="yes"/>
    <tag k="participant:vehicle" v="yes"/>
  </relation>
  <relation id="1030000620541">
    <member type="way" role="left" ref="1030000620539"/>
    <member type="way" role="right" ref="1030000620540"/>
    <tag k="type" v="lanelet"/>
    <tag k="subtype" v="road"/>
    <tag k="speed_limit" v="10"/>
    <tag k="location" v="urban"/>
    <tag k="one_way" v="yes"/>
    <tag k="turn_direction" v="right"/>
    <tag k="participant:vehicle" v="yes"/>
  </relation>
  <relation id="1030000620548">
    <member type="way" role="left" ref="1030000620551"/>
    <member type="way" role="right" ref="1030000620553"/>
    <tag k="type" v="lanelet"/>
    <tag k="subtype" v="road"/>
    <tag k="speed_limit" v="30"/>
    <tag k="location" v="urban"/>
    <tag k="one_way" v="yes"/>
    <tag k="turn_direction" v="right"/>
    <tag k="participant:vehicle" v="yes"/>
  </relation>
  <relation id="1030000620555">
    <member type="way" role="left" ref="1030000620552"/>
    <member type="way" role="right" ref="1030000620554"/>
    <tag k="type" v="lanelet"/>
    <tag k="subtype" v="road"/>
    <tag k="speed_limit" v="30"/>
    <tag k="location" v="urban"/>
    <tag k="one_way" v="yes"/>
    <tag k="participant:vehicle" v="yes"/>
  </relation>
  <relation id="1030000620625">
    <member type="way" role="left" ref="1030000620628"/>
    <member type="way" role="right" ref="1030000620630"/>
    <tag k="type" v="lanelet"/>
    <tag k="subtype" v="road"/>
    <tag k="speed_limit" v="30"/>
    <tag k="location" v="urban"/>
    <tag k="one_way" v="yes"/>
    <tag k="turn_direction" v="straight"/>
    <tag k="participant:vehicle" v="yes"/>
  </relation>
  <relation id="1030000620632">
    <member type="way" role="left" ref="1030000620629"/>
    <member type="way" role="right" ref="1030000620631"/>
    <tag k="type" v="lanelet"/>
    <tag k="subtype" v="road"/>
    <tag k="speed_limit" v="30"/>
    <tag k="location" v="urban"/>
    <tag k="one_way" v="yes"/>
    <tag k="participant:vehicle" v="yes"/>
  </relation>
  <relation id="1030000620733">
    <member type="way" role="left" ref="1030000620731"/>
    <member type="way" role="right" ref="1030000620732"/>
    <tag k="type" v="lanelet"/>
    <tag k="subtype" v="road"/>
    <tag k="speed_limit" v="15"/>
    <tag k="location" v="urban"/>
    <tag k="one_way" v="yes"/>
    <tag k="turn_direction" v="right"/>
    <tag k="participant:vehicle" v="yes"/>
  </relation>
  <relation id="1030000620764">
    <member type="way" role="left" ref="1030000620762"/>
    <member type="way" role="right" ref="1030000620763"/>
    <tag k="type" v="lanelet"/>
    <tag k="subtype" v="road"/>
    <tag k="speed_limit" v="15"/>
    <tag k="location" v="urban"/>
    <tag k="one_way" v="yes"/>
    <tag k="turn_direction" v="left"/>
    <tag k="participant:vehicle" v="yes"/>
  </relation>
  <relation id="1030000620811">
    <member type="way" role="left" ref="1030000620816"/>
    <member type="way" role="right" ref="1030000620817"/>
    <tag k="type" v="lanelet"/>
    <tag k="subtype" v="road"/>
    <tag k="speed_limit" v="10"/>
    <tag k="location" v="urban"/>
    <tag k="one_way" v="yes"/>
    <tag k="participant:vehicle" v="yes"/>
  </relation>
  <relation id="1030000620904">
    <member type="way" role="left" ref="1030000620591"/>
    <member type="way" role="right" ref="1030000620831"/>
    <tag k="type" v="lanelet"/>
    <tag k="subtype" v="road"/>
    <tag k="speed_limit" v="10"/>
    <tag k="location" v="urban"/>
    <tag k="one_way" v="no"/>
    <tag k="turn_direction" v="left"/>
    <tag k="participant:vehicle" v="yes"/>
  </relation>
  <relation id="1030000620934">
    <member type="way" role="left" ref="1030000620616"/>
    <member type="way" role="right" ref="1030000620905"/>
    <tag k="type" v="lanelet"/>
    <tag k="subtype" v="road"/>
    <tag k="speed_limit" v="10"/>
    <tag k="location" v="urban"/>
    <tag k="one_way" v="no"/>
    <tag k="turn_direction" v="left"/>
    <tag k="participant:vehicle" v="yes"/>
  </relation>
</osm>
