<?xml version="1.0" encoding="UTF-8"?>
<osm generator="VMB">
  <MetaInfo format_version="1" map_version="3" validation_version="1"/>
  <node id="10300004601" lat="49.89234611879" lon="125.78613919267">
    <tag k="local_x" v="304774.8604"/>
    <tag k="local_y" v="2768128.0634"/>
    <tag k="ele" v="8.9"/>
  </node>
  <node id="10300004602" lat="49.89234510385" lon="125.78614832022">
    <tag k="local_x" v="304775.5221"/>
    <tag k="local_y" v="2768127.9878"/>
    <tag k="ele" v="8.9"/>
  </node>
  <node id="10300004603" lat="49.89234316638" lon="125.78615679008">
    <tag k="local_x" v="304776.1424"/>
    <tag k="local_y" v="2768127.807"/>
    <tag k="ele" v="8.9"/>
  </node>
  <node id="10300004604" lat="49.89234015708" lon="125.78616526327">
    <tag k="local_x" v="304776.7697"/>
    <tag k="local_y" v="2768127.5071"/>
    <tag k="ele" v="8.9"/>
  </node>
  <node id="10300004605" lat="49.89233632211" lon="125.78617279337">
    <tag k="local_x" v="304777.3345"/>
    <tag k="local_y" v="2768127.1116"/>
    <tag k="ele" v="8.9"/>
  </node>
  <node id="10300004606" lat="49.89233150936" lon="125.78617889065">
    <tag k="local_x" v="304777.8026"/>
    <tag k="local_y" v="2768126.6016"/>
    <tag k="ele" v="8.9"/>
  </node>
  <node id="10300004607" lat="49.89232455706" lon="125.78618552009">
    <tag k="local_x" v="304778.3224"/>
    <tag k="local_y" v="2768125.856"/>
    <tag k="ele" v="8.9"/>
  </node>
  <node id="10300004608" lat="49.89231437893" lon="125.78619133683">
    <tag k="local_x" v="304778.8042"/>
    <tag k="local_y" v="2768124.7486"/>
    <tag k="ele" v="8.9"/>
  </node>
  <node id="10300004609" lat="49.89230644967" lon="125.78619386057">
    <tag k="local_x" v="304779.0354"/>
    <tag k="local_y" v="2768123.8777"/>
    <tag k="ele" v="8.9"/>
  </node>
  <node id="103000046010" lat="49.89229698551" lon="125.78619542069">
    <tag k="local_x" v="304779.2071"/>
    <tag k="local_y" v="2768122.8323"/>
    <tag k="ele" v="8.9"/>
  </node>
  <node id="103000046011" lat="49.89228178414" lon="125.78619506162">
    <tag k="local_x" v="304779.2772"/>
    <tag k="local_y" v="2768121.1415"/>
    <tag k="ele" v="8.9"/>
  </node>
  <node id="103000046012" lat="49.89226505062" lon="125.78619484234">
    <tag k="local_x" v="304779.367"/>
    <tag k="local_y" v="2768119.281"/>
    <tag k="ele" v="8.9"/>
  </node>
  <node id="103000046013" lat="49.89224685724" lon="125.78619391955">
    <tag k="local_x" v="304779.4155"/>
    <tag k="local_y" v="2768117.2554"/>
    <tag k="ele" v="8.9"/>
  </node>
  <node id="103000046014" lat="49.89222940575" lon="125.78619242121">
    <tag k="local_x" v="304779.418"/>
    <tag k="local_y" v="2768115.3099"/>
    <tag k="ele" v="8.9"/>
  </node>
  <node id="103000046015" lat="49.89221618492" lon="125.78619066358">
    <tag k="local_x" v="304779.3752"/>
    <tag k="local_y" v="2768113.8335"/>
    <tag k="ele" v="8.9"/>
  </node>
  <node id="103000046016" lat="49.89220586951" lon="125.78618846893">
    <tag k="local_x" v="304779.2827"/>
    <tag k="local_y" v="2768112.6782"/>
    <tag k="ele" v="8.9"/>
  </node>
  <node id="103000046017" lat="49.89219719078" lon="125.78618436357">
    <tag k="local_x" v="304779.0427"/>
    <tag k="local_y" v="2768111.697"/>
    <tag k="ele" v="8.9"/>
  </node>
  <node id="103000046018" lat="49.89218967463" lon="125.78617787823">
    <tag k="local_x" v="304778.6245"/>
    <tag k="local_y" v="2768110.8353"/>
    <tag k="ele" v="8.9"/>
  </node>
  <node id="103000046019" lat="49.8921836264" lon="125.78616996183">
    <tag k="local_x" v="304778.0943"/>
    <tag k="local_y" v="2768110.1309"/>
    <tag k="ele" v="8.9"/>
  </node>
  <node id="103000046020" lat="49.89217859109" lon="125.78616166083">
    <tag k="local_x" v="304777.5301"/>
    <tag k="local_y" v="2768109.5375"/>
    <tag k="ele" v="8.9"/>
  </node>
  <node id="103000046021" lat="49.89217543588" lon="125.78615128944">
    <tag k="local_x" v="304776.8054"/>
    <tag k="local_y" v="2768109.1446"/>
    <tag k="ele" v="8.9"/>
  </node>
  <node id="103000046022" lat="49.89217397915" lon="125.78613874533">
    <tag k="local_x" v="304775.914"/>
    <tag k="local_y" v="2768108.9316"/>
    <tag k="ele" v="8.9"/>
  </node>
  <node id="103000046023" lat="49.89217373532" lon="125.78612588434">
    <tag k="local_x" v="304774.9922"/>
    <tag k="local_y" v="2768108.8521"/>
    <tag k="ele" v="8.9"/>
  </node>
  <node id="103000046024" lat="49.89217506011" lon="125.7861138771">
    <tag k="local_x" v="304774.1218"/>
    <tag k="local_y" v="2768108.9504"/>
    <tag k="ele" v="8.9"/>
  </node>
  <node id="103000046025" lat="49.8921795691" lon="125.78610013688">
    <tag k="local_x" v="304773.1069"/>
    <tag k="local_y" v="2768109.3955"/>
    <tag k="ele" v="8.9"/>
  </node>
  <node id="103000046026" lat="49.89218673722" lon="125.7860845284">
    <tag k="local_x" v="304771.9411"/>
    <tag k="local_y" v="2768110.1285"/>
    <tag k="ele" v="8.9"/>
  </node>
  <node id="103000046027" lat="49.89219553812" lon="125.78606728744">
    <tag k="local_x" v="304770.6478"/>
    <tag k="local_y" v="2768111.0363"/>
    <tag k="ele" v="8.9"/>
  </node>
  <node id="103000046028" lat="49.89220571188" lon="125.78604988293">
    <tag k="local_x" v="304769.3341"/>
    <tag k="local_y" v="2768112.096"/>
    <tag k="ele" v="8.9"/>
  </node>
  <node id="103000046029" lat="49.89221607644" lon="125.7860341708">
    <tag k="local_x" v="304768.1407"/>
    <tag k="local_y" v="2768113.1838"/>
    <tag k="ele" v="8.9"/>
  </node>
  <node id="103000046030" lat="49.89222702179" lon="125.78601842334">
    <tag k="local_x" v="304766.9411"/>
    <tag k="local_y" v="2768114.336"/>
    <tag k="ele" v="8.9"/>
  </node>
  <node id="103000046031" lat="49.89223476965" lon="125.78600911562">
    <tag k="local_x" v="304766.224"/>
    <tag k="local_y" v="2768115.1591"/>
    <tag k="ele" v="8.9"/>
  </node>
  <node id="103000046032" lat="49.89224404876" lon="125.78600072383">
    <tag k="local_x" v="304765.563"/>
    <tag k="local_y" v="2768116.1561"/>
    <tag k="ele" v="8.9"/>
  </node>
  <node id="103000046033" lat="49.8922515339" lon="125.78599573465">
    <tag k="local_x" v="304765.1576"/>
    <tag k="local_y" v="2768116.9676"/>
    <tag k="ele" v="8.9"/>
  </node>
  <node id="10300004401" lat="49.89235472691" lon="125.78614141979">
    <tag k="local_x" v="304774.966"/>
    <tag k="local_y" v="2768129.0291"/>
    <tag k="ele" v="8.9"/>
  </node>
  <node id="10300004402" lat="49.89235444072" lon="125.78614412053">
    <tag k="local_x" v="304775.1617"/>
    <tag k="local_y" v="2768129.0083"/>
    <tag k="ele" v="8.9"/>
  </node>
  <node id="10300004403" lat="49.89235333342" lon="125.78615171755">
    <tag k="local_x" v="304775.7141"/>
    <tag k="local_y" v="2768128.9162"/>
    <tag k="ele" v="8.9"/>
  </node>
  <node id="10300004404" lat="49.89235197371" lon="125.78615905699">
    <tag k="local_x" v="304776.2496"/>
    <tag k="local_y" v="2768128.795"/>
    <tag k="ele" v="8.9"/>
  </node>
  <node id="10300004405" lat="49.89235060795" lon="125.78616518688">
    <tag k="local_x" v="304776.6983"/>
    <tag k="local_y" v="2768128.6682"/>
    <tag k="ele" v="8.9"/>
  </node>
  <node id="10300004406" lat="49.89234877634" lon="125.78617165332">
    <tag k="local_x" v="304777.1741"/>
    <tag k="local_y" v="2768128.491"/>
    <tag k="ele" v="8.9"/>
  </node>
  <node id="10300004407" lat="49.89234667112" lon="125.78617755667">
    <tag k="local_x" v="304777.6112"/>
    <tag k="local_y" v="2768128.2811"/>
    <tag k="ele" v="8.9"/>
  </node>
  <node id="10300004408" lat="49.89234395598" lon="125.78618313622">
    <tag k="local_x" v="304778.0289"/>
    <tag k="local_y" v="2768128.0021"/>
    <tag k="ele" v="8.9"/>
  </node>
  <node id="10300004409" lat="49.89234105828" lon="125.78618841837">
    <tag k="local_x" v="304778.4264"/>
    <tag k="local_y" v="2768127.7016"/>
    <tag k="ele" v="8.9"/>
  </node>
  <node id="103000044010" lat="49.89233800368" lon="125.78619282593">
    <tag k="local_x" v="304778.7621"/>
    <tag k="local_y" v="2768127.3801"/>
    <tag k="ele" v="8.9"/>
  </node>
  <node id="103000044011" lat="49.89233422253" lon="125.78619739112">
    <tag k="local_x" v="304779.1137"/>
    <tag k="local_y" v="2768126.9785"/>
    <tag k="ele" v="8.9"/>
  </node>
  <node id="103000044012" lat="49.89233029068" lon="125.78620105999">
    <tag k="local_x" v="304779.4019"/>
    <tag k="local_y" v="2768126.5565"/>
    <tag k="ele" v="8.9"/>
  </node>
  <node id="103000044013" lat="49.89232574061" lon="125.78620423857">
    <tag k="local_x" v="304779.6588"/>
    <tag k="local_y" v="2768126.0638"/>
    <tag k="ele" v="8.9"/>
  </node>
  <node id="103000044014" lat="49.8923216413" lon="125.78620675614">
    <tag k="local_x" v="304779.8654"/>
    <tag k="local_y" v="2768125.6185"/>
    <tag k="ele" v="8.9"/>
  </node>
  <node id="103000044015" lat="49.89231765247" lon="125.78620844489">
    <tag k="local_x" v="304780.0118"/>
    <tag k="local_y" v="2768125.1821"/>
    <tag k="ele" v="8.9"/>
  </node>
  <node id="103000044016" lat="49.89231361701" lon="125.78620927013">
    <tag k="local_x" v="304780.0965"/>
    <tag k="local_y" v="2768124.737"/>
    <tag k="ele" v="8.9"/>
  </node>
  <node id="103000044017" lat="49.89230938129" lon="125.78620969195">
    <tag k="local_x" v="304780.1535"/>
    <tag k="local_y" v="2768124.268"/>
    <tag k="ele" v="8.9"/>
  </node>
  <node id="103000044018" lat="49.89230240488" lon="125.78621049979">
    <tag k="local_x" v="304780.2555"/>
    <tag k="local_y" v="2768123.496"/>
    <tag k="ele" v="8.9"/>
  </node>
  <node id="103000044019" lat="49.89229706138" lon="125.78621087444">
    <tag k="local_x" v="304780.3161"/>
    <tag k="local_y" v="2768122.9037"/>
    <tag k="ele" v="8.9"/>
  </node>
  <node id="103000044020" lat="49.89229040036" lon="125.78621073775">
    <tag k="local_x" v="304780.3483"/>
    <tag k="local_y" v="2768122.1629"/>
    <tag k="ele" v="8.9"/>
  </node>
  <node id="103000044021" lat="49.89228148387" lon="125.78621024553">
    <tag k="local_x" v="304780.3692"/>
    <tag k="local_y" v="2768121.17"/>
    <tag k="ele" v="8.9"/>
  </node>
  <node id="103000044022" lat="49.89226969237" lon="125.78620921378">
    <tag k="local_x" v="304780.3695"/>
    <tag k="local_y" v="2768119.8554"/>
    <tag k="ele" v="8.9"/>
  </node>
  <node id="103000044023" lat="49.8922541019" lon="125.78620827591">
    <tag k="local_x" v="304780.4005"/>
    <tag k="local_y" v="2768118.119"/>
    <tag k="ele" v="8.9"/>
  </node>
  <node id="103000044024" lat="49.89223828656" lon="125.78620689345">
    <tag k="local_x" v="304780.401"/>
    <tag k="local_y" v="2768116.3558"/>
    <tag k="ele" v="8.9"/>
  </node>
  <node id="103000044025" lat="49.89222264075" lon="125.78620572228">
    <tag k="local_x" v="304780.4156"/>
    <tag k="local_y" v="2768114.6123"/>
    <tag k="ele" v="8.9"/>
  </node>
  <node id="103000044026" lat="49.8922110134" lon="125.78620418959">
    <tag k="local_x" v="304780.3789"/>
    <tag k="local_y" v="2768113.3139"/>
    <tag k="ele" v="8.9"/>
  </node>
  <node id="103000044027" lat="49.89220242922" lon="125.78620258579">
    <tag k="local_x" v="304780.3179"/>
    <tag k="local_y" v="2768112.3534"/>
    <tag k="ele" v="8.9"/>
  </node>
  <node id="103000044028" lat="49.89219613037" lon="125.78620067018">
    <tag k="local_x" v="304780.2201"/>
    <tag k="local_y" v="2768111.6456"/>
    <tag k="ele" v="8.9"/>
  </node>
  <node id="103000044029" lat="49.89219104346" lon="125.78619814511">
    <tag k="local_x" v="304780.0709"/>
    <tag k="local_y" v="2768111.07"/>
    <tag k="ele" v="8.9"/>
  </node>
  <node id="103000044030" lat="49.89218610708" lon="125.78619551486">
    <tag k="local_x" v="304779.9132"/>
    <tag k="local_y" v="2768110.5107"/>
    <tag k="ele" v="8.9"/>
  </node>
  <node id="103000044031" lat="49.89218176928" lon="125.78619273245">
    <tag k="local_x" v="304779.7408"/>
    <tag k="local_y" v="2768110.0173"/>
    <tag k="ele" v="8.9"/>
  </node>
  <node id="103000044032" lat="49.89217756087" lon="125.78618907135">
    <tag k="local_x" v="304779.5045"/>
    <tag k="local_y" v="2768109.5347"/>
    <tag k="ele" v="8.9"/>
  </node>
  <node id="103000044033" lat="49.89217324533" lon="125.78618327671">
    <tag k="local_x" v="304779.1157"/>
    <tag k="local_y" v="2768109.0315"/>
    <tag k="ele" v="8.9"/>
  </node>
  <node id="103000044034" lat="49.89216990468" lon="125.78617730027">
    <tag k="local_x" v="304778.7077"/>
    <tag k="local_y" v="2768108.6359"/>
    <tag k="ele" v="8.9"/>
  </node>
  <node id="103000044035" lat="49.8921660634" lon="125.78616765141">
    <tag k="local_x" v="304778.0392"/>
    <tag k="local_y" v="2768108.1697"/>
    <tag k="ele" v="8.9"/>
  </node>
  <node id="103000044036" lat="49.89216370983" lon="125.78615713594">
    <tag k="local_x" v="304777.2991"/>
    <tag k="local_y" v="2768107.8653"/>
    <tag k="ele" v="8.9"/>
  </node>
  <node id="103000044037" lat="49.89216232603" lon="125.78614579333">
    <tag k="local_x" v="304776.4935"/>
    <tag k="local_y" v="2768107.6653"/>
    <tag k="ele" v="8.9"/>
  </node>
  <node id="103000044038" lat="49.89216167563" lon="125.78613302616">
    <tag k="local_x" v="304775.581"/>
    <tag k="local_y" v="2768107.541"/>
    <tag k="ele" v="8.9"/>
  </node>
  <node id="103000044039" lat="49.89216192137" lon="125.78612463058">
    <tag k="local_x" v="304774.9767"/>
    <tag k="local_y" v="2768107.5341"/>
    <tag k="ele" v="8.9"/>
  </node>
  <node id="103000044040" lat="49.8921633678" lon="125.78611463141">
    <tag k="local_x" v="304774.2497"/>
    <tag k="local_y" v="2768107.6541"/>
    <tag k="ele" v="8.9"/>
  </node>
  <node id="103000044041" lat="49.89216531652" lon="125.78610641887">
    <tag k="local_x" v="304773.6478"/>
    <tag k="local_y" v="2768107.8372"/>
    <tag k="ele" v="8.9"/>
  </node>
  <node id="103000044042" lat="49.89216794727" lon="125.78609860053">
    <tag k="local_x" v="304773.0699"/>
    <tag k="local_y" v="2768108.0977"/>
    <tag k="ele" v="8.9"/>
  </node>
  <node id="103000044043" lat="49.89217191164" lon="125.78608948">
    <tag k="local_x" v="304772.3901"/>
    <tag k="local_y" v="2768108.5011"/>
    <tag k="ele" v="8.9"/>
  </node>
  <node id="103000044044" lat="49.89217674625" lon="125.78607971859">
    <tag k="local_x" v="304771.6588"/>
    <tag k="local_y" v="2768108.9986"/>
    <tag k="ele" v="8.9"/>
  </node>
  <node id="103000044045" lat="49.89218206378" lon="125.78606903295">
    <tag k="local_x" v="304770.8581"/>
    <tag k="local_y" v="2768109.546"/>
    <tag k="ele" v="8.9"/>
  </node>
  <node id="103000044046" lat="49.8921865038" lon="125.78606043753">
    <tag k="local_x" v="304770.213"/>
    <tag k="local_y" v="2768110.0044"/>
    <tag k="ele" v="8.9"/>
  </node>
  <node id="103000044047" lat="49.89219148009" lon="125.78605081253">
    <tag k="local_x" v="304769.4906"/>
    <tag k="local_y" v="2768110.5182"/>
    <tag k="ele" v="8.9"/>
  </node>
  <node id="103000044048" lat="49.89219670972" lon="125.78604068327">
    <tag k="local_x" v="304768.7304"/>
    <tag k="local_y" v="2768111.0581"/>
    <tag k="ele" v="8.9"/>
  </node>
  <node id="103000044049" lat="49.89220165813" lon="125.78603068948">
    <tag k="local_x" v="304767.9817"/>
    <tag k="local_y" v="2768111.5673"/>
    <tag k="ele" v="8.9"/>
  </node>
  <node id="103000044050" lat="49.89220622185" lon="125.78602046272">
    <tag k="local_x" v="304767.2187"/>
    <tag k="local_y" v="2768112.0328"/>
    <tag k="ele" v="8.9"/>
  </node>
  <node id="103000044052" lat="49.89221405919" lon="125.78600601479">
    <tag k="local_x" v="304766.132"/>
    <tag k="local_y" v="2768112.8449"/>
    <tag k="ele" v="8.9"/>
  </node>
  <node id="103000044053" lat="49.89221766744" lon="125.78600128118">
    <tag k="local_x" v="304765.7694"/>
    <tag k="local_y" v="2768113.2266"/>
    <tag k="ele" v="8.9"/>
  </node>
  <node id="103000044054" lat="49.89222173632" lon="125.78599691815">
    <tag k="local_x" v="304765.4305"/>
    <tag k="local_y" v="2768113.661"/>
    <tag k="ele" v="8.9"/>
  </node>
  <node id="103000044055" lat="49.89222618788" lon="125.78599262217">
    <tag k="local_x" v="304765.094"/>
    <tag k="local_y" v="2768114.1382"/>
    <tag k="ele" v="8.9"/>
  </node>
  <node id="103000044056" lat="49.8922314405" lon="125.78598834502">
    <tag k="local_x" v="304764.7538"/>
    <tag k="local_y" v="2768114.7045"/>
    <tag k="ele" v="8.9"/>
  </node>
  <node id="103000044057" lat="49.89223588934" lon="125.78598473688">
    <tag k="local_x" v="304764.4667"/>
    <tag k="local_y" v="2768115.1842"/>
    <tag k="ele" v="8.9"/>
  </node>
  <node id="103000044058" lat="49.89223942891" lon="125.78598163108">
    <tag k="local_x" v="304764.2214"/>
    <tag k="local_y" v="2768115.5649"/>
    <tag k="ele" v="8.9"/>
  </node>
  <node id="103000044059" lat="49.89224421919" lon="125.78597823262">
    <tag k="local_x" v="304763.9472"/>
    <tag k="local_y" v="2768116.0834"/>
    <tag k="ele" v="8.9"/>
  </node>
  <node id="103000044060" lat="49.89224863767" lon="125.78597572219">
    <tag k="local_x" v="304763.7391"/>
    <tag k="local_y" v="2768116.5642"/>
    <tag k="ele" v="8.9"/>
  </node>
  <node id="103000044061" lat="49.8922503995" lon="125.78597547859">
    <tag k="local_x" v="304763.7105"/>
    <tag k="local_y" v="2768116.759"/>
    <tag k="ele" v="8.9"/>
  </node>
  <node id="10300003301" lat="49.89224942175" lon="125.78595801789">
    <tag k="local_x" v="304762.4631"/>
    <tag k="local_y" v="2768116.5792"/>
    <tag k="ele" v="8.9"/>
  </node>
  <node id="10300003302" lat="49.8922469636" lon="125.78595825742">
    <tag k="local_x" v="304762.4958"/>
    <tag k="local_y" v="2768116.307"/>
    <tag k="ele" v="8.9"/>
  </node>
  <node id="10300003303" lat="49.89224474406" lon="125.78595849284">
    <tag k="local_x" v="304762.5267"/>
    <tag k="local_y" v="2768116.0613"/>
    <tag k="ele" v="8.9"/>
  </node>
  <node id="10300003304" lat="49.89224172741" lon="125.78595950928">
    <tag k="local_x" v="304762.6187"/>
    <tag k="local_y" v="2768115.7302"/>
    <tag k="ele" v="8.9"/>
  </node>
  <node id="10300003305" lat="49.89223887937" lon="125.78596083583">
    <tag k="local_x" v="304762.7319"/>
    <tag k="local_y" v="2768115.4191"/>
    <tag k="ele" v="8.9"/>
  </node>
  <node id="10300003306" lat="49.89223536544" lon="125.78596287415">
    <tag k="local_x" v="304762.9004"/>
    <tag k="local_y" v="2768115.0369"/>
    <tag k="ele" v="8.9"/>
  </node>
  <node id="10300003307" lat="49.8922307582" lon="125.78596562429">
    <tag k="local_x" v="304763.1269"/>
    <tag k="local_y" v="2768114.5361"/>
    <tag k="ele" v="8.9"/>
  </node>
  <node id="10300003308" lat="49.8922251722" lon="125.78596949607">
    <tag k="local_x" v="304763.4401"/>
    <tag k="local_y" v="2768113.9311"/>
    <tag k="ele" v="8.9"/>
  </node>
  <node id="10300003309" lat="49.89221888879" lon="125.78597437493">
    <tag k="local_x" v="304763.83"/>
    <tag k="local_y" v="2768113.2527"/>
    <tag k="ele" v="8.9"/>
  </node>
  <node id="103000033010" lat="49.89221284448" lon="125.78597977623">
    <tag k="local_x" v="304764.2559"/>
    <tag k="local_y" v="2768112.603"/>
    <tag k="ele" v="8.9"/>
  </node>
  <node id="103000033011" lat="49.89220691263" lon="125.7859855217">
    <tag k="local_x" v="304764.7058"/>
    <tag k="local_y" v="2768111.9672"/>
    <tag k="ele" v="8.9"/>
  </node>
  <node id="103000033012" lat="49.89220236235" lon="125.7859928051">
    <tag k="local_x" v="304765.2574"/>
    <tag k="local_y" v="2768111.4912"/>
    <tag k="ele" v="8.9"/>
  </node>
  <node id="103000033015" lat="49.89219296621" lon="125.78601396071">
    <tag k="local_x" v="304766.8355"/>
    <tag k="local_y" v="2768110.5332"/>
    <tag k="ele" v="8.9"/>
  </node>
  <node id="103000033016" lat="49.89219043095" lon="125.7860217763">
    <tag k="local_x" v="304767.4126"/>
    <tag k="local_y" v="2768110.2833"/>
    <tag k="ele" v="8.9"/>
  </node>
  <node id="103000033017" lat="49.89218816866" lon="125.78602813524">
    <tag k="local_x" v="304767.8834"/>
    <tag k="local_y" v="2768110.0578"/>
    <tag k="ele" v="8.9"/>
  </node>
  <node id="103000033018" lat="49.89218518736" lon="125.78603559965">
    <tag k="local_x" v="304768.4381"/>
    <tag k="local_y" v="2768109.7569"/>
    <tag k="ele" v="8.9"/>
  </node>
  <node id="103000033019" lat="49.89218146198" lon="125.78604428849">
    <tag k="local_x" v="304769.0854"/>
    <tag k="local_y" v="2768109.3783"/>
    <tag k="ele" v="8.9"/>
  </node>
  <node id="103000033020" lat="49.89217842268" lon="125.78605070871">
    <tag k="local_x" v="304769.5655"/>
    <tag k="local_y" v="2768109.0667"/>
    <tag k="ele" v="8.9"/>
  </node>
  <node id="103000033021" lat="49.89217232967" lon="125.78606251853">
    <tag k="local_x" v="304770.4518"/>
    <tag k="local_y" v="2768108.4377"/>
    <tag k="ele" v="8.9"/>
  </node>
  <node id="103000033022" lat="49.89216578648" lon="125.78607455624">
    <tag k="local_x" v="304771.3573"/>
    <tag k="local_y" v="2768107.7596"/>
    <tag k="ele" v="8.9"/>
  </node>
  <node id="103000033023" lat="49.89216177311" lon="125.78608363904">
    <tag k="local_x" v="304772.0347"/>
    <tag k="local_y" v="2768107.3506"/>
    <tag k="ele" v="8.9"/>
  </node>
  <node id="103000033024" lat="49.89215715144" lon="125.78609500425">
    <tag k="local_x" v="304772.8798"/>
    <tag k="local_y" v="2768106.8833"/>
    <tag k="ele" v="8.9"/>
  </node>
  <node id="103000033025" lat="49.89215421321" lon="125.78610418984">
    <tag k="local_x" v="304773.5578"/>
    <tag k="local_y" v="2768106.5942"/>
    <tag k="ele" v="8.9"/>
  </node>
  <node id="103000033026" lat="49.89215190262" lon="125.78611294586">
    <tag k="local_x" v="304774.201"/>
    <tag k="local_y" v="2768106.3731"/>
    <tag k="ele" v="8.9"/>
  </node>
  <node id="103000033027" lat="49.89215034969" lon="125.78612327274">
    <tag k="local_x" v="304774.9522"/>
    <tag k="local_y" v="2768106.2426"/>
    <tag k="ele" v="8.9"/>
  </node>
  <node id="103000033028" lat="49.89214961212" lon="125.78613654198">
    <tag k="local_x" v="304775.9095"/>
    <tag k="local_y" v="2768106.2147"/>
    <tag k="ele" v="8.9"/>
  </node>
  <node id="103000033029" lat="49.89215020146" lon="125.78615266758">
    <tag k="local_x" v="304777.0635"/>
    <tag k="local_y" v="2768106.3459"/>
    <tag k="ele" v="8.9"/>
  </node>
  <node id="103000033030" lat="49.89215374264" lon="125.78617207227">
    <tag k="local_x" v="304778.4343"/>
    <tag k="local_y" v="2768106.8185"/>
    <tag k="ele" v="8.9"/>
  </node>
  <node id="103000033031" lat="49.8921600144" lon="125.78619053151">
    <tag k="local_x" v="304779.72"/>
    <tag k="local_y" v="2768107.5907"/>
    <tag k="ele" v="8.9"/>
  </node>
  <node id="103000033032" lat="49.89216655298" lon="125.78620156647">
    <tag k="local_x" v="304780.471"/>
    <tag k="local_y" v="2768108.3623"/>
    <tag k="ele" v="8.9"/>
  </node>
  <node id="103000033033" lat="49.89217556488" lon="125.78620949391">
    <tag k="local_x" v="304780.9833"/>
    <tag k="local_y" v="2768109.3961"/>
    <tag k="ele" v="8.9"/>
  </node>
  <node id="103000033034" lat="49.89218588244" lon="125.78621401069">
    <tag k="local_x" v="304781.2425"/>
    <tag k="local_y" v="2768110.5611"/>
    <tag k="ele" v="8.9"/>
  </node>
  <node id="103000033035" lat="49.89220354319" lon="125.7862171153">
    <tag k="local_x" v="304781.354"/>
    <tag k="local_y" v="2768112.5364"/>
    <tag k="ele" v="8.9"/>
  </node>
  <node id="103000033036" lat="49.89222526387" lon="125.78621926728">
    <tag k="local_x" v="304781.3715"/>
    <tag k="local_y" v="2768114.959"/>
    <tag k="ele" v="8.9"/>
  </node>
  <node id="103000033037" lat="49.89224908938" lon="125.786221171">
    <tag k="local_x" v="304781.3579"/>
    <tag k="local_y" v="2768117.6145"/>
    <tag k="ele" v="8.9"/>
  </node>
  <node id="103000033038" lat="49.8922710685" lon="125.78622331783">
    <tag k="local_x" v="304781.3734"/>
    <tag k="local_y" v="2768120.0658"/>
    <tag k="ele" v="8.9"/>
  </node>
  <node id="103000033039" lat="49.89228803463" lon="125.78622531677">
    <tag k="local_x" v="304781.4099"/>
    <tag k="local_y" v="2768121.9594"/>
    <tag k="ele" v="8.9"/>
  </node>
  <node id="103000033040" lat="49.89230096082" lon="125.78622632423">
    <tag k="local_x" v="304781.4007"/>
    <tag k="local_y" v="2768123.4"/>
    <tag k="ele" v="8.9"/>
  </node>
  <node id="103000033041" lat="49.89231135002" lon="125.78622589283">
    <tag k="local_x" v="304781.3042"/>
    <tag k="local_y" v="2768124.5528"/>
    <tag k="ele" v="8.9"/>
  </node>
  <node id="103000033042" lat="49.89232142203" lon="125.78622346123">
    <tag k="local_x" v="304781.0661"/>
    <tag k="local_y" v="2768125.6622"/>
    <tag k="ele" v="8.9"/>
  </node>
  <node id="103000033043" lat="49.89233028294" lon="125.78621906374">
    <tag k="local_x" v="304780.6945"/>
    <tag k="local_y" v="2768126.629"/>
    <tag k="ele" v="8.9"/>
  </node>
  <node id="103000033044" lat="49.89233880158" lon="125.78621114142">
    <tag k="local_x" v="304780.072"/>
    <tag k="local_y" v="2768127.5434"/>
    <tag k="ele" v="8.9"/>
  </node>
  <node id="103000033045" lat="49.89234509928" lon="125.78620273148">
    <tag k="local_x" v="304779.4285"/>
    <tag k="local_y" v="2768128.209"/>
    <tag k="ele" v="8.9"/>
  </node>
  <node id="103000033046" lat="49.89234987429" lon="125.7861948661">
    <tag k="local_x" v="304778.8337"/>
    <tag k="local_y" v="2768128.7076"/>
    <tag k="ele" v="8.9"/>
  </node>
  <node id="103000033047" lat="49.89235432169" lon="125.78618498986">
    <tag k="local_x" v="304778.0966"/>
    <tag k="local_y" v="2768129.1616"/>
    <tag k="ele" v="8.9"/>
  </node>
  <node id="103000033048" lat="49.89235755229" lon="125.78617511954">
    <tag k="local_x" v="304777.3676"/>
    <tag k="local_y" v="2768129.4804"/>
    <tag k="ele" v="8.9"/>
  </node>
  <node id="103000033049" lat="49.8923593674" lon="125.78616866141">
    <tag k="local_x" v="304776.8925"/>
    <tag k="local_y" v="2768129.6558"/>
    <tag k="ele" v="8.9"/>
  </node>
  <node id="103000033050" lat="49.89236357573" lon="125.78614370846">
    <tag k="local_x" v="304775.0745"/>
    <tag k="local_y" v="2768130.0218"/>
    <tag k="ele" v="8.9"/>
  </node>
  <node id="10300003401" lat="49.89274218576" lon="125.78601222147">
    <tag k="local_x" v="304763.2467"/>
    <tag k="local_y" v="2768171.5612"/>
    <tag k="ele" v="8.9"/>
  </node>
  <node id="10300003402" lat="49.89274192228" lon="125.78601145591">
    <tag k="local_x" v="304763.1934"/>
    <tag k="local_y" v="2768171.5288"/>
    <tag k="ele" v="8.9"/>
  </node>
  <node id="10300003403" lat="49.89274117908" lon="125.78601032505">
    <tag k="local_x" v="304763.1169"/>
    <tag k="local_y" v="2768171.4416"/>
    <tag k="ele" v="8.9"/>
  </node>
  <node id="10300003404" lat="49.89274038372" lon="125.78600968409">
    <tag k="local_x" v="304763.0759"/>
    <tag k="local_y" v="2768171.3506"/>
    <tag k="ele" v="8.9"/>
  </node>
  <node id="10300003405" lat="49.89273941031" lon="125.78600923642">
    <tag k="local_x" v="304763.0499"/>
    <tag k="local_y" v="2768171.2406"/>
    <tag k="ele" v="8.9"/>
  </node>
  <node id="10300003406" lat="49.89273830165" lon="125.78600904152">
    <tag k="local_x" v="304763.0429"/>
    <tag k="local_y" v="2768171.1166"/>
    <tag k="ele" v="8.9"/>
  </node>
  <node id="10300003407" lat="49.89273680805" lon="125.78600977391">
    <tag k="local_x" v="304763.1049"/>
    <tag k="local_y" v="2768170.9536"/>
    <tag k="ele" v="8.9"/>
  </node>
  <node id="10300003408" lat="49.89273510402" lon="125.78601133747">
    <tag k="local_x" v="304763.2279"/>
    <tag k="local_y" v="2768170.7706"/>
    <tag k="ele" v="8.9"/>
  </node>
  <node id="10300003409" lat="49.8927330749" lon="125.78601440466">
    <tag k="local_x" v="304763.4609"/>
    <tag k="local_y" v="2768170.5576"/>
    <tag k="ele" v="8.9"/>
  </node>
  <node id="103000034010" lat="49.89273098731" lon="125.78601833031">
    <tag k="local_x" v="304763.7559"/>
    <tag k="local_y" v="2768170.3416"/>
    <tag k="ele" v="8.9"/>
  </node>
  <node id="103000034011" lat="49.89272964732" lon="125.78602149982">
    <tag k="local_x" v="304763.9919"/>
    <tag k="local_y" v="2768170.2056"/>
    <tag k="ele" v="8.9"/>
  </node>
  <node id="103000034012" lat="49.89272863098" lon="125.78602443173">
    <tag k="local_x" v="304764.2088"/>
    <tag k="local_y" v="2768170.1046"/>
    <tag k="ele" v="8.9"/>
  </node>
  <node id="10300002801" lat="49.89275570928" lon="125.78600106009">
    <tag k="local_x" v="304762.3601"/>
    <tag k="local_y" v="2768173.0186"/>
    <tag k="ele" v="8.9"/>
  </node>
  <node id="10300002802" lat="49.89275457027" lon="125.78599776612">
    <tag k="local_x" v="304762.1308"/>
    <tag k="local_y" v="2768172.8786"/>
    <tag k="ele" v="8.9"/>
  </node>
  <node id="10300002803" lat="49.89275058798" lon="125.78599201183">
    <tag k="local_x" v="304761.7428"/>
    <tag k="local_y" v="2768172.4126"/>
    <tag k="ele" v="8.9"/>
  </node>
  <node id="10300002804" lat="49.89274587743" lon="125.78598830242">
    <tag k="local_x" v="304761.5062"/>
    <tag k="local_y" v="2768171.874"/>
    <tag k="ele" v="8.9"/>
  </node>
  <node id="10300002805" lat="49.89274197002" lon="125.78598703427">
    <tag k="local_x" v="304761.4398"/>
    <tag k="local_y" v="2768171.4346"/>
    <tag k="ele" v="8.9"/>
  </node>
  <node id="10300002806" lat="49.89273848996" lon="125.78598721606">
    <tag k="local_x" v="304761.4748"/>
    <tag k="local_y" v="2768171.0486"/>
    <tag k="ele" v="8.9"/>
  </node>
  <node id="10300002807" lat="49.8927359704" lon="125.78598844333">
    <tag k="local_x" v="304761.5788"/>
    <tag k="local_y" v="2768170.7736"/>
    <tag k="ele" v="8.9"/>
  </node>
  <node id="10300002808" lat="49.89273249084" lon="125.78599572893">
    <tag k="local_x" v="304762.1238"/>
    <tag k="local_y" v="2768170.4166"/>
    <tag k="ele" v="8.9"/>
  </node>
  <node id="10300002809" lat="49.89272927601" lon="125.78600094845">
    <tag k="local_x" v="304762.5188"/>
    <tag k="local_y" v="2768170.0806"/>
    <tag k="ele" v="8.9"/>
  </node>
  <node id="103000028010" lat="49.8927254125" lon="125.7860066556">
    <tag k="local_x" v="304762.9529"/>
    <tag k="local_y" v="2768169.6745"/>
    <tag k="ele" v="8.9"/>
  </node>
  <node id="103000028011" lat="49.89272323178" lon="125.78600966072">
    <tag k="local_x" v="304763.1824"/>
    <tag k="local_y" v="2768169.4444"/>
    <tag k="ele" v="8.9"/>
  </node>
  <node id="10300006501" lat="49.89273399183" lon="125.7860390949">
    <tag k="local_x" v="304765.2277"/>
    <tag k="local_y" v="2768170.7601"/>
    <tag k="ele" v="8.9"/>
  </node>
  <node id="10300006502" lat="49.89273526257" lon="125.78603842791">
    <tag k="local_x" v="304765.1718"/>
    <tag k="local_y" v="2768170.8986"/>
    <tag k="ele" v="8.9"/>
  </node>
  <node id="10300006503" lat="49.89273822959" lon="125.78603726781">
    <tag k="local_x" v="304765.0698"/>
    <tag k="local_y" v="2768171.2236"/>
    <tag k="ele" v="8.9"/>
  </node>
  <node id="10300006504" lat="49.89274192397" lon="125.78603639447">
    <tag k="local_x" v="304764.9838"/>
    <tag k="local_y" v="2768171.6306"/>
    <tag k="ele" v="8.9"/>
  </node>
  <node id="10300006505" lat="49.8927455312" lon="125.78603576281">
    <tag k="local_x" v="304764.9157"/>
    <tag k="local_y" v="2768172.0289"/>
    <tag k="ele" v="8.9"/>
  </node>
  <node id="10300006506" lat="49.89274859541" lon="125.78603555981">
    <tag k="local_x" v="304764.8818"/>
    <tag k="local_y" v="2768172.3686"/>
    <tag k="ele" v="8.9"/>
  </node>
  <node id="10300006507" lat="49.8927517882" lon="125.7860356049">
    <tag k="local_x" v="304764.8649"/>
    <tag k="local_y" v="2768172.7236"/>
    <tag k="ele" v="8.9"/>
  </node>
  <node id="10300006508" lat="49.89275351907" lon="125.78603478193">
    <tag k="local_x" v="304764.7949"/>
    <tag k="local_y" v="2768172.9126"/>
    <tag k="ele" v="8.9"/>
  </node>
  <node id="10300006509" lat="49.8927548509" lon="125.78603379855">
    <tag k="local_x" v="304764.7159"/>
    <tag k="local_y" v="2768173.0566"/>
    <tag k="ele" v="8.9"/>
  </node>
  <node id="103000065010" lat="49.89275673675" lon="125.7860316938">
    <tag k="local_x" v="304764.5529"/>
    <tag k="local_y" v="2768173.2576"/>
    <tag k="ele" v="8.9"/>
  </node>
  <node id="103000065011" lat="49.89275825694" lon="125.78602846907">
    <tag k="local_x" v="304764.3118"/>
    <tag k="local_y" v="2768173.4134"/>
    <tag k="ele" v="8.9"/>
  </node>
  <node id="103000065012" lat="49.89275904823" lon="125.78602436129">
    <tag k="local_x" v="304764.0119"/>
    <tag k="local_y" v="2768173.4846"/>
    <tag k="ele" v="8.9"/>
  </node>
  <node id="103000065013" lat="49.89275937895" lon="125.78601877697">
    <tag k="local_x" v="304763.6089"/>
    <tag k="local_y" v="2768173.4986"/>
    <tag k="ele" v="8.9"/>
  </node>
  <node id="103000065014" lat="49.89275879403" lon="125.78601215111">
    <tag k="local_x" v="304763.1369"/>
    <tag k="local_y" v="2768173.4066"/>
    <tag k="ele" v="8.9"/>
  </node>
  <node id="103000065015" lat="49.89275699473" lon="125.78600477784">
    <tag k="local_x" v="304762.6189"/>
    <tag k="local_y" v="2768173.1766"/>
    <tag k="ele" v="8.9"/>
  </node>
  <node id="10300001902" lat="49.89224468077" lon="125.78595751922">
    <tag k="local_x" v="304762.4572"/>
    <tag k="local_y" v="2768116.0503"/>
    <tag k="ele" v="8.9"/>
  </node>
  <node id="10300001903" lat="49.89223998939" lon="125.78595556936">
    <tag k="local_x" v="304762.3468"/>
    <tag k="local_y" v="2768115.521"/>
    <tag k="ele" v="8.9"/>
  </node>
  <node id="10300001904" lat="49.89223678106" lon="125.78595300318">
    <tag k="local_x" v="304762.1828"/>
    <tag k="local_y" v="2768115.154"/>
    <tag k="ele" v="8.9"/>
  </node>
  <node id="10300001905" lat="49.89223427642" lon="125.7859503874">
    <tag k="local_x" v="304762.0108"/>
    <tag k="local_y" v="2768114.865"/>
    <tag k="ele" v="8.9"/>
  </node>
  <node id="10300001906" lat="49.89222981301" lon="125.78594425663">
    <tag k="local_x" v="304761.5988"/>
    <tag k="local_y" v="2768114.344"/>
    <tag k="ele" v="8.9"/>
  </node>
  <node id="10300001907" lat="49.8922271187" lon="125.78593945129">
    <tag k="local_x" v="304761.2708"/>
    <tag k="local_y" v="2768114.025"/>
    <tag k="ele" v="8.9"/>
  </node>
  <node id="10300001908" lat="49.89222456091" lon="125.78593330267">
    <tag k="local_x" v="304760.8455"/>
    <tag k="local_y" v="2768113.7157"/>
    <tag k="ele" v="8.9"/>
  </node>
  <node id="10300001909" lat="49.89222098313" lon="125.78592670091">
    <tag k="local_x" v="304760.3941"/>
    <tag k="local_y" v="2768113.2912"/>
    <tag k="ele" v="8.9"/>
  </node>
  <node id="103000019010" lat="49.89221802156" lon="125.78591735498">
    <tag k="local_x" v="304759.7418"/>
    <tag k="local_y" v="2768112.924"/>
    <tag k="ele" v="8.9"/>
  </node>
  <node id="103000019011" lat="49.89221078071" lon="125.78589476987">
    <tag k="local_x" v="304758.166"/>
    <tag k="local_y" v="2768112.0273"/>
    <tag k="ele" v="8.9"/>
  </node>
  <node id="103000019012" lat="49.89220605619" lon="125.78587956244">
    <tag k="local_x" v="304757.104"/>
    <tag k="local_y" v="2768111.4403"/>
    <tag k="ele" v="8.9"/>
  </node>
  <node id="103000019013" lat="49.89219799241" lon="125.78585382401">
    <tag k="local_x" v="304755.307"/>
    <tag k="local_y" v="2768110.4393"/>
    <tag k="ele" v="8.9"/>
  </node>
  <node id="103000019014" lat="49.89219272089" lon="125.78583512812">
    <tag k="local_x" v="304753.998"/>
    <tag k="local_y" v="2768109.7773"/>
    <tag k="ele" v="8.9"/>
  </node>
  <node id="103000019015" lat="49.89218950119" lon="125.78582155721">
    <tag k="local_x" v="304753.044"/>
    <tag k="local_y" v="2768109.3642"/>
    <tag k="ele" v="8.9"/>
  </node>
  <node id="103000019016" lat="49.89218614587" lon="125.78580729187">
    <tag k="local_x" v="304752.041"/>
    <tag k="local_y" v="2768108.9332"/>
    <tag k="ele" v="8.9"/>
  </node>
  <node id="103000019017" lat="49.89218449313" lon="125.78579788403">
    <tag k="local_x" v="304751.376"/>
    <tag k="local_y" v="2768108.7112"/>
    <tag k="ele" v="8.9"/>
  </node>
  <node id="103000019018" lat="49.89218308799" lon="125.78578663149">
    <tag k="local_x" v="304750.577"/>
    <tag k="local_y" v="2768108.5092"/>
    <tag k="ele" v="8.9"/>
  </node>
  <node id="103000019019" lat="49.89218204602" lon="125.7857755362">
    <tag k="local_x" v="304749.787"/>
    <tag k="local_y" v="2768108.3482"/>
    <tag k="ele" v="8.9"/>
  </node>
  <node id="103000019020" lat="49.89218172388" lon="125.78576078516">
    <tag k="local_x" v="304748.73"/>
    <tag k="local_y" v="2768108.2523"/>
    <tag k="ele" v="8.9"/>
  </node>
  <node id="103000019021" lat="49.8921820578" lon="125.78574259562">
    <tag k="local_x" v="304747.422"/>
    <tag k="local_y" v="2768108.2153"/>
    <tag k="ele" v="8.9"/>
  </node>
  <node id="103000019022" lat="49.89218248496" lon="125.78572576537">
    <tag k="local_x" v="304746.211"/>
    <tag k="local_y" v="2768108.1942"/>
    <tag k="ele" v="8.9"/>
  </node>
  <node id="103000019023" lat="49.89218300319" lon="125.78571609694">
    <tag k="local_x" v="304745.5136"/>
    <tag k="local_y" v="2768108.2124"/>
    <tag k="ele" v="8.9"/>
  </node>
  <node id="103000019024" lat="49.89218384656" lon="125.78570457948">
    <tag k="local_x" v="304744.6814"/>
    <tag k="local_y" v="2768108.2592"/>
    <tag k="ele" v="8.9"/>
  </node>
  <node id="103000019025" lat="49.89218414613" lon="125.78569618723">
    <tag k="local_x" v="304744.077"/>
    <tag k="local_y" v="2768108.2583"/>
    <tag k="ele" v="8.9"/>
  </node>
  <node id="103000019026" lat="49.89218433013" lon="125.78568729035">
    <tag k="local_x" v="304743.4371"/>
    <tag k="local_y" v="2768108.2425"/>
    <tag k="ele" v="8.9"/>
  </node>
  <node id="103000019027" lat="49.892184033" lon="125.78567686361">
    <tag k="local_x" v="304742.6904"/>
    <tag k="local_y" v="2768108.167"/>
    <tag k="ele" v="8.9"/>
  </node>
  <node id="103000019028" lat="49.89218359902" lon="125.78566820635">
    <tag k="local_x" v="304742.0716"/>
    <tag k="local_y" v="2768108.0835"/>
    <tag k="ele" v="8.9"/>
  </node>
  <node id="103000019029" lat="49.89218306386" lon="125.78566073807">
    <tag k="local_x" v="304741.5388"/>
    <tag k="local_y" v="2768107.9936"/>
    <tag k="ele" v="8.9"/>
  </node>
  <node id="103000019030" lat="49.8921823618" lon="125.78565411594">
    <tag k="local_x" v="304741.0678"/>
    <tag k="local_y" v="2768107.8886"/>
    <tag k="ele" v="8.9"/>
  </node>
  <node id="103000019031" lat="49.89218160917" lon="125.78564715507">
    <tag k="local_x" v="304740.5728"/>
    <tag k="local_y" v="2768107.7766"/>
    <tag k="ele" v="8.9"/>
  </node>
  <node id="103000019032" lat="49.89218078332" lon="125.78564071846">
    <tag k="local_x" v="304740.1159"/>
    <tag k="local_y" v="2768107.6586"/>
    <tag k="ele" v="8.9"/>
  </node>
  <node id="103000019033" lat="49.89217987851" lon="125.78563471784">
    <tag k="local_x" v="304739.6908"/>
    <tag k="local_y" v="2768107.5336"/>
    <tag k="ele" v="8.9"/>
  </node>
  <node id="103000019034" lat="49.89217877657" lon="125.78562751597">
    <tag k="local_x" v="304739.1807"/>
    <tag k="local_y" v="2768107.3818"/>
    <tag k="ele" v="8.9"/>
  </node>
  <node id="103000019035" lat="49.89217747643" lon="125.78561924088">
    <tag k="local_x" v="304738.5948"/>
    <tag k="local_y" v="2768107.2036"/>
    <tag k="ele" v="8.9"/>
  </node>
  <node id="103000019036" lat="49.89217605405" lon="125.78561042158">
    <tag k="local_x" v="304737.9706"/>
    <tag k="local_y" v="2768107.0096"/>
    <tag k="ele" v="8.9"/>
  </node>
  <node id="103000019037" lat="49.89217448394" lon="125.78560047779">
    <tag k="local_x" v="304737.2666"/>
    <tag k="local_y" v="2768106.7946"/>
    <tag k="ele" v="8.9"/>
  </node>
  <node id="103000019038" lat="49.89217283268" lon="125.78559002264">
    <tag k="local_x" v="304736.5264"/>
    <tag k="local_y" v="2768106.5685"/>
    <tag k="ele" v="8.9"/>
  </node>
  <node id="103000019039" lat="49.8921710746" lon="125.78557116602">
    <tag k="local_x" v="304735.1837"/>
    <tag k="local_y" v="2768106.2963"/>
    <tag k="ele" v="8.9"/>
  </node>
  <node id="103000019040" lat="49.892169956" lon="125.78555437967">
    <tag k="local_x" v="304733.9856"/>
    <tag k="local_y" v="2768106.1036"/>
    <tag k="ele" v="8.9"/>
  </node>
  <node id="103000019041" lat="49.89216922603" lon="125.78553624572">
    <tag k="local_x" v="304732.6883"/>
    <tag k="local_y" v="2768105.9486"/>
    <tag k="ele" v="8.9"/>
  </node>
  <node id="103000019042" lat="49.89216820396" lon="125.7855128252">
    <tag k="local_x" v="304731.0133"/>
    <tag k="local_y" v="2768105.7396"/>
    <tag k="ele" v="8.9"/>
  </node>
  <node id="103000019043" lat="49.89216734104" lon="125.78549421854">
    <tag k="local_x" v="304729.6829"/>
    <tag k="local_y" v="2768105.5679"/>
    <tag k="ele" v="8.9"/>
  </node>
  <node id="10300001801" lat="49.89215972427" lon="125.78549457605">
    <tag k="local_x" v="304729.7566"/>
    <tag k="local_y" v="2768104.7229"/>
    <tag k="ele" v="8.9"/>
  </node>
  <node id="10300001802" lat="49.89215975709" lon="125.78549655264">
    <tag k="local_x" v="304729.8983"/>
    <tag k="local_y" v="2768104.7346"/>
    <tag k="ele" v="8.9"/>
  </node>
  <node id="10300001803" lat="49.89215989585" lon="125.78550405852">
    <tag k="local_x" v="304730.4363"/>
    <tag k="local_y" v="2768104.7806"/>
    <tag k="ele" v="8.9"/>
  </node>
  <node id="10300001804" lat="49.8921604634" lon="125.7855166819">
    <tag k="local_x" v="304731.339"/>
    <tag k="local_y" v="2768104.8951"/>
    <tag k="ele" v="8.9"/>
  </node>
  <node id="10300001805" lat="49.89216124293" lon="125.78553972313">
    <tag k="local_x" v="304732.9883"/>
    <tag k="local_y" v="2768105.0756"/>
    <tag k="ele" v="8.9"/>
  </node>
  <node id="10300001806" lat="49.89216131221" lon="125.78555575151">
    <tag k="local_x" v="304734.1386"/>
    <tag k="local_y" v="2768105.1486"/>
    <tag k="ele" v="8.9"/>
  </node>
  <node id="10300001807" lat="49.89216177944" lon="125.7855690249">
    <tag k="local_x" v="304735.0886"/>
    <tag k="local_y" v="2768105.2546"/>
    <tag k="ele" v="8.9"/>
  </node>
  <node id="10300001808" lat="49.89216250858" lon="125.78557932662">
    <tag k="local_x" v="304735.8236"/>
    <tag k="local_y" v="2768105.3776"/>
    <tag k="ele" v="8.9"/>
  </node>
  <node id="10300001809" lat="49.89216345944" lon="125.78558890679">
    <tag k="local_x" v="304736.5054"/>
    <tag k="local_y" v="2768105.5223"/>
    <tag k="ele" v="8.9"/>
  </node>
  <node id="103000018010" lat="49.89216447258" lon="125.78559779461">
    <tag k="local_x" v="304737.1371"/>
    <tag k="local_y" v="2768105.6711"/>
    <tag k="ele" v="8.9"/>
  </node>
  <node id="103000018011" lat="49.8921663063" lon="125.78560717515">
    <tag k="local_x" v="304737.799"/>
    <tag k="local_y" v="2768105.9131"/>
    <tag k="ele" v="8.9"/>
  </node>
  <node id="103000018012" lat="49.89216837729" lon="125.7856155082">
    <tag k="local_x" v="304738.3842"/>
    <tag k="local_y" v="2768106.1772"/>
    <tag k="ele" v="8.9"/>
  </node>
  <node id="103000018013" lat="49.89217012049" lon="125.78562303801">
    <tag k="local_x" v="304738.9138"/>
    <tag k="local_y" v="2768106.4016"/>
    <tag k="ele" v="8.9"/>
  </node>
  <node id="103000018014" lat="49.89217207916" lon="125.78563121912">
    <tag k="local_x" v="304739.4888"/>
    <tag k="local_y" v="2768106.6526"/>
    <tag k="ele" v="8.9"/>
  </node>
  <node id="103000018015" lat="49.89217425951" lon="125.7856404964">
    <tag k="local_x" v="304740.1411"/>
    <tag k="local_y" v="2768106.9327"/>
    <tag k="ele" v="8.9"/>
  </node>
  <node id="103000018016" lat="49.89217565886" lon="125.78564795562">
    <tag k="local_x" v="304740.6678"/>
    <tag k="local_y" v="2768107.1186"/>
    <tag k="ele" v="8.9"/>
  </node>
  <node id="103000018017" lat="49.89217668732" lon="125.78565576252">
    <tag k="local_x" v="304741.2218"/>
    <tag k="local_y" v="2768107.2647"/>
    <tag k="ele" v="8.9"/>
  </node>
  <node id="103000018018" lat="49.89217743084" lon="125.78566380625">
    <tag k="local_x" v="304741.7946"/>
    <tag k="local_y" v="2768107.3801"/>
    <tag k="ele" v="8.9"/>
  </node>
  <node id="103000018019" lat="49.89217749688" lon="125.78567086559">
    <tag k="local_x" v="304742.301"/>
    <tag k="local_y" v="2768107.4162"/>
    <tag k="ele" v="8.9"/>
  </node>
  <node id="103000018020" lat="49.89217744837" lon="125.78567952783">
    <tag k="local_x" v="304742.9232"/>
    <tag k="local_y" v="2768107.4461"/>
    <tag k="ele" v="8.9"/>
  </node>
  <node id="103000018021" lat="49.89217734904" lon="125.78568699887">
    <tag k="local_x" v="304743.4602"/>
    <tag k="local_y" v="2768107.4655"/>
    <tag k="ele" v="8.9"/>
  </node>
  <node id="103000018022" lat="49.89217715388" lon="125.78569421217">
    <tag k="local_x" v="304743.9793"/>
    <tag k="local_y" v="2768107.4732"/>
    <tag k="ele" v="8.9"/>
  </node>
  <node id="103000018023" lat="49.89217670923" lon="125.78570177545">
    <tag k="local_x" v="304744.5251"/>
    <tag k="local_y" v="2768107.4546"/>
    <tag k="ele" v="8.9"/>
  </node>
  <node id="103000018024" lat="49.89217621976" lon="125.7857092359">
    <tag k="local_x" v="304745.0638"/>
    <tag k="local_y" v="2768107.4306"/>
    <tag k="ele" v="8.9"/>
  </node>
  <node id="103000018025" lat="49.89217526843" lon="125.7857223234">
    <tag k="local_x" v="304746.0094"/>
    <tag k="local_y" v="2768107.3782"/>
    <tag k="ele" v="8.9"/>
  </node>
  <node id="103000018026" lat="49.89217423516" lon="125.78573504435">
    <tag k="local_x" v="304746.9292"/>
    <tag k="local_y" v="2768107.3152"/>
    <tag k="ele" v="8.9"/>
  </node>
  <node id="103000018027" lat="49.8921728822" lon="125.78575133084">
    <tag k="local_x" v="304748.107"/>
    <tag k="local_y" v="2768107.2312"/>
    <tag k="ele" v="8.9"/>
  </node>
  <node id="103000018028" lat="49.8921724174" lon="125.78576526059">
    <tag k="local_x" v="304749.11"/>
    <tag k="local_y" v="2768107.2363"/>
    <tag k="ele" v="8.9"/>
  </node>
  <node id="103000018029" lat="49.89217195112" lon="125.78577942701">
    <tag k="local_x" v="304750.13"/>
    <tag k="local_y" v="2768107.2422"/>
    <tag k="ele" v="8.9"/>
  </node>
  <node id="103000018030" lat="49.89217240923" lon="125.7857922121">
    <tag k="local_x" v="304751.045"/>
    <tag k="local_y" v="2768107.3452"/>
    <tag k="ele" v="8.9"/>
  </node>
  <node id="103000018031" lat="49.8921734259" lon="125.78580205853">
    <tag k="local_x" v="304751.7455"/>
    <tag k="local_y" v="2768107.4983"/>
    <tag k="ele" v="8.9"/>
  </node>
  <node id="103000018032" lat="49.89217497291" lon="125.78581189584">
    <tag k="local_x" v="304752.442"/>
    <tag k="local_y" v="2768107.7103"/>
    <tag k="ele" v="8.9"/>
  </node>
  <node id="103000018033" lat="49.89217732132" lon="125.78582422158">
    <tag k="local_x" v="304753.3121"/>
    <tag k="local_y" v="2768108.0215"/>
    <tag k="ele" v="8.9"/>
  </node>
  <node id="103000018034" lat="49.89218015454" lon="125.78583542408">
    <tag k="local_x" v="304754.0985"/>
    <tag k="local_y" v="2768108.382"/>
    <tag k="ele" v="8.9"/>
  </node>
  <node id="103000018035" lat="49.89218361421" lon="125.78584716214">
    <tag k="local_x" v="304754.9194"/>
    <tag k="local_y" v="2768108.8143"/>
    <tag k="ele" v="8.9"/>
  </node>
  <node id="103000018036" lat="49.89218693164" lon="125.78585723298">
    <tag k="local_x" v="304755.6215"/>
    <tag k="local_y" v="2768109.224"/>
    <tag k="ele" v="8.9"/>
  </node>
  <node id="103000018037" lat="49.89219075165" lon="125.7858672421">
    <tag k="local_x" v="304756.316"/>
    <tag k="local_y" v="2768109.6893"/>
    <tag k="ele" v="8.9"/>
  </node>
  <node id="103000018038" lat="49.8921953976" lon="125.78587848127">
    <tag k="local_x" v="304757.0936"/>
    <tag k="local_y" v="2768110.2514"/>
    <tag k="ele" v="8.9"/>
  </node>
  <node id="103000018039" lat="49.89219965515" lon="125.78588971139">
    <tag k="local_x" v="304757.873"/>
    <tag k="local_y" v="2768110.7703"/>
    <tag k="ele" v="8.9"/>
  </node>
  <node id="103000018040" lat="49.89220348757" lon="125.78590127189">
    <tag k="local_x" v="304758.6788"/>
    <tag k="local_y" v="2768111.2433"/>
    <tag k="ele" v="8.9"/>
  </node>
  <node id="103000018041" lat="49.89220660799" lon="125.78591212633">
    <tag k="local_x" v="304759.4384"/>
    <tag k="local_y" v="2768111.6343"/>
    <tag k="ele" v="8.9"/>
  </node>
  <node id="103000018042" lat="49.89220968786" lon="125.7859233505">
    <tag k="local_x" v="304760.2248"/>
    <tag k="local_y" v="2768112.0223"/>
    <tag k="ele" v="8.9"/>
  </node>
  <node id="103000018043" lat="49.89221239473" lon="125.7859332131">
    <tag k="local_x" v="304760.9158"/>
    <tag k="local_y" v="2768112.3633"/>
    <tag k="ele" v="8.9"/>
  </node>
  <node id="103000018044" lat="49.89221579145" lon="125.78594229918">
    <tag k="local_x" v="304761.5467"/>
    <tag k="local_y" v="2768112.7778"/>
    <tag k="ele" v="8.9"/>
  </node>
  <node id="103000018045" lat="49.8922197058" lon="125.78595066744">
    <tag k="local_x" v="304762.1228"/>
    <tag k="local_y" v="2768113.2469"/>
    <tag k="ele" v="8.9"/>
  </node>
  <node id="103000018046" lat="49.89222322677" lon="125.78595754279">
    <tag k="local_x" v="304762.5942"/>
    <tag k="local_y" v="2768113.6662"/>
    <tag k="ele" v="8.9"/>
  </node>
  <node id="103000018047" lat="49.89222788681" lon="125.78596535393">
    <tag k="local_x" v="304763.1256"/>
    <tag k="local_y" v="2768114.2159"/>
    <tag k="ele" v="8.9"/>
  </node>
  <node id="103000018048" lat="49.89223228058" lon="125.78597021803">
    <tag k="local_x" v="304763.4471"/>
    <tag k="local_y" v="2768114.724"/>
    <tag k="ele" v="8.9"/>
  </node>
  <node id="103000018049" lat="49.89223697046" lon="125.785972945">
    <tag k="local_x" v="304763.6133"/>
    <tag k="local_y" v="2768115.2563"/>
    <tag k="ele" v="8.9"/>
  </node>
  <node id="103000018050" lat="49.89224272039" lon="125.78597478728">
    <tag k="local_x" v="304763.7093"/>
    <tag k="local_y" v="2768115.9028"/>
    <tag k="ele" v="8.9"/>
  </node>
  <node id="103000018051" lat="49.89224862921" lon="125.78597538854">
    <tag k="local_x" v="304763.7152"/>
    <tag k="local_y" v="2768116.5619"/>
    <tag k="ele" v="8.9"/>
  </node>
  <node id="10300006401" lat="49.89215184506" lon="125.78549404135">
    <tag k="local_x" v="304729.7679"/>
    <tag k="local_y" v="2768103.8451"/>
    <tag k="ele" v="8.9"/>
  </node>
  <node id="10300006402" lat="49.89215237242" lon="125.78550324446">
    <tag k="local_x" v="304730.4253"/>
    <tag k="local_y" v="2768103.9412"/>
    <tag k="ele" v="8.9"/>
  </node>
  <node id="10300006403" lat="49.89215253546" lon="125.78551548826">
    <tag k="local_x" v="304731.3033"/>
    <tag k="local_y" v="2768104.0092"/>
    <tag k="ele" v="8.9"/>
  </node>
  <node id="10300006404" lat="49.89215245411" lon="125.78552408911">
    <tag k="local_x" v="304731.9213"/>
    <tag k="local_y" v="2768104.0352"/>
    <tag k="ele" v="8.9"/>
  </node>
  <node id="10300006405" lat="49.89215217373" lon="125.78554256192">
    <tag k="local_x" v="304733.2493"/>
    <tag k="local_y" v="2768104.0793"/>
    <tag k="ele" v="8.9"/>
  </node>
  <node id="10300006406" lat="49.89215218422" lon="125.78556066052">
    <tag k="local_x" v="304734.5486"/>
    <tag k="local_y" v="2768104.1542"/>
    <tag k="ele" v="8.9"/>
  </node>
  <node id="10300006407" lat="49.8921526879" lon="125.78557721038">
    <tag k="local_x" v="304735.7336"/>
    <tag k="local_y" v="2768104.2776"/>
    <tag k="ele" v="8.9"/>
  </node>
  <node id="10300006408" lat="49.89215405634" lon="125.78559020079">
    <tag k="local_x" v="304736.6576"/>
    <tag k="local_y" v="2768104.4826"/>
    <tag k="ele" v="8.9"/>
  </node>
  <node id="10300006409" lat="49.89215569592" lon="125.78560119534">
    <tag k="local_x" v="304737.4366"/>
    <tag k="local_y" v="2768104.7096"/>
    <tag k="ele" v="8.9"/>
  </node>
  <node id="103000064010" lat="49.89215822089" lon="125.78561356583">
    <tag k="local_x" v="304738.3088"/>
    <tag k="local_y" v="2768105.0406"/>
    <tag k="ele" v="8.9"/>
  </node>
  <node id="103000064011" lat="49.89216083663" lon="125.78562272395">
    <tag k="local_x" v="304738.9498"/>
    <tag k="local_y" v="2768105.3686"/>
    <tag k="ele" v="8.9"/>
  </node>
  <node id="103000064012" lat="49.89216512285" lon="125.78563442457">
    <tag k="local_x" v="304739.7628"/>
    <tag k="local_y" v="2768105.8926"/>
    <tag k="ele" v="8.9"/>
  </node>
  <node id="103000064013" lat="49.89216757831" lon="125.78564125365">
    <tag k="local_x" v="304740.2376"/>
    <tag k="local_y" v="2768106.1933"/>
    <tag k="ele" v="8.9"/>
  </node>
  <node id="103000064014" lat="49.89216923253" lon="125.78564824078">
    <tag k="local_x" v="304740.7288"/>
    <tag k="local_y" v="2768106.4056"/>
    <tag k="ele" v="8.9"/>
  </node>
  <node id="103000064015" lat="49.89217064621" lon="125.78565876977">
    <tag k="local_x" v="304741.4758"/>
    <tag k="local_y" v="2768106.6056"/>
    <tag k="ele" v="8.9"/>
  </node>
  <node id="103000064016" lat="49.89217098068" lon="125.78566942961">
    <tag k="local_x" v="304742.239"/>
    <tag k="local_y" v="2768106.6862"/>
    <tag k="ele" v="8.9"/>
  </node>
  <node id="103000064017" lat="49.8921710352" lon="125.7856787667">
    <tag k="local_x" v="304742.909"/>
    <tag k="local_y" v="2768106.7303"/>
    <tag k="ele" v="8.9"/>
  </node>
  <node id="103000064018" lat="49.89217069969" lon="125.78568813916">
    <tag k="local_x" v="304743.584"/>
    <tag k="local_y" v="2768106.7312"/>
    <tag k="ele" v="8.9"/>
  </node>
  <node id="103000064019" lat="49.89216981472" lon="125.78569801773">
    <tag k="local_x" v="304744.2988"/>
    <tag k="local_y" v="2768106.6731"/>
    <tag k="ele" v="8.9"/>
  </node>
  <node id="103000064020" lat="49.89216854449" lon="125.78571074711">
    <tag k="local_x" v="304745.2207"/>
    <tag k="local_y" v="2768106.5838"/>
    <tag k="ele" v="8.9"/>
  </node>
  <node id="103000064021" lat="49.89216656816" lon="125.78572177504">
    <tag k="local_x" v="304746.0249"/>
    <tag k="local_y" v="2768106.4091"/>
    <tag k="ele" v="8.9"/>
  </node>
  <node id="103000064022" lat="49.89216435106" lon="125.78573711229">
    <tag k="local_x" v="304747.14"/>
    <tag k="local_y" v="2768106.2252"/>
    <tag k="ele" v="8.9"/>
  </node>
  <node id="103000064023" lat="49.89216235133" lon="125.78575206748">
    <tag k="local_x" v="304748.2263"/>
    <tag k="local_y" v="2768106.0639"/>
    <tag k="ele" v="8.9"/>
  </node>
  <node id="103000064024" lat="49.8921611449" lon="125.78576794061">
    <tag k="local_x" v="304749.3735"/>
    <tag k="local_y" v="2768105.9945"/>
    <tag k="ele" v="8.9"/>
  </node>
  <node id="103000064025" lat="49.89216066734" lon="125.78578175224">
    <tag k="local_x" v="304750.3681"/>
    <tag k="local_y" v="2768105.9977"/>
    <tag k="ele" v="8.9"/>
  </node>
  <node id="103000064026" lat="49.89216123383" lon="125.78579526279">
    <tag k="local_x" v="304751.3345"/>
    <tag k="local_y" v="2768106.1157"/>
    <tag k="ele" v="8.9"/>
  </node>
  <node id="103000064027" lat="49.89216292218" lon="125.78581064503">
    <tag k="local_x" v="304752.4282"/>
    <tag k="local_y" v="2768106.366"/>
    <tag k="ele" v="8.9"/>
  </node>
  <node id="103000064028" lat="49.8921661337" lon="125.7858270163">
    <tag k="local_x" v="304753.5833"/>
    <tag k="local_y" v="2768106.7896"/>
    <tag k="ele" v="8.9"/>
  </node>
  <node id="103000064029" lat="49.8921703601" lon="125.7858436369">
    <tag k="local_x" v="304754.7499"/>
    <tag k="local_y" v="2768107.327"/>
    <tag k="ele" v="8.9"/>
  </node>
  <node id="103000064030" lat="49.89217536608" lon="125.78585983152">
    <tag k="local_x" v="304755.881"/>
    <tag k="local_y" v="2768107.9493"/>
    <tag k="ele" v="8.9"/>
  </node>
  <node id="103000064031" lat="49.89218049076" lon="125.7858724694">
    <tag k="local_x" v="304756.756"/>
    <tag k="local_y" v="2768108.5703"/>
    <tag k="ele" v="8.9"/>
  </node>
  <node id="103000064032" lat="49.89218490674" lon="125.78588259356">
    <tag k="local_x" v="304757.455"/>
    <tag k="local_y" v="2768109.1023"/>
    <tag k="ele" v="8.9"/>
  </node>
  <node id="103000064033" lat="49.89219016174" lon="125.78589373858">
    <tag k="local_x" v="304758.222"/>
    <tag k="local_y" v="2768109.7317"/>
    <tag k="ele" v="8.9"/>
  </node>
  <node id="103000064034" lat="49.89219252313" lon="125.78589950083">
    <tag k="local_x" v="304758.6208"/>
    <tag k="local_y" v="2768110.0176"/>
    <tag k="ele" v="8.9"/>
  </node>
  <node id="103000064035" lat="49.8921936326" lon="125.78590239798">
    <tag k="local_x" v="304758.8218"/>
    <tag k="local_y" v="2768110.1527"/>
    <tag k="ele" v="8.9"/>
  </node>
  <node id="103000064036" lat="49.89219472973" lon="125.7859056562">
    <tag k="local_x" v="304759.0488"/>
    <tag k="local_y" v="2768110.2879"/>
    <tag k="ele" v="8.9"/>
  </node>
  <node id="103000064037" lat="49.89219598023" lon="125.78591010627">
    <tag k="local_x" v="304759.3604"/>
    <tag k="local_y" v="2768110.445"/>
    <tag k="ele" v="8.9"/>
  </node>
  <node id="103000064038" lat="49.89219711031" lon="125.78591489537">
    <tag k="local_x" v="304759.6971"/>
    <tag k="local_y" v="2768110.5901"/>
    <tag k="ele" v="8.9"/>
  </node>
  <node id="103000064039" lat="49.89219996141" lon="125.785927009">
    <tag k="local_x" v="304760.5488"/>
    <tag k="local_y" v="2768110.9563"/>
    <tag k="ele" v="8.9"/>
  </node>
  <node id="103000064040" lat="49.8922026457" lon="125.78593596563">
    <tag k="local_x" v="304761.1749"/>
    <tag k="local_y" v="2768111.2911"/>
    <tag k="ele" v="8.9"/>
  </node>
  <node id="103000064042" lat="49.89220971129" lon="125.78595633598">
    <tag k="local_x" v="304762.5928"/>
    <tag k="local_y" v="2768112.1593"/>
    <tag k="ele" v="8.9"/>
  </node>
  <node id="103000064043" lat="49.89221623581" lon="125.7859701847">
    <tag k="local_x" v="304763.5459"/>
    <tag k="local_y" v="2768112.9408"/>
    <tag k="ele" v="8.9"/>
  </node>
  <node id="103000064044" lat="49.89222125796" lon="125.78597953197">
    <tag k="local_x" v="304764.1853"/>
    <tag k="local_y" v="2768113.537"/>
    <tag k="ele" v="8.9"/>
  </node>
  <node id="103000064045" lat="49.89222603523" lon="125.78598520141">
    <tag k="local_x" v="304764.5622"/>
    <tag k="local_y" v="2768114.091"/>
    <tag k="ele" v="8.9"/>
  </node>
  <node id="103000064046" lat="49.8922317425" lon="125.78598950814">
    <tag k="local_x" v="304764.8354"/>
    <tag k="local_y" v="2768114.7428"/>
    <tag k="ele" v="8.9"/>
  </node>
  <node id="103000064047" lat="49.89223706443" lon="125.78599242156">
    <tag k="local_x" v="304765.011"/>
    <tag k="local_y" v="2768115.3461"/>
    <tag k="ele" v="8.9"/>
  </node>
  <node id="103000064048" lat="49.89224221887" lon="125.78599455279">
    <tag k="local_x" v="304765.1315"/>
    <tag k="local_y" v="2768115.9276"/>
    <tag k="ele" v="8.9"/>
  </node>
  <node id="103000064049" lat="49.89224670114" lon="125.785995604">
    <tag k="local_x" v="304765.1787"/>
    <tag k="local_y" v="2768116.43"/>
    <tag k="ele" v="8.9"/>
  </node>
  <node id="10300004201" lat="49.89259235997" lon="125.78616466159">
    <tag k="local_x" v="304775.1358"/>
    <tag k="local_y" v="2768155.5321"/>
    <tag k="ele" v="8.9"/>
  </node>
  <node id="10300004202" lat="49.89259391813" lon="125.78616530967">
    <tag k="local_x" v="304775.1725"/>
    <tag k="local_y" v="2768155.7079"/>
    <tag k="ele" v="8.9"/>
  </node>
  <node id="10300004203" lat="49.89259646877" lon="125.78616642521">
    <tag k="local_x" v="304775.2365"/>
    <tag k="local_y" v="2768155.9959"/>
    <tag k="ele" v="8.9"/>
  </node>
  <node id="10300004204" lat="49.89259965148" lon="125.78616797235">
    <tag k="local_x" v="304775.3275"/>
    <tag k="local_y" v="2768156.3559"/>
    <tag k="ele" v="8.9"/>
  </node>
  <node id="10300004205" lat="49.89260425154" lon="125.78617135727">
    <tag k="local_x" v="304775.5415"/>
    <tag k="local_y" v="2768156.8809"/>
    <tag k="ele" v="8.9"/>
  </node>
  <node id="10300004206" lat="49.89260952793" lon="125.78617592985">
    <tag k="local_x" v="304775.8365"/>
    <tag k="local_y" v="2768157.4859"/>
    <tag k="ele" v="8.9"/>
  </node>
  <node id="10300004207" lat="49.8926157886" lon="125.78618237181">
    <tag k="local_x" v="304776.2595"/>
    <tag k="local_y" v="2768158.2079"/>
    <tag k="ele" v="8.9"/>
  </node>
  <node id="10300004208" lat="49.89262140644" lon="125.78618941196">
    <tag k="local_x" v="304776.7295"/>
    <tag k="local_y" v="2768158.8609"/>
    <tag k="ele" v="8.9"/>
  </node>
  <node id="10300004209" lat="49.89262568113" lon="125.78619725341">
    <tag k="local_x" v="304777.2655"/>
    <tag k="local_y" v="2768159.3679"/>
    <tag k="ele" v="8.9"/>
  </node>
  <node id="103000042010" lat="49.89262852661" lon="125.78620505288">
    <tag k="local_x" v="304777.8075"/>
    <tag k="local_y" v="2768159.7159"/>
    <tag k="ele" v="8.9"/>
  </node>
  <node id="103000042011" lat="49.89263077765" lon="125.78621532126">
    <tag k="local_x" v="304778.5305"/>
    <tag k="local_y" v="2768160.0079"/>
    <tag k="ele" v="8.9"/>
  </node>
  <node id="103000042012" lat="49.89263100766" lon="125.78622205521">
    <tag k="local_x" v="304779.0125"/>
    <tag k="local_y" v="2768160.0609"/>
    <tag k="ele" v="8.9"/>
  </node>
  <node id="103000042013" lat="49.89263039075" lon="125.78622749319">
    <tag k="local_x" v="304779.4068"/>
    <tag k="local_y" v="2768160.0145"/>
    <tag k="ele" v="8.9"/>
  </node>
  <node id="103000042014" lat="49.89263008785" lon="125.78622898066">
    <tag k="local_x" v="304779.5155"/>
    <tag k="local_y" v="2768159.9869"/>
    <tag k="ele" v="8.9"/>
  </node>
  <node id="10300007301" lat="49.89256413328" lon="125.78616943458">
    <tag k="local_x" v="304775.6565"/>
    <tag k="local_y" v="2768152.4147"/>
    <tag k="ele" v="8.9"/>
  </node>
  <node id="10300007302" lat="49.89256691873" lon="125.78616979072">
    <tag k="local_x" v="304775.6645"/>
    <tag k="local_y" v="2768152.7257"/>
    <tag k="ele" v="8.9"/>
  </node>
  <node id="10300007303" lat="49.89257126837" lon="125.78617092501">
    <tag k="local_x" v="304775.7185"/>
    <tag k="local_y" v="2768153.2137"/>
    <tag k="ele" v="8.9"/>
  </node>
  <node id="10300007304" lat="49.89257601173" lon="125.78617241425">
    <tag k="local_x" v="304775.7955"/>
    <tag k="local_y" v="2768153.7469"/>
    <tag k="ele" v="8.9"/>
  </node>
  <node id="10300007305" lat="49.89257924609" lon="125.78617353414">
    <tag k="local_x" v="304775.8555"/>
    <tag k="local_y" v="2768154.1109"/>
    <tag k="ele" v="8.9"/>
  </node>
  <node id="10300007306" lat="49.89258386252" lon="125.78617573654">
    <tag k="local_x" v="304775.9845"/>
    <tag k="local_y" v="2768154.6329"/>
    <tag k="ele" v="8.9"/>
  </node>
  <node id="10300007307" lat="49.89258995274" lon="125.7861789738">
    <tag k="local_x" v="304776.1785"/>
    <tag k="local_y" v="2768155.3229"/>
    <tag k="ele" v="8.9"/>
  </node>
  <node id="10300007402" lat="49.89259396108" lon="125.78618131778">
    <tag k="local_x" v="304776.3215"/>
    <tag k="local_y" v="2768155.7779"/>
    <tag k="ele" v="8.9"/>
  </node>
  <node id="10300007403" lat="49.89259772113" lon="125.78618380709">
    <tag k="local_x" v="304776.4765"/>
    <tag k="local_y" v="2768156.2059"/>
    <tag k="ele" v="8.9"/>
  </node>
  <node id="10300007404" lat="49.89260139129" lon="125.78618653924">
    <tag k="local_x" v="304776.6495"/>
    <tag k="local_y" v="2768156.6249"/>
    <tag k="ele" v="8.9"/>
  </node>
  <node id="10300007405" lat="49.89260455732" lon="125.78618903208">
    <tag k="local_x" v="304776.8085"/>
    <tag k="local_y" v="2768156.9869"/>
    <tag k="ele" v="8.9"/>
  </node>
  <node id="10300007406" lat="49.89260892951" lon="125.78619323272">
    <tag k="local_x" v="304777.0825"/>
    <tag k="local_y" v="2768157.4899"/>
    <tag k="ele" v="8.9"/>
  </node>
  <node id="10300007407" lat="49.89261126047" lon="125.78619616757">
    <tag k="local_x" v="304777.2785"/>
    <tag k="local_y" v="2768157.7609"/>
    <tag k="ele" v="8.9"/>
  </node>
  <node id="10300007408" lat="49.89261271587" lon="125.78619844049">
    <tag k="local_x" v="304777.4325"/>
    <tag k="local_y" v="2768157.9319"/>
    <tag k="ele" v="8.9"/>
  </node>
  <node id="10300007409" lat="49.89261387953" lon="125.78620032563">
    <tag k="local_x" v="304777.5605"/>
    <tag k="local_y" v="2768158.0689"/>
    <tag k="ele" v="8.9"/>
  </node>
  <node id="103000074010" lat="49.89261607338" lon="125.78620528206">
    <tag k="local_x" v="304777.9025"/>
    <tag k="local_y" v="2768158.3329"/>
    <tag k="ele" v="8.9"/>
  </node>
  <node id="103000074011" lat="49.89261744575" lon="125.78620859235">
    <tag k="local_x" v="304778.1315"/>
    <tag k="local_y" v="2768158.4989"/>
    <tag k="ele" v="8.9"/>
  </node>
  <node id="103000074012" lat="49.89261859628" lon="125.78621328998">
    <tag k="local_x" v="304778.4615"/>
    <tag k="local_y" v="2768158.6459"/>
    <tag k="ele" v="8.9"/>
  </node>
  <node id="103000074013" lat="49.89261937772" lon="125.78621774624">
    <tag k="local_x" v="304778.7765"/>
    <tag k="local_y" v="2768158.7509"/>
    <tag k="ele" v="8.9"/>
  </node>
  <node id="103000074014" lat="49.89261977519" lon="125.78622187627">
    <tag k="local_x" v="304779.0705"/>
    <tag k="local_y" v="2768158.8119"/>
    <tag k="ele" v="8.9"/>
  </node>
  <node id="103000074015" lat="49.8926197871" lon="125.78622400565">
    <tag k="local_x" v="304779.2233"/>
    <tag k="local_y" v="2768158.8219"/>
    <tag k="ele" v="8.9"/>
  </node>
  <node id="10300002502" lat="49.89261979798" lon="125.78622591766">
    <tag k="local_x" v="304779.3605"/>
    <tag k="local_y" v="2768158.8309"/>
    <tag k="ele" v="8.9"/>
  </node>
  <node id="10300002503" lat="49.89261951445" lon="125.78623168718">
    <tag k="local_x" v="304779.7765"/>
    <tag k="local_y" v="2768158.8229"/>
    <tag k="ele" v="8.9"/>
  </node>
  <node id="10300002504" lat="49.89261887604" lon="125.78623560084">
    <tag k="local_x" v="304780.0615"/>
    <tag k="local_y" v="2768158.7679"/>
    <tag k="ele" v="8.9"/>
  </node>
  <node id="10300002505" lat="49.89261799179" lon="125.7862388076">
    <tag k="local_x" v="304780.2973"/>
    <tag k="local_y" v="2768158.6827"/>
    <tag k="ele" v="8.9"/>
  </node>
  <node id="10300002506" lat="49.89261702347" lon="125.7862417061">
    <tag k="local_x" v="304780.5115"/>
    <tag k="local_y" v="2768158.5869"/>
    <tag k="ele" v="8.9"/>
  </node>
  <node id="10300002507" lat="49.89261660617" lon="125.78624277958">
    <tag k="local_x" v="304780.5912"/>
    <tag k="local_y" v="2768158.5449"/>
    <tag k="ele" v="8.9"/>
  </node>
  <node id="10300003202" lat="49.89262973426" lon="125.78623074642">
    <tag k="local_x" v="304779.6445"/>
    <tag k="local_y" v="2768159.9548"/>
    <tag k="ele" v="8.9"/>
  </node>
  <node id="10300003203" lat="49.8926284936" lon="125.78623613935">
    <tag k="local_x" v="304780.0395"/>
    <tag k="local_y" v="2768159.8389"/>
    <tag k="ele" v="8.9"/>
  </node>
  <node id="10300003204" lat="49.89262675311" lon="125.78624360557">
    <tag k="local_x" v="304780.5865"/>
    <tag k="local_y" v="2768159.6759"/>
    <tag k="ele" v="8.9"/>
  </node>
  <node id="10300003205" lat="49.8926258142" lon="125.78624776305">
    <tag k="local_x" v="304780.8909"/>
    <tag k="local_y" v="2768159.5885"/>
    <tag k="ele" v="8.9"/>
  </node>
  <node id="10300002601" lat="49.89263493053" lon="125.78625269529">
    <tag k="local_x" v="304781.1875"/>
    <tag k="local_y" v="2768160.6217"/>
    <tag k="ele" v="8.9"/>
  </node>
  <node id="10300002602" lat="49.89263808431" lon="125.78623790125">
    <tag k="local_x" v="304780.1055"/>
    <tag k="local_y" v="2768160.9119"/>
    <tag k="ele" v="8.9"/>
  </node>
  <node id="10300002603" lat="49.89263933729" lon="125.78623344822">
    <tag k="local_x" v="304779.7779"/>
    <tag k="local_y" v="2768161.033"/>
    <tag k="ele" v="8.9"/>
  </node>
  <node id="10300002401" lat="49.89259551499" lon="125.78632052066">
    <tag k="local_x" v="304786.3055"/>
    <tag k="local_y" v="2768156.5178"/>
    <tag k="ele" v="8.9"/>
  </node>
  <node id="10300002402" lat="49.8925973903" lon="125.78632218835">
    <tag k="local_x" v="304786.4134"/>
    <tag k="local_y" v="2768156.733"/>
    <tag k="ele" v="8.9"/>
  </node>
  <node id="10300002403" lat="49.89260087107" lon="125.78632333686">
    <tag k="local_x" v="304786.4739"/>
    <tag k="local_y" v="2768157.1245"/>
    <tag k="ele" v="8.9"/>
  </node>
  <node id="10300002404" lat="49.89260404311" lon="125.78632257366">
    <tag k="local_x" v="304786.3991"/>
    <tag k="local_y" v="2768157.4739"/>
    <tag k="ele" v="8.9"/>
  </node>
  <node id="10300002405" lat="49.89260651327" lon="125.78631962602">
    <tag k="local_x" v="304786.1719"/>
    <tag k="local_y" v="2768157.7364"/>
    <tag k="ele" v="8.9"/>
  </node>
  <node id="10300002406" lat="49.89260837084" lon="125.78631421905">
    <tag k="local_x" v="304785.772"/>
    <tag k="local_y" v="2768157.9208"/>
    <tag k="ele" v="8.9"/>
  </node>
  <node id="10300002407" lat="49.89260970616" lon="125.78630801124">
    <tag k="local_x" v="304785.3179"/>
    <tag k="local_y" v="2768158.0439"/>
    <tag k="ele" v="8.9"/>
  </node>
  <node id="10300002408" lat="49.89261111518" lon="125.78630001446">
    <tag k="local_x" v="304784.7349"/>
    <tag k="local_y" v="2768158.1679"/>
    <tag k="ele" v="8.9"/>
  </node>
  <node id="10300002409" lat="49.89261294108" lon="125.78629122554">
    <tag k="local_x" v="304784.0924"/>
    <tag k="local_y" v="2768158.335"/>
    <tag k="ele" v="8.9"/>
  </node>
  <node id="103000024010" lat="49.89261550153" lon="125.78628139799">
    <tag k="local_x" v="304783.3707"/>
    <tag k="local_y" v="2768158.5795"/>
    <tag k="ele" v="8.9"/>
  </node>
  <node id="103000024011" lat="49.89261893651" lon="125.78627010115">
    <tag k="local_x" v="304782.538"/>
    <tag k="local_y" v="2768158.9152"/>
    <tag k="ele" v="8.9"/>
  </node>
  <node id="103000024012" lat="49.89262239786" lon="125.78626002402">
    <tag k="local_x" v="304781.7927"/>
    <tag k="local_y" v="2768159.2588"/>
    <tag k="ele" v="8.9"/>
  </node>
  <node id="103000024013" lat="49.8926253024" lon="125.78625099695">
    <tag k="local_x" v="304781.1263"/>
    <tag k="local_y" v="2768159.5448"/>
    <tag k="ele" v="8.9"/>
  </node>
  <node id="10300000301" lat="49.89225997347" lon="125.78505521771">
    <tag k="local_x" v="304697.5813"/>
    <tag k="local_y" v="2768114.0738"/>
    <tag k="ele" v="8.9"/>
  </node>
  <node id="10300000302" lat="49.89225991293" lon="125.78505495471">
    <tag k="local_x" v="304697.5628"/>
    <tag k="local_y" v="2768114.066"/>
    <tag k="ele" v="8.9"/>
  </node>
  <node id="10300000303" lat="49.89226159851" lon="125.78504751154">
    <tag k="local_x" v="304697.0178"/>
    <tag k="local_y" v="2768114.223"/>
    <tag k="ele" v="8.9"/>
  </node>
  <node id="10300000304" lat="49.89226275426" lon="125.7850375843">
    <tag k="local_x" v="304696.2978"/>
    <tag k="local_y" v="2768114.311"/>
    <tag k="ele" v="8.9"/>
  </node>
  <node id="10300000305" lat="49.89226339728" lon="125.78502887954">
    <tag k="local_x" v="304695.6688"/>
    <tag k="local_y" v="2768114.347"/>
    <tag k="ele" v="8.9"/>
  </node>
  <node id="10300000306" lat="49.89226376365" lon="125.78502158516">
    <tag k="local_x" v="304695.1428"/>
    <tag k="local_y" v="2768114.358"/>
    <tag k="ele" v="8.9"/>
  </node>
  <node id="10300000307" lat="49.8922637954" lon="125.78501458175">
    <tag k="local_x" v="304694.6398"/>
    <tag k="local_y" v="2768114.333"/>
    <tag k="ele" v="8.9"/>
  </node>
  <node id="10300000308" lat="49.89226324725" lon="125.78500866957">
    <tag k="local_x" v="304694.2188"/>
    <tag k="local_y" v="2768114.248"/>
    <tag k="ele" v="8.9"/>
  </node>
  <node id="10300000309" lat="49.89226187574" lon="125.78500288008">
    <tag k="local_x" v="304693.8118"/>
    <tag k="local_y" v="2768114.072"/>
    <tag k="ele" v="8.9"/>
  </node>
  <node id="103000003010" lat="49.8922597425" lon="125.78499580214">
    <tag k="local_x" v="304693.3171"/>
    <tag k="local_y" v="2768113.8061"/>
    <tag k="ele" v="8.9"/>
  </node>
  <node id="103000003011" lat="49.89225833377" lon="125.78499124905">
    <tag k="local_x" v="304692.9991"/>
    <tag k="local_y" v="2768113.631"/>
    <tag k="ele" v="8.9"/>
  </node>
  <node id="10300006301" lat="49.89217814886" lon="125.78536152661">
    <tag k="local_x" v="304720.0883"/>
    <tag k="local_y" v="2768106.2284"/>
    <tag k="ele" v="8.9"/>
  </node>
  <node id="10300006302" lat="49.89218204032" lon="125.78535753517">
    <tag k="local_x" v="304719.7772"/>
    <tag k="local_y" v="2768106.6446"/>
    <tag k="ele" v="8.9"/>
  </node>
  <node id="10300006303" lat="49.89218582256" lon="125.78535254658">
    <tag k="local_x" v="304719.3952"/>
    <tag k="local_y" v="2768107.0446"/>
    <tag k="ele" v="8.9"/>
  </node>
  <node id="10300006304" lat="49.89218914177" lon="125.78534570658">
    <tag k="local_x" v="304718.8832"/>
    <tag k="local_y" v="2768107.3856"/>
    <tag k="ele" v="8.9"/>
  </node>
  <node id="10300006305" lat="49.89219266066" lon="125.78533658586">
    <tag k="local_x" v="304718.2062"/>
    <tag k="local_y" v="2768107.7395"/>
    <tag k="ele" v="8.9"/>
  </node>
  <node id="10300006306" lat="49.89219649089" lon="125.7853248878">
    <tag k="local_x" v="304717.3422"/>
    <tag k="local_y" v="2768108.1175"/>
    <tag k="ele" v="8.9"/>
  </node>
  <node id="10300006307" lat="49.89219961845" lon="125.78531372696">
    <tag k="local_x" v="304716.5212"/>
    <tag k="local_y" v="2768108.4196"/>
    <tag k="ele" v="8.9"/>
  </node>
  <node id="10300006308" lat="49.89220370303" lon="125.78529656329">
    <tag k="local_x" v="304715.2632"/>
    <tag k="local_y" v="2768108.8036"/>
    <tag k="ele" v="8.9"/>
  </node>
  <node id="10300006309" lat="49.89220588508" lon="125.78528389866">
    <tag k="local_x" v="304714.3402"/>
    <tag k="local_y" v="2768108.9945"/>
    <tag k="ele" v="8.9"/>
  </node>
  <node id="103000063010" lat="49.89220731675" lon="125.78527407924">
    <tag k="local_x" v="304713.6262"/>
    <tag k="local_y" v="2768109.1136"/>
    <tag k="ele" v="8.9"/>
  </node>
  <node id="103000063011" lat="49.89220796991" lon="125.78526335571">
    <tag k="local_x" v="304712.8522"/>
    <tag k="local_y" v="2768109.1425"/>
    <tag k="ele" v="8.9"/>
  </node>
  <node id="103000063012" lat="49.89220797988" lon="125.78525083459">
    <tag k="local_x" v="304711.9532"/>
    <tag k="local_y" v="2768109.0926"/>
    <tag k="ele" v="8.9"/>
  </node>
  <node id="103000063013" lat="49.89220770675" lon="125.78524058685">
    <tag k="local_x" v="304711.2192"/>
    <tag k="local_y" v="2768109.0205"/>
    <tag k="ele" v="8.9"/>
  </node>
  <node id="103000063014" lat="49.89220659845" lon="125.78522688106">
    <tag k="local_x" v="304710.2422"/>
    <tag k="local_y" v="2768108.8415"/>
    <tag k="ele" v="8.9"/>
  </node>
  <node id="103000063015" lat="49.89220410326" lon="125.78520991669">
    <tag k="local_x" v="304709.04"/>
    <tag k="local_y" v="2768108.4951"/>
    <tag k="ele" v="8.9"/>
  </node>
  <node id="103000063016" lat="49.89220119322" lon="125.78519351761">
    <tag k="local_x" v="304707.881"/>
    <tag k="local_y" v="2768108.1049"/>
    <tag k="ele" v="8.9"/>
  </node>
  <node id="103000063018" lat="49.89219754515" lon="125.7851761163">
    <tag k="local_x" v="304706.6547"/>
    <tag k="local_y" v="2768107.6286"/>
    <tag k="ele" v="8.9"/>
  </node>
  <node id="103000063019" lat="49.89219614607" lon="125.78516950817">
    <tag k="local_x" v="304706.1891"/>
    <tag k="local_y" v="2768107.4462"/>
    <tag k="ele" v="8.9"/>
  </node>
  <node id="103000063020" lat="49.8921953848" lon="125.78516265937">
    <tag k="local_x" v="304705.7022"/>
    <tag k="local_y" v="2768107.3337"/>
    <tag k="ele" v="8.9"/>
  </node>
  <node id="103000063021" lat="49.8921949078" lon="125.7851562548">
    <tag k="local_x" v="304705.2454"/>
    <tag k="local_y" v="2768107.2546"/>
    <tag k="ele" v="8.9"/>
  </node>
  <node id="103000063022" lat="49.89219433863" lon="125.78514843671">
    <tag k="local_x" v="304704.6877"/>
    <tag k="local_y" v="2768107.1595"/>
    <tag k="ele" v="8.9"/>
  </node>
  <node id="103000063023" lat="49.89219425663" lon="125.78514181194">
    <tag k="local_x" v="304704.2126"/>
    <tag k="local_y" v="2768107.1234"/>
    <tag k="ele" v="8.9"/>
  </node>
  <node id="103000063024" lat="49.89219463779" lon="125.78513649536">
    <tag k="local_x" v="304703.8285"/>
    <tag k="local_y" v="2768107.1441"/>
    <tag k="ele" v="8.9"/>
  </node>
  <node id="103000063025" lat="49.89219553006" lon="125.7851316694">
    <tag k="local_x" v="304703.4764"/>
    <tag k="local_y" v="2768107.2236"/>
    <tag k="ele" v="8.9"/>
  </node>
  <node id="103000063026" lat="49.89219692203" lon="125.78512710601">
    <tag k="local_x" v="304703.14"/>
    <tag k="local_y" v="2768107.3597"/>
    <tag k="ele" v="8.9"/>
  </node>
  <node id="103000063027" lat="49.89219882792" lon="125.78512347223">
    <tag k="local_x" v="304702.8671"/>
    <tag k="local_y" v="2768107.5567"/>
    <tag k="ele" v="8.9"/>
  </node>
  <node id="103000063028" lat="49.89220075357" lon="125.78512077203">
    <tag k="local_x" v="304702.6611"/>
    <tag k="local_y" v="2768107.7597"/>
    <tag k="ele" v="8.9"/>
  </node>
  <node id="103000063029" lat="49.89220210168" lon="125.78511934434">
    <tag k="local_x" v="304702.5501"/>
    <tag k="local_y" v="2768107.9037"/>
    <tag k="ele" v="8.9"/>
  </node>
  <node id="103000063030" lat="49.89220365049" lon="125.78511808749">
    <tag k="local_x" v="304702.4501"/>
    <tag k="local_y" v="2768108.0707"/>
    <tag k="ele" v="8.9"/>
  </node>
  <node id="103000063031" lat="49.89220567831" lon="125.78511662617">
    <tag k="local_x" v="304702.3324"/>
    <tag k="local_y" v="2768108.2901"/>
    <tag k="ele" v="8.9"/>
  </node>
  <node id="103000063032" lat="49.8922083054" lon="125.78511474809">
    <tag k="local_x" v="304702.181"/>
    <tag k="local_y" v="2768108.5744"/>
    <tag k="ele" v="8.9"/>
  </node>
  <node id="103000063033" lat="49.89221083896" lon="125.78511235339">
    <tag k="local_x" v="304701.9931"/>
    <tag k="local_y" v="2768108.8462"/>
    <tag k="ele" v="8.9"/>
  </node>
  <node id="103000063034" lat="49.89221572716" lon="125.78510846757">
    <tag k="local_x" v="304701.6833"/>
    <tag k="local_y" v="2768109.3736"/>
    <tag k="ele" v="8.9"/>
  </node>
  <node id="103000063035" lat="49.89222414915" lon="125.78510322903">
    <tag k="local_x" v="304701.2541"/>
    <tag k="local_y" v="2768110.2882"/>
    <tag k="ele" v="8.9"/>
  </node>
  <node id="103000063036" lat="49.89223327254" lon="125.785094861">
    <tag k="local_x" v="304700.5958"/>
    <tag k="local_y" v="2768111.268"/>
    <tag k="ele" v="8.9"/>
  </node>
  <node id="103000063037" lat="49.89224152664" lon="125.78508693616">
    <tag k="local_x" v="304699.9748"/>
    <tag k="local_y" v="2768112.153"/>
    <tag k="ele" v="8.9"/>
  </node>
  <node id="103000063038" lat="49.89225007428" lon="125.78507650206">
    <tag k="local_x" v="304699.1718"/>
    <tag k="local_y" v="2768113.0604"/>
    <tag k="ele" v="8.9"/>
  </node>
  <node id="103000063039" lat="49.89225415505" lon="125.78506950605">
    <tag k="local_x" v="304698.6438"/>
    <tag k="local_y" v="2768113.4854"/>
    <tag k="ele" v="8.9"/>
  </node>
  <node id="103000063040" lat="49.89225806102" lon="125.78506040537">
    <tag k="local_x" v="304697.9658"/>
    <tag k="local_y" v="2768113.8824"/>
    <tag k="ele" v="8.9"/>
  </node>
  <node id="10300000202" lat="49.89226003924" lon="125.7850550438">
    <tag k="local_x" v="304697.5684"/>
    <tag k="local_y" v="2768114.0804"/>
    <tag k="ele" v="8.9"/>
  </node>
  <node id="10300000203" lat="49.89226215008" lon="125.78504959916">
    <tag k="local_x" v="304697.1642"/>
    <tag k="local_y" v="2768114.2928"/>
    <tag k="ele" v="8.9"/>
  </node>
  <node id="10300000204" lat="49.89226501769" lon="125.78504508737">
    <tag k="local_x" v="304696.8222"/>
    <tag k="local_y" v="2768114.5931"/>
    <tag k="ele" v="8.9"/>
  </node>
  <node id="10300000205" lat="49.89226784559" lon="125.78504173235">
    <tag k="local_x" v="304696.5635"/>
    <tag k="local_y" v="2768114.8937"/>
    <tag k="ele" v="8.9"/>
  </node>
  <node id="10300000206" lat="49.89227092404" lon="125.78503873502">
    <tag k="local_x" v="304696.3289"/>
    <tag k="local_y" v="2768115.2236"/>
    <tag k="ele" v="8.9"/>
  </node>
  <node id="10300000207" lat="49.89227392664" lon="125.78503692334">
    <tag k="local_x" v="304696.1799"/>
    <tag k="local_y" v="2768115.5499"/>
    <tag k="ele" v="8.9"/>
  </node>
  <node id="10300000208" lat="49.89227709254" lon="125.78503595895">
    <tag k="local_x" v="304696.0907"/>
    <tag k="local_y" v="2768115.8978"/>
    <tag k="ele" v="8.9"/>
  </node>
  <node id="10300000209" lat="49.8922806165" lon="125.78503590491">
    <tag k="local_x" v="304696.0646"/>
    <tag k="local_y" v="2768116.2892"/>
    <tag k="ele" v="8.9"/>
  </node>
  <node id="103000002010" lat="49.8922841376" lon="125.78503627267">
    <tag k="local_x" v="304696.0688"/>
    <tag k="local_y" v="2768116.682"/>
    <tag k="ele" v="8.9"/>
  </node>
  <node id="103000002011" lat="49.89228719614" lon="125.78503723077">
    <tag k="local_x" v="304696.1183"/>
    <tag k="local_y" v="2768117.0258"/>
    <tag k="ele" v="8.9"/>
  </node>
  <node id="103000002012" lat="49.89229028651" lon="125.78503840061">
    <tag k="local_x" v="304696.1828"/>
    <tag k="local_y" v="2768117.374"/>
    <tag k="ele" v="8.9"/>
  </node>
  <node id="103000002013" lat="49.89229460276" lon="125.78504020044">
    <tag k="local_x" v="304696.2848"/>
    <tag k="local_y" v="2768117.861"/>
    <tag k="ele" v="8.9"/>
  </node>
  <node id="103000002014" lat="49.89229665989" lon="125.78504088534">
    <tag k="local_x" v="304696.321"/>
    <tag k="local_y" v="2768118.0924"/>
    <tag k="ele" v="8.9"/>
  </node>
  <node id="10300005901" lat="49.89210729618" lon="125.78532335622">
    <tag k="local_x" v="304717.7947"/>
    <tag k="local_y" v="2768098.199"/>
    <tag k="ele" v="8.9"/>
  </node>
  <node id="10300005902" lat="49.89210760581" lon="125.78532308395">
    <tag k="local_x" v="304717.7732"/>
    <tag k="local_y" v="2768098.2323"/>
    <tag k="ele" v="8.9"/>
  </node>
  <node id="10300005903" lat="49.89211483852" lon="125.78533249157">
    <tag k="local_x" v="304718.403"/>
    <tag k="local_y" v="2768099.0744"/>
    <tag k="ele" v="8.9"/>
  </node>
  <node id="10300005904" lat="49.89212260931" lon="125.78534420711">
    <tag k="local_x" v="304719.1951"/>
    <tag k="local_y" v="2768099.9857"/>
    <tag k="ele" v="8.9"/>
  </node>
  <node id="10300005905" lat="49.89212951045" lon="125.78535598276">
    <tag k="local_x" v="304719.997"/>
    <tag k="local_y" v="2768100.8006"/>
    <tag k="ele" v="8.9"/>
  </node>
  <node id="10300005906" lat="49.89213474906" lon="125.78536666801">
    <tag k="local_x" v="304720.7311"/>
    <tag k="local_y" v="2768101.4263"/>
    <tag k="ele" v="8.9"/>
  </node>
  <node id="10300005907" lat="49.89213913278" lon="125.78537784508">
    <tag k="local_x" v="304721.5059"/>
    <tag k="local_y" v="2768101.959"/>
    <tag k="ele" v="8.9"/>
  </node>
  <node id="10300005908" lat="49.89214279211" lon="125.78538811444">
    <tag k="local_x" v="304722.2201"/>
    <tag k="local_y" v="2768102.4075"/>
    <tag k="ele" v="8.9"/>
  </node>
  <node id="10300005909" lat="49.89214598306" lon="125.78539778273">
    <tag k="local_x" v="304722.8941"/>
    <tag k="local_y" v="2768102.8015"/>
    <tag k="ele" v="8.9"/>
  </node>
  <node id="103000059010" lat="49.89214845543" lon="125.78540741575">
    <tag k="local_x" v="304723.5701"/>
    <tag k="local_y" v="2768103.1155"/>
    <tag k="ele" v="8.9"/>
  </node>
  <node id="103000059011" lat="49.8921513568" lon="125.7854192886">
    <tag k="local_x" v="304724.4042"/>
    <tag k="local_y" v="2768103.4863"/>
    <tag k="ele" v="8.9"/>
  </node>
  <node id="103000059012" lat="49.89215386021" lon="125.78543303335">
    <tag k="local_x" v="304725.3752"/>
    <tag k="local_y" v="2768103.8205"/>
    <tag k="ele" v="8.9"/>
  </node>
  <node id="103000059013" lat="49.89215511793" lon="125.78544388989">
    <tag k="local_x" v="304726.1467"/>
    <tag k="local_y" v="2768104.0045"/>
    <tag k="ele" v="8.9"/>
  </node>
  <node id="103000059014" lat="49.89215637412" lon="125.78545498447">
    <tag k="local_x" v="304726.9353"/>
    <tag k="local_y" v="2768104.1893"/>
    <tag k="ele" v="8.9"/>
  </node>
  <node id="103000059015" lat="49.89215747992" lon="125.78546573852">
    <tag k="local_x" v="304727.7004"/>
    <tag k="local_y" v="2768104.356"/>
    <tag k="ele" v="8.9"/>
  </node>
  <node id="103000059016" lat="49.89215823136" lon="125.78547381219">
    <tag k="local_x" v="304728.2753"/>
    <tag k="local_y" v="2768104.4724"/>
    <tag k="ele" v="8.9"/>
  </node>
  <node id="103000059017" lat="49.89215894444" lon="125.7854814103">
    <tag k="local_x" v="304728.8163"/>
    <tag k="local_y" v="2768104.5826"/>
    <tag k="ele" v="8.9"/>
  </node>
  <node id="103000059018" lat="49.89215931915" lon="125.78548719302">
    <tag k="local_x" v="304729.2291"/>
    <tag k="local_y" v="2768104.6478"/>
    <tag k="ele" v="8.9"/>
  </node>
  <node id="103000059019" lat="49.89215967461" lon="125.78549168425">
    <tag k="local_x" v="304729.5493"/>
    <tag k="local_y" v="2768104.7056"/>
    <tag k="ele" v="8.9"/>
  </node>
  <node id="10300004901" lat="49.89257040739" lon="125.7861364143">
    <tag k="local_x" v="304773.2463"/>
    <tag k="local_y" v="2768152.9774"/>
    <tag k="ele" v="8.9"/>
  </node>
  <node id="10300004902" lat="49.892569094" lon="125.78613552029">
    <tag k="local_x" v="304773.1904"/>
    <tag k="local_y" v="2768152.8278"/>
    <tag k="ele" v="8.9"/>
  </node>
  <node id="10300004903" lat="49.89256617719" lon="125.78613413302">
    <tag k="local_x" v="304773.1092"/>
    <tag k="local_y" v="2768152.498"/>
    <tag k="ele" v="8.9"/>
  </node>
  <node id="10300004904" lat="49.89256362917" lon="125.78613277396">
    <tag k="local_x" v="304773.0277"/>
    <tag k="local_y" v="2768152.2093"/>
    <tag k="ele" v="8.9"/>
  </node>
  <node id="10300004905" lat="49.89256151592" lon="125.7861309447">
    <tag k="local_x" v="304772.9097"/>
    <tag k="local_y" v="2768151.967"/>
    <tag k="ele" v="8.9"/>
  </node>
  <node id="10300004906" lat="49.89255957458" lon="125.78612837837">
    <tag k="local_x" v="304772.7377"/>
    <tag k="local_y" v="2768151.7408"/>
    <tag k="ele" v="8.9"/>
  </node>
  <node id="10300004907" lat="49.89255720165" lon="125.78612459992">
    <tag k="local_x" v="304772.4814"/>
    <tag k="local_y" v="2768151.4617"/>
    <tag k="ele" v="8.9"/>
  </node>
  <node id="10300004908" lat="49.89255515744" lon="125.78612081414">
    <tag k="local_x" v="304772.2225"/>
    <tag k="local_y" v="2768151.2191"/>
    <tag k="ele" v="8.9"/>
  </node>
  <node id="10300004909" lat="49.89255276819" lon="125.78611598402">
    <tag k="local_x" v="304771.8908"/>
    <tag k="local_y" v="2768150.9339"/>
    <tag k="ele" v="8.9"/>
  </node>
  <node id="103000049010" lat="49.89255038991" lon="125.78611087907">
    <tag k="local_x" v="304771.5393"/>
    <tag k="local_y" v="2768150.6488"/>
    <tag k="ele" v="8.9"/>
  </node>
  <node id="103000049011" lat="49.89254796757" lon="125.78610565046">
    <tag k="local_x" v="304771.1792"/>
    <tag k="local_y" v="2768150.3583"/>
    <tag k="ele" v="8.9"/>
  </node>
  <node id="103000049012" lat="49.89254415854" lon="125.78609791958">
    <tag k="local_x" v="304770.6482"/>
    <tag k="local_y" v="2768149.9035"/>
    <tag k="ele" v="8.9"/>
  </node>
  <node id="103000049013" lat="49.89253979535" lon="125.78608966923">
    <tag k="local_x" v="304770.0834"/>
    <tag k="local_y" v="2768149.385"/>
    <tag k="ele" v="8.9"/>
  </node>
  <node id="103000049014" lat="49.89253760046" lon="125.78608559999">
    <tag k="local_x" v="304769.8051"/>
    <tag k="local_y" v="2768149.1245"/>
    <tag k="ele" v="8.9"/>
  </node>
  <node id="103000049015" lat="49.89253625811" lon="125.78608343451">
    <tag k="local_x" v="304769.6581"/>
    <tag k="local_y" v="2768148.9665"/>
    <tag k="ele" v="8.9"/>
  </node>
  <node id="10300001401" lat="49.89256714374" lon="125.78615359166">
    <tag k="local_x" v="304774.5001"/>
    <tag k="local_y" v="2768152.6847"/>
    <tag k="ele" v="8.9"/>
  </node>
  <node id="10300001402" lat="49.89256643215" lon="125.7861531447">
    <tag k="local_x" v="304774.4725"/>
    <tag k="local_y" v="2768152.6038"/>
    <tag k="ele" v="8.9"/>
  </node>
  <node id="10300001403" lat="49.89256457808" lon="125.78615217394">
    <tag k="local_x" v="304774.4145"/>
    <tag k="local_y" v="2768152.3938"/>
    <tag k="ele" v="8.9"/>
  </node>
  <node id="10300001404" lat="49.89256203272" lon="125.78615066886">
    <tag k="local_x" v="304774.3225"/>
    <tag k="local_y" v="2768152.1048"/>
    <tag k="ele" v="8.9"/>
  </node>
  <node id="10300001405" lat="49.89255757461" lon="125.78614795247">
    <tag k="local_x" v="304774.1556"/>
    <tag k="local_y" v="2768151.5983"/>
    <tag k="ele" v="8.9"/>
  </node>
  <node id="10300001406" lat="49.89255223011" lon="125.78614420686">
    <tag k="local_x" v="304773.9204"/>
    <tag k="local_y" v="2768150.9891"/>
    <tag k="ele" v="8.9"/>
  </node>
  <node id="10300001407" lat="49.89254406201" lon="125.78613741488">
    <tag k="local_x" v="304773.4843"/>
    <tag k="local_y" v="2768150.0537"/>
    <tag k="ele" v="8.9"/>
  </node>
  <node id="10300001408" lat="49.89253768955" lon="125.78612982512">
    <tag k="local_x" v="304772.9796"/>
    <tag k="local_y" v="2768149.3146"/>
    <tag k="ele" v="8.9"/>
  </node>
  <node id="10300001409" lat="49.89253260815" lon="125.78612145595">
    <tag k="local_x" v="304772.4108"/>
    <tag k="local_y" v="2768148.7158"/>
    <tag k="ele" v="8.9"/>
  </node>
  <node id="103000014010" lat="49.892527804" lon="125.78611254423">
    <tag k="local_x" v="304771.8013"/>
    <tag k="local_y" v="2768148.1456"/>
    <tag k="ele" v="8.9"/>
  </node>
  <node id="103000014011" lat="49.89252490495" lon="125.78610873349">
    <tag k="local_x" v="304771.546"/>
    <tag k="local_y" v="2768147.8079"/>
    <tag k="ele" v="8.9"/>
  </node>
  <node id="103000014012" lat="49.8925238179" lon="125.78610772844">
    <tag k="local_x" v="304771.4807"/>
    <tag k="local_y" v="2768147.683"/>
    <tag k="ele" v="8.9"/>
  </node>
  <node id="103000014013" lat="49.89252363053" lon="125.78610758662">
    <tag k="local_x" v="304771.4717"/>
    <tag k="local_y" v="2768147.6616"/>
    <tag k="ele" v="8.9"/>
  </node>
  <node id="10300007101" lat="49.8925951194" lon="125.78614825338">
    <tag k="local_x" v="304773.9404"/>
    <tag k="local_y" v="2768155.7719"/>
    <tag k="ele" v="8.9"/>
  </node>
  <node id="10300007102" lat="49.8925882665" lon="125.78614581551">
    <tag k="local_x" v="304773.8086"/>
    <tag k="local_y" v="2768155.0004"/>
    <tag k="ele" v="8.9"/>
  </node>
  <node id="10300007103" lat="49.89258053864" lon="125.78614225748">
    <tag k="local_x" v="304773.6019"/>
    <tag k="local_y" v="2768154.1271"/>
    <tag k="ele" v="8.9"/>
  </node>
  <node id="10300007104" lat="49.89257370403" lon="125.78613865815">
    <tag k="local_x" v="304773.3866"/>
    <tag k="local_y" v="2768153.3529"/>
    <tag k="ele" v="8.9"/>
  </node>
  <node id="10300004102" lat="49.89256780748" lon="125.78615392019">
    <tag k="local_x" v="304774.5195"/>
    <tag k="local_y" v="2768152.7598"/>
    <tag k="ele" v="8.9"/>
  </node>
  <node id="10300004103" lat="49.8925738263" lon="125.7861566748">
    <tag k="local_x" v="304774.6793"/>
    <tag k="local_y" v="2768153.4399"/>
    <tag k="ele" v="8.9"/>
  </node>
  <node id="10300004104" lat="49.89257852091" lon="125.78615895371">
    <tag k="local_x" v="304774.8133"/>
    <tag k="local_y" v="2768153.9709"/>
    <tag k="ele" v="8.9"/>
  </node>
  <node id="10300004105" lat="49.89258284398" lon="125.78616081276">
    <tag k="local_x" v="304774.9195"/>
    <tag k="local_y" v="2768154.4589"/>
    <tag k="ele" v="8.9"/>
  </node>
  <node id="10300004106" lat="49.89258890145" lon="125.78616322533">
    <tag k="local_x" v="304775.0545"/>
    <tag k="local_y" v="2768155.1419"/>
    <tag k="ele" v="8.9"/>
  </node>
  <node id="10300007202" lat="49.89263051752" lon="125.7862275698">
    <tag k="local_x" v="304779.4115"/>
    <tag k="local_y" v="2768160.0289"/>
    <tag k="ele" v="8.9"/>
  </node>
  <node id="10300007203" lat="49.89263180658" lon="125.78622259898">
    <tag k="local_x" v="304779.0465"/>
    <tag k="local_y" v="2768160.1519"/>
    <tag k="ele" v="8.9"/>
  </node>
  <node id="10300007204" lat="49.89263386547" lon="125.78621454787">
    <tag k="local_x" v="304778.4555"/>
    <tag k="local_y" v="2768160.3479"/>
    <tag k="ele" v="8.9"/>
  </node>
  <node id="10300007205" lat="49.89263673144" lon="125.78620492822">
    <tag k="local_x" v="304777.7468"/>
    <tag k="local_y" v="2768160.6272"/>
    <tag k="ele" v="8.9"/>
  </node>
  <node id="10300007206" lat="49.89263929405" lon="125.78619739772">
    <tag k="local_x" v="304777.19"/>
    <tag k="local_y" v="2768160.8813"/>
    <tag k="ele" v="8.9"/>
  </node>
  <node id="10300007207" lat="49.89264187836" lon="125.78619074805">
    <tag k="local_x" v="304776.6963"/>
    <tag k="local_y" v="2768161.1414"/>
    <tag k="ele" v="8.9"/>
  </node>
  <node id="10300007208" lat="49.89264444783" lon="125.78618465005">
    <tag k="local_x" v="304776.2423"/>
    <tag k="local_y" v="2768161.4021"/>
    <tag k="ele" v="8.9"/>
  </node>
  <node id="10300007209" lat="49.89264700708" lon="125.78617946907">
    <tag k="local_x" v="304775.8542"/>
    <tag k="local_y" v="2768161.6654"/>
    <tag k="ele" v="8.9"/>
  </node>
  <node id="103000072010" lat="49.89264967386" lon="125.7861746193">
    <tag k="local_x" v="304775.4892"/>
    <tag k="local_y" v="2768161.942"/>
    <tag k="ele" v="8.9"/>
  </node>
  <node id="103000072011" lat="49.89265232297" lon="125.78617091432">
    <tag k="local_x" v="304775.2065"/>
    <tag k="local_y" v="2768162.2213"/>
    <tag k="ele" v="8.9"/>
  </node>
  <node id="103000072012" lat="49.89265553186" lon="125.78616791875">
    <tag k="local_x" v="304774.9712"/>
    <tag k="local_y" v="2768162.5657"/>
    <tag k="ele" v="8.9"/>
  </node>
  <node id="103000072013" lat="49.89265896153" lon="125.78616579782">
    <tag k="local_x" v="304774.7973"/>
    <tag k="local_y" v="2768162.9382"/>
    <tag k="ele" v="8.9"/>
  </node>
  <node id="103000072014" lat="49.8926604746" lon="125.78616502536">
    <tag k="local_x" v="304774.7323"/>
    <tag k="local_y" v="2768163.1032"/>
    <tag k="ele" v="8.9"/>
  </node>
  <node id="103000072015" lat="49.89266149631" lon="125.78616430307">
    <tag k="local_x" v="304774.674"/>
    <tag k="local_y" v="2768163.2138"/>
    <tag k="ele" v="8.9"/>
  </node>
  <node id="10300002102" lat="49.89265992204" lon="125.78616483056">
    <tag k="local_x" v="304774.7218"/>
    <tag k="local_y" v="2768163.041"/>
    <tag k="ele" v="8.9"/>
  </node>
  <node id="10300002103" lat="49.89265237947" lon="125.78616770448">
    <tag k="local_x" v="304774.9757"/>
    <tag k="local_y" v="2768162.2145"/>
    <tag k="ele" v="8.9"/>
  </node>
  <node id="10300002104" lat="49.89264488391" lon="125.78617003234">
    <tag k="local_x" v="304775.1901"/>
    <tag k="local_y" v="2768161.391"/>
    <tag k="ele" v="8.9"/>
  </node>
  <node id="10300002105" lat="49.89263585832" lon="125.78617227034">
    <tag k="local_x" v="304775.4077"/>
    <tag k="local_y" v="2768160.3971"/>
    <tag k="ele" v="8.9"/>
  </node>
  <node id="10300002106" lat="49.89262944926" lon="125.78617323807">
    <tag k="local_x" v="304775.5176"/>
    <tag k="local_y" v="2768159.6888"/>
    <tag k="ele" v="8.9"/>
  </node>
  <node id="10300002107" lat="49.89262355942" lon="125.78617361626">
    <tag k="local_x" v="304775.5819"/>
    <tag k="local_y" v="2768159.0358"/>
    <tag k="ele" v="8.9"/>
  </node>
  <node id="10300002108" lat="49.89261822674" lon="125.78617340127">
    <tag k="local_x" v="304775.6001"/>
    <tag k="local_y" v="2768158.4423"/>
    <tag k="ele" v="8.9"/>
  </node>
  <node id="10300002109" lat="49.89261293887" lon="125.78617245478">
    <tag k="local_x" v="304775.5655"/>
    <tag k="local_y" v="2768157.8508"/>
    <tag k="ele" v="8.9"/>
  </node>
  <node id="103000021010" lat="49.89260868215" lon="125.78617109325">
    <tag k="local_x" v="304775.4946"/>
    <tag k="local_y" v="2768157.3722"/>
    <tag k="ele" v="8.9"/>
  </node>
  <node id="103000021011" lat="49.89260437639" lon="125.78616959648">
    <tag k="local_x" v="304775.4143"/>
    <tag k="local_y" v="2768156.8876"/>
    <tag k="ele" v="8.9"/>
  </node>
  <node id="103000021012" lat="49.8925999705" lon="125.78616754212">
    <tag k="local_x" v="304775.2946"/>
    <tag k="local_y" v="2768156.3896"/>
    <tag k="ele" v="8.9"/>
  </node>
  <node id="103000021013" lat="49.89259726858" lon="125.78616640493">
    <tag k="local_x" v="304775.23"/>
    <tag k="local_y" v="2768156.0847"/>
    <tag k="ele" v="8.9"/>
  </node>
  <node id="103000021014" lat="49.89259446578" lon="125.78616534386">
    <tag k="local_x" v="304775.1715"/>
    <tag k="local_y" v="2768155.7689"/>
    <tag k="ele" v="8.9"/>
  </node>
  <node id="10300002702" lat="49.89264288506" lon="125.78622084221">
    <tag k="local_x" v="304778.8505"/>
    <tag k="local_y" v="2768161.3759"/>
    <tag k="ele" v="8.9"/>
  </node>
  <node id="10300002703" lat="49.89264806971" lon="125.78620646756">
    <tag k="local_x" v="304777.7858"/>
    <tag k="local_y" v="2768161.8935"/>
    <tag k="ele" v="8.9"/>
  </node>
  <node id="10300002704" lat="49.89265376003" lon="125.78619710022">
    <tag k="local_x" v="304777.0774"/>
    <tag k="local_y" v="2768162.4877"/>
    <tag k="ele" v="8.9"/>
  </node>
  <node id="10300002705" lat="49.892659945" lon="125.78619051337">
    <tag k="local_x" v="304776.5655"/>
    <tag k="local_y" v="2768163.1482"/>
    <tag k="ele" v="8.9"/>
  </node>
  <node id="10300002706" lat="49.89266476028" lon="125.78618753775">
    <tag k="local_x" v="304776.3215"/>
    <tag k="local_y" v="2768163.6712"/>
    <tag k="ele" v="8.9"/>
  </node>
  <node id="10300002002" lat="49.8926157217" lon="125.78624506004">
    <tag k="local_x" v="304780.7605"/>
    <tag k="local_y" v="2768158.4559"/>
    <tag k="ele" v="8.9"/>
  </node>
  <node id="10300002003" lat="49.89261391172" lon="125.78624951289">
    <tag k="local_x" v="304781.0916"/>
    <tag k="local_y" v="2768158.2729"/>
    <tag k="ele" v="8.9"/>
  </node>
  <node id="10300002004" lat="49.89261172753" lon="125.78625332417">
    <tag k="local_x" v="304781.379"/>
    <tag k="local_y" v="2768158.0457"/>
    <tag k="ele" v="8.9"/>
  </node>
  <node id="10300002005" lat="49.89260909993" lon="125.78625705611">
    <tag k="local_x" v="304781.6635"/>
    <tag k="local_y" v="2768157.7689"/>
    <tag k="ele" v="8.9"/>
  </node>
  <node id="10300002006" lat="49.8926066002" lon="125.78625970585">
    <tag k="local_x" v="304781.8695"/>
    <tag k="local_y" v="2768157.5019"/>
    <tag k="ele" v="8.9"/>
  </node>
  <node id="10300002007" lat="49.89260340962" lon="125.78626254562">
    <tag k="local_x" v="304782.0935"/>
    <tag k="local_y" v="2768157.1589"/>
    <tag k="ele" v="8.9"/>
  </node>
  <node id="10300002008" lat="49.89259934671" lon="125.78626438944">
    <tag k="local_x" v="304782.2515"/>
    <tag k="local_y" v="2768156.7149"/>
    <tag k="ele" v="8.9"/>
  </node>
  <node id="10300002009" lat="49.89259419457" lon="125.78626533666">
    <tag k="local_x" v="304782.352"/>
    <tag k="local_y" v="2768156.1462"/>
    <tag k="ele" v="8.9"/>
  </node>
  <node id="103000020010" lat="49.89258832718" lon="125.78626556916">
    <tag k="local_x" v="304782.4057"/>
    <tag k="local_y" v="2768155.4951"/>
    <tag k="ele" v="8.9"/>
  </node>
  <node id="103000020011" lat="49.89258405475" lon="125.78626743357">
    <tag k="local_x" v="304782.5665"/>
    <tag k="local_y" v="2768155.0279"/>
    <tag k="ele" v="8.9"/>
  </node>
  <node id="103000020012" lat="49.89258074689" lon="125.78626971702">
    <tag k="local_x" v="304782.7513"/>
    <tag k="local_y" v="2768154.6696"/>
    <tag k="ele" v="8.9"/>
  </node>
  <node id="103000020013" lat="49.89257792473" lon="125.78627313517">
    <tag k="local_x" v="304783.0145"/>
    <tag k="local_y" v="2768154.3699"/>
    <tag k="ele" v="8.9"/>
  </node>
  <node id="103000020014" lat="49.89257566161" lon="125.78627693952">
    <tag k="local_x" v="304783.3019"/>
    <tag k="local_y" v="2768154.1339"/>
    <tag k="ele" v="8.9"/>
  </node>
  <node id="103000020015" lat="49.89257347343" lon="125.78628198872">
    <tag k="local_x" v="304783.6782"/>
    <tag k="local_y" v="2768153.9113"/>
    <tag k="ele" v="8.9"/>
  </node>
  <node id="103000020016" lat="49.89257205892" lon="125.78628684682">
    <tag k="local_x" v="304784.0359"/>
    <tag k="local_y" v="2768153.7739"/>
    <tag k="ele" v="8.9"/>
  </node>
  <node id="103000020017" lat="49.89257118805" lon="125.78629170115">
    <tag k="local_x" v="304784.3899"/>
    <tag k="local_y" v="2768153.6969"/>
    <tag k="ele" v="8.9"/>
  </node>
  <node id="103000020018" lat="49.89257055228" lon="125.78629799688">
    <tag k="local_x" v="304784.8459"/>
    <tag k="local_y" v="2768153.6519"/>
    <tag k="ele" v="8.9"/>
  </node>
  <node id="103000020019" lat="49.89257030905" lon="125.78630512104">
    <tag k="local_x" v="304785.3589"/>
    <tag k="local_y" v="2768153.6539"/>
    <tag k="ele" v="8.9"/>
  </node>
  <node id="103000020020" lat="49.89257076795" lon="125.78631263144">
    <tag k="local_x" v="304785.8952"/>
    <tag k="local_y" v="2768153.7355"/>
    <tag k="ele" v="8.9"/>
  </node>
  <node id="103000020021" lat="49.89257249156" lon="125.78632042427">
    <tag k="local_x" v="304786.4438"/>
    <tag k="local_y" v="2768153.9588"/>
    <tag k="ele" v="8.9"/>
  </node>
  <node id="103000020022" lat="49.89257750526" lon="125.78633478671">
    <tag k="local_x" v="304787.4433"/>
    <tag k="local_y" v="2768154.5745"/>
    <tag k="ele" v="8.9"/>
  </node>
  <node id="103000020023" lat="49.89258108198" lon="125.7863435767">
    <tag k="local_x" v="304788.0518"/>
    <tag k="local_y" v="2768155.0078"/>
    <tag k="ele" v="8.9"/>
  </node>
  <node id="103000020024" lat="49.89258525332" lon="125.78634817478">
    <tag k="local_x" v="304788.3556"/>
    <tag k="local_y" v="2768155.4901"/>
    <tag k="ele" v="8.9"/>
  </node>
  <node id="103000020025" lat="49.89258670347" lon="125.786349241">
    <tag k="local_x" v="304788.423"/>
    <tag k="local_y" v="2768155.6556"/>
    <tag k="ele" v="8.9"/>
  </node>
  <node id="10300002302" lat="49.89262510943" lon="125.78625088528">
    <tag k="local_x" v="304781.1195"/>
    <tag k="local_y" v="2768159.5229"/>
    <tag k="ele" v="8.9"/>
  </node>
  <node id="10300002303" lat="49.89262146085" lon="125.78625961436">
    <tag k="local_x" v="304781.7692"/>
    <tag k="local_y" v="2768159.153"/>
    <tag k="ele" v="8.9"/>
  </node>
  <node id="10300002304" lat="49.89261643464" lon="125.78626836727">
    <tag k="local_x" v="304782.4293"/>
    <tag k="local_y" v="2768158.6301"/>
    <tag k="ele" v="8.9"/>
  </node>
  <node id="10300002305" lat="49.89261074674" lon="125.78627536132">
    <tag k="local_x" v="304782.9673"/>
    <tag k="local_y" v="2768158.0265"/>
    <tag k="ele" v="8.9"/>
  </node>
  <node id="10300002306" lat="49.89260340322" lon="125.78628259853">
    <tag k="local_x" v="304783.5332"/>
    <tag k="local_y" v="2768157.2399"/>
    <tag k="ele" v="8.9"/>
  </node>
  <node id="10300002307" lat="49.89259697683" lon="125.78628850531">
    <tag k="local_x" v="304783.9978"/>
    <tag k="local_y" v="2768156.5498"/>
    <tag k="ele" v="8.9"/>
  </node>
  <node id="10300002308" lat="49.89259286575" lon="125.78629458347">
    <tag k="local_x" v="304784.4601"/>
    <tag k="local_y" v="2768156.1177"/>
    <tag k="ele" v="8.9"/>
  </node>
  <node id="10300002309" lat="49.8925902244" lon="125.78630178249">
    <tag k="local_x" v="304784.9936"/>
    <tag k="local_y" v="2768155.8535"/>
    <tag k="ele" v="8.9"/>
  </node>
  <node id="103000023010" lat="49.89258941684" lon="125.78630905766">
    <tag k="local_x" v="304785.521"/>
    <tag k="local_y" v="2768155.7934"/>
    <tag k="ele" v="8.9"/>
  </node>
  <node id="103000023011" lat="49.89259114905" lon="125.78631494717">
    <tag k="local_x" v="304785.9329"/>
    <tag k="local_y" v="2768156.0099"/>
    <tag k="ele" v="8.9"/>
  </node>
  <node id="103000023012" lat="49.89259363873" lon="125.78631885428">
    <tag k="local_x" v="304786.1977"/>
    <tag k="local_y" v="2768156.3025"/>
    <tag k="ele" v="8.9"/>
  </node>
  <node id="10300002202" lat="49.89258966332" lon="125.78635141766">
    <tag k="local_x" v="304788.5606"/>
    <tag k="local_y" v="2768155.9934"/>
    <tag k="ele" v="8.9"/>
  </node>
  <node id="10300002203" lat="49.8925944651" lon="125.78635352215">
    <tag k="local_x" v="304788.6814"/>
    <tag k="local_y" v="2768156.5356"/>
    <tag k="ele" v="8.9"/>
  </node>
  <node id="10300002204" lat="49.89259981733" lon="125.78635494651">
    <tag k="local_x" v="304788.7499"/>
    <tag k="local_y" v="2768157.1362"/>
    <tag k="ele" v="8.9"/>
  </node>
  <node id="10300002205" lat="49.89260499188" lon="125.78635530223">
    <tag k="local_x" v="304788.7428"/>
    <tag k="local_y" v="2768157.7127"/>
    <tag k="ele" v="8.9"/>
  </node>
  <node id="10300002206" lat="49.89260942987" lon="125.78635456669">
    <tag k="local_x" v="304788.662"/>
    <tag k="local_y" v="2768158.2029"/>
    <tag k="ele" v="8.9"/>
  </node>
  <node id="10300002207" lat="49.89261378653" lon="125.78635217202">
    <tag k="local_x" v="304788.4626"/>
    <tag k="local_y" v="2768158.6773"/>
    <tag k="ele" v="8.9"/>
  </node>
  <node id="10300002208" lat="49.89261838013" lon="125.78634716839">
    <tag k="local_x" v="304788.0744"/>
    <tag k="local_y" v="2768159.1674"/>
    <tag k="ele" v="8.9"/>
  </node>
  <node id="10300002209" lat="49.89262233541" lon="125.78633893428">
    <tag k="local_x" v="304787.4583"/>
    <tag k="local_y" v="2768159.5734"/>
    <tag k="ele" v="8.9"/>
  </node>
  <node id="103000022010" lat="49.89262432801" lon="125.78633224934">
    <tag k="local_x" v="304786.9658"/>
    <tag k="local_y" v="2768159.7676"/>
    <tag k="ele" v="8.9"/>
  </node>
  <node id="103000022011" lat="49.89262582137" lon="125.78631785406">
    <tag k="local_x" v="304785.9229"/>
    <tag k="local_y" v="2768159.8749"/>
    <tag k="ele" v="8.9"/>
  </node>
  <node id="103000022012" lat="49.89262664071" lon="125.7863036071">
    <tag k="local_x" v="304784.8949"/>
    <tag k="local_y" v="2768159.9079"/>
    <tag k="ele" v="8.9"/>
  </node>
  <node id="103000022013" lat="49.89262772006" lon="125.7862920852">
    <tag k="local_x" v="304784.0609"/>
    <tag k="local_y" v="2768159.9809"/>
    <tag k="ele" v="8.9"/>
  </node>
  <node id="103000022014" lat="49.89262909194" lon="125.78628313799">
    <tag k="local_x" v="304783.4099"/>
    <tag k="local_y" v="2768160.0969"/>
    <tag k="ele" v="8.9"/>
  </node>
  <node id="103000022015" lat="49.89263247657" lon="125.78626420785">
    <tag k="local_x" v="304782.0295"/>
    <tag k="local_y" v="2768160.3959"/>
    <tag k="ele" v="8.9"/>
  </node>
  <node id="10300004502" lat="49.89225920243" lon="125.78599411285">
    <tag k="local_x" v="304764.9928"/>
    <tag k="local_y" v="2768117.8132"/>
    <tag k="ele" v="8.9"/>
  </node>
  <node id="10300004503" lat="49.89226659869" lon="125.78599478767">
    <tag k="local_x" v="304764.9946"/>
    <tag k="local_y" v="2768118.6379"/>
    <tag k="ele" v="8.9"/>
  </node>
  <node id="10300004504" lat="49.89227466384" lon="125.7859981538">
    <tag k="local_x" v="304765.1854"/>
    <tag k="local_y" v="2768119.5479"/>
    <tag k="ele" v="8.9"/>
  </node>
  <node id="10300004505" lat="49.89228107822" lon="125.78600374143">
    <tag k="local_x" v="304765.5461"/>
    <tag k="local_y" v="2768120.2835"/>
    <tag k="ele" v="8.9"/>
  </node>
  <node id="10300004506" lat="49.89228903678" lon="125.78601251791">
    <tag k="local_x" v="304766.126"/>
    <tag k="local_y" v="2768121.2037"/>
    <tag k="ele" v="8.9"/>
  </node>
  <node id="10300004507" lat="49.89229387395" lon="125.78601844335">
    <tag k="local_x" v="304766.5209"/>
    <tag k="local_y" v="2768121.7654"/>
    <tag k="ele" v="8.9"/>
  </node>
  <node id="10300004508" lat="49.89229807955" lon="125.78602399712">
    <tag k="local_x" v="304766.8931"/>
    <tag k="local_y" v="2768122.2554"/>
    <tag k="ele" v="8.9"/>
  </node>
  <node id="10300004509" lat="49.89230418588" lon="125.78603219442">
    <tag k="local_x" v="304767.4431"/>
    <tag k="local_y" v="2768122.9674"/>
    <tag k="ele" v="8.9"/>
  </node>
  <node id="103000045010" lat="49.8923097569" lon="125.78604051184">
    <tag k="local_x" v="304768.0051"/>
    <tag k="local_y" v="2768123.6204"/>
    <tag k="ele" v="8.9"/>
  </node>
  <node id="103000045011" lat="49.89231472233" lon="125.78604767568">
    <tag k="local_x" v="304768.4881"/>
    <tag k="local_y" v="2768124.2014"/>
    <tag k="ele" v="8.9"/>
  </node>
  <node id="103000045012" lat="49.89232076992" lon="125.78605772036">
    <tag k="local_x" v="304769.1711"/>
    <tag k="local_y" v="2768124.9144"/>
    <tag k="ele" v="8.9"/>
  </node>
  <node id="103000045013" lat="49.89232492433" lon="125.78606516118">
    <tag k="local_x" v="304769.6791"/>
    <tag k="local_y" v="2768125.4064"/>
    <tag k="ele" v="8.9"/>
  </node>
  <node id="103000045014" lat="49.89232857703" lon="125.78607180576">
    <tag k="local_x" v="304770.1331"/>
    <tag k="local_y" v="2768125.8394"/>
    <tag k="ele" v="8.9"/>
  </node>
  <node id="103000045015" lat="49.89233229901" lon="125.78608004572">
    <tag k="local_x" v="304770.7012"/>
    <tag k="local_y" v="2768126.2866"/>
    <tag k="ele" v="8.9"/>
  </node>
  <node id="10300004702" lat="49.8923641458" lon="125.7861375602">
    <tag k="local_x" v="304774.6295"/>
    <tag k="local_y" v="2768130.0601"/>
    <tag k="ele" v="8.9"/>
  </node>
  <node id="10300004703" lat="49.89236431485" lon="125.78613005347">
    <tag k="local_x" v="304774.0895"/>
    <tag k="local_y" v="2768130.0483"/>
    <tag k="ele" v="8.9"/>
  </node>
  <node id="10300004704" lat="49.89236421538" lon="125.78612231143">
    <tag k="local_x" v="304773.5343"/>
    <tag k="local_y" v="2768130.0057"/>
    <tag k="ele" v="8.9"/>
  </node>
  <node id="10300004705" lat="49.89236396373" lon="125.78611351693">
    <tag k="local_x" v="304772.9045"/>
    <tag k="local_y" v="2768129.9419"/>
    <tag k="ele" v="8.9"/>
  </node>
  <node id="10300004706" lat="49.89236343403" lon="125.78610521337">
    <tag k="local_x" v="304772.3117"/>
    <tag k="local_y" v="2768129.8492"/>
    <tag k="ele" v="8.9"/>
  </node>
  <node id="10300004707" lat="49.89236284923" lon="125.78609804435">
    <tag k="local_x" v="304771.8007"/>
    <tag k="local_y" v="2768129.755"/>
    <tag k="ele" v="8.9"/>
  </node>
  <node id="10300004708" lat="49.89236208387" lon="125.78609081768">
    <tag k="local_x" v="304771.2867"/>
    <tag k="local_y" v="2768129.6405"/>
    <tag k="ele" v="8.9"/>
  </node>
  <node id="10300004709" lat="49.89236104734" lon="125.78608401709">
    <tag k="local_x" v="304770.805"/>
    <tag k="local_y" v="2768129.4976"/>
    <tag k="ele" v="8.9"/>
  </node>
  <node id="103000047010" lat="49.89235952127" lon="125.78607768329">
    <tag k="local_x" v="304770.3599"/>
    <tag k="local_y" v="2768129.3022"/>
    <tag k="ele" v="8.9"/>
  </node>
  <node id="103000047011" lat="49.89235775293" lon="125.78607236173">
    <tag k="local_x" v="304769.989"/>
    <tag k="local_y" v="2768129.084"/>
    <tag k="ele" v="8.9"/>
  </node>
  <node id="103000047012" lat="49.89235533688" lon="125.78606705988">
    <tag k="local_x" v="304769.6236"/>
    <tag k="local_y" v="2768128.7939"/>
    <tag k="ele" v="8.9"/>
  </node>
  <node id="103000047013" lat="49.89235281517" lon="125.78606279898">
    <tag k="local_x" v="304769.3336"/>
    <tag k="local_y" v="2768128.4963"/>
    <tag k="ele" v="8.9"/>
  </node>
  <node id="103000047014" lat="49.89234978105" lon="125.78605778826">
    <tag k="local_x" v="304768.993"/>
    <tag k="local_y" v="2768128.1387"/>
    <tag k="ele" v="8.9"/>
  </node>
  <node id="103000047015" lat="49.89234861891" lon="125.78605554252">
    <tag k="local_x" v="304768.8391"/>
    <tag k="local_y" v="2768128.0004"/>
    <tag k="ele" v="8.9"/>
  </node>
  <node id="10300003701" lat="49.89238441031" lon="125.78606962514">
    <tag k="local_x" v="304769.6244"/>
    <tag k="local_y" v="2768132.0353"/>
    <tag k="ele" v="8.9"/>
  </node>
  <node id="10300003702" lat="49.89237845461" lon="125.78607069539">
    <tag k="local_x" v="304769.7388"/>
    <tag k="local_y" v="2768131.3778"/>
    <tag k="ele" v="8.9"/>
  </node>
  <node id="10300003703" lat="49.89237356208" lon="125.78607187575">
    <tag k="local_x" v="304769.8544"/>
    <tag k="local_y" v="2768130.8389"/>
    <tag k="ele" v="8.9"/>
  </node>
  <node id="10300003704" lat="49.89236923224" lon="125.78607285204">
    <tag k="local_x" v="304769.9518"/>
    <tag k="local_y" v="2768130.3617"/>
    <tag k="ele" v="8.9"/>
  </node>
  <node id="10300003705" lat="49.89236511158" lon="125.78607204989">
    <tag k="local_x" v="304769.9202"/>
    <tag k="local_y" v="2768129.9005"/>
    <tag k="ele" v="8.9"/>
  </node>
  <node id="10300003706" lat="49.89236109391" lon="125.78607003383">
    <tag k="local_x" v="304769.8008"/>
    <tag k="local_y" v="2768129.4458"/>
    <tag k="ele" v="8.9"/>
  </node>
  <node id="10300003707" lat="49.89235588959" lon="125.78606518904">
    <tag k="local_x" v="304769.4858"/>
    <tag k="local_y" v="2768128.8477"/>
    <tag k="ele" v="8.9"/>
  </node>
  <node id="10300006801" lat="49.89243253068" lon="125.78608318628">
    <tag k="local_x" v="304770.2945"/>
    <tag k="local_y" v="2768137.4382"/>
    <tag k="ele" v="8.9"/>
  </node>
  <node id="10300006802" lat="49.89243117465" lon="125.78608311173">
    <tag k="local_x" v="304770.2977"/>
    <tag k="local_y" v="2768137.2872"/>
    <tag k="ele" v="8.9"/>
  </node>
  <node id="10300006803" lat="49.89242696599" lon="125.78608198565">
    <tag k="local_x" v="304770.2434"/>
    <tag k="local_y" v="2768136.8149"/>
    <tag k="ele" v="8.9"/>
  </node>
  <node id="10300006804" lat="49.89242164989" lon="125.7860795268">
    <tag k="local_x" v="304770.1004"/>
    <tag k="local_y" v="2768136.2141"/>
    <tag k="ele" v="8.9"/>
  </node>
  <node id="10300006805" lat="49.89241582568" lon="125.78607725592">
    <tag k="local_x" v="304769.9741"/>
    <tag k="local_y" v="2768135.5576"/>
    <tag k="ele" v="8.9"/>
  </node>
  <node id="10300006806" lat="49.89241027435" lon="125.78607507727">
    <tag k="local_x" v="304769.8527"/>
    <tag k="local_y" v="2768134.9318"/>
    <tag k="ele" v="8.9"/>
  </node>
  <node id="10300006807" lat="49.89240578491" lon="125.78607343623">
    <tag k="local_x" v="304769.7632"/>
    <tag k="local_y" v="2768134.4262"/>
    <tag k="ele" v="8.9"/>
  </node>
  <node id="10300006808" lat="49.89240047613" lon="125.78607175944">
    <tag k="local_x" v="304769.6763"/>
    <tag k="local_y" v="2768133.8294"/>
    <tag k="ele" v="8.9"/>
  </node>
  <node id="10300006809" lat="49.89239600284" lon="125.78607063519">
    <tag k="local_x" v="304769.6238"/>
    <tag k="local_y" v="2768133.3277"/>
    <tag k="ele" v="8.9"/>
  </node>
  <node id="103000068010" lat="49.89239042239" lon="125.7860696435">
    <tag k="local_x" v="304769.5878"/>
    <tag k="local_y" v="2768132.7035"/>
    <tag k="ele" v="8.9"/>
  </node>
  <node id="10300003901" lat="49.89234038849" lon="125.78606790006">
    <tag k="local_x" v="304769.7782"/>
    <tag k="local_y" v="2768127.1361"/>
    <tag k="ele" v="8.9"/>
  </node>
  <node id="10300003902" lat="49.89234141322" lon="125.78607004041">
    <tag k="local_x" v="304769.9254"/>
    <tag k="local_y" v="2768127.2587"/>
    <tag k="ele" v="8.9"/>
  </node>
  <node id="10300003903" lat="49.89234351881" lon="125.78607423828">
    <tag k="local_x" v="304770.2135"/>
    <tag k="local_y" v="2768127.5098"/>
    <tag k="ele" v="8.9"/>
  </node>
  <node id="10300003904" lat="49.89234568394" lon="125.78607857929">
    <tag k="local_x" v="304770.5115"/>
    <tag k="local_y" v="2768127.7681"/>
    <tag k="ele" v="8.9"/>
  </node>
  <node id="10300003905" lat="49.89234777554" lon="125.7860837231">
    <tag k="local_x" v="304770.8676"/>
    <tag k="local_y" v="2768128.0215"/>
    <tag k="ele" v="8.9"/>
  </node>
  <node id="10300003906" lat="49.89234964077" lon="125.78608910192">
    <tag k="local_x" v="304771.242"/>
    <tag k="local_y" v="2768128.2507"/>
    <tag k="ele" v="8.9"/>
  </node>
  <node id="10300003907" lat="49.89235118472" lon="125.78609480075">
    <tag k="local_x" v="304771.6414"/>
    <tag k="local_y" v="2768128.4455"/>
    <tag k="ele" v="8.9"/>
  </node>
  <node id="10300003908" lat="49.89235271375" lon="125.78610142174">
    <tag k="local_x" v="304772.1071"/>
    <tag k="local_y" v="2768128.6424"/>
    <tag k="ele" v="8.9"/>
  </node>
  <node id="10300003909" lat="49.89235417113" lon="125.78610977615">
    <tag k="local_x" v="304772.6977"/>
    <tag k="local_y" v="2768128.8384"/>
    <tag k="ele" v="8.9"/>
  </node>
  <node id="103000039010" lat="49.89235524309" lon="125.78612051893">
    <tag k="local_x" v="304773.4622"/>
    <tag k="local_y" v="2768129.0013"/>
    <tag k="ele" v="8.9"/>
  </node>
  <node id="103000039011" lat="49.89235550434" lon="125.78612939506">
    <tag k="local_x" v="304774.0978"/>
    <tag k="local_y" v="2768129.0665"/>
    <tag k="ele" v="8.9"/>
  </node>
  <node id="103000039012" lat="49.89235502952" lon="125.78613856589">
    <tag k="local_x" v="304774.7592"/>
    <tag k="local_y" v="2768129.0511"/>
    <tag k="ele" v="8.9"/>
  </node>
  <node id="10300003802" lat="49.89234145337" lon="125.78606960796">
    <tag k="local_x" v="304769.8941"/>
    <tag k="local_y" v="2768127.2614"/>
    <tag k="ele" v="8.9"/>
  </node>
  <node id="10300003803" lat="49.89234570638" lon="125.78607713266">
    <tag k="local_x" v="304770.4075"/>
    <tag k="local_y" v="2768127.7647"/>
    <tag k="ele" v="8.9"/>
  </node>
  <node id="10300003804" lat="49.89235051319" lon="125.78608422965">
    <tag k="local_x" v="304770.8867"/>
    <tag k="local_y" v="2768128.3278"/>
    <tag k="ele" v="8.9"/>
  </node>
  <node id="10300003805" lat="49.89235461919" lon="125.7860884013">
    <tag k="local_x" v="304771.1603"/>
    <tag k="local_y" v="2768128.8011"/>
    <tag k="ele" v="8.9"/>
  </node>
  <node id="10300003806" lat="49.89235878514" lon="125.78609076607">
    <tag k="local_x" v="304771.3038"/>
    <tag k="local_y" v="2768129.2737"/>
    <tag k="ele" v="8.9"/>
  </node>
  <node id="10300003807" lat="49.89236311391" lon="125.78609234702">
    <tag k="local_x" v="304771.39"/>
    <tag k="local_y" v="2768129.7612"/>
    <tag k="ele" v="8.9"/>
  </node>
  <node id="10300003808" lat="49.89236806798" lon="125.78609277667">
    <tag k="local_x" v="304771.3896"/>
    <tag k="local_y" v="2768130.3135"/>
    <tag k="ele" v="8.9"/>
  </node>
  <node id="10300003809" lat="49.89237314029" lon="125.78609201882">
    <tag k="local_x" v="304771.3032"/>
    <tag k="local_y" v="2768130.8741"/>
    <tag k="ele" v="8.9"/>
  </node>
  <node id="103000038010" lat="49.89237774569" lon="125.7860909386">
    <tag k="local_x" v="304771.1966"/>
    <tag k="local_y" v="2768131.3815"/>
    <tag k="ele" v="8.9"/>
  </node>
  <node id="103000038011" lat="49.89238195902" lon="125.78608997436">
    <tag k="local_x" v="304771.1008"/>
    <tag k="local_y" v="2768131.8458"/>
    <tag k="ele" v="8.9"/>
  </node>
  <node id="103000038012" lat="49.89238436159" lon="125.78608923826">
    <tag k="local_x" v="304771.0328"/>
    <tag k="local_y" v="2768132.1098"/>
    <tag k="ele" v="8.9"/>
  </node>
  <node id="103000038013" lat="49.89238617637" lon="125.78608882661">
    <tag k="local_x" v="304770.9918"/>
    <tag k="local_y" v="2768132.3098"/>
    <tag k="ele" v="8.9"/>
  </node>
  <node id="10300004002" lat="49.89233631665" lon="125.78609067677">
    <tag k="local_x" v="304771.4391"/>
    <tag k="local_y" v="2768126.7764"/>
    <tag k="ele" v="8.9"/>
  </node>
  <node id="10300004003" lat="49.89234129593" lon="125.78610507091">
    <tag k="local_x" v="304772.4411"/>
    <tag k="local_y" v="2768127.3884"/>
    <tag k="ele" v="8.9"/>
  </node>
  <node id="10300004004" lat="49.89234409107" lon="125.78611547059">
    <tag k="local_x" v="304773.1701"/>
    <tag k="local_y" v="2768127.7414"/>
    <tag k="ele" v="8.9"/>
  </node>
  <node id="10300004005" lat="49.89234610817" lon="125.78612951815">
    <tag k="local_x" v="304774.1659"/>
    <tag k="local_y" v="2768128.0228"/>
    <tag k="ele" v="8.9"/>
  </node>
  <node id="10300006902" lat="49.89233515472" lon="125.78608518562">
    <tag k="local_x" v="304771.0522"/>
    <tag k="local_y" v="2768126.6249"/>
    <tag k="ele" v="8.9"/>
  </node>
  <node id="10300006903" lat="49.89233852672" lon="125.78609077342">
    <tag k="local_x" v="304771.4321"/>
    <tag k="local_y" v="2768127.0224"/>
    <tag k="ele" v="8.9"/>
  </node>
  <node id="10300006904" lat="49.89234221235" lon="125.78609651971">
    <tag k="local_x" v="304771.8214"/>
    <tag k="local_y" v="2768127.4554"/>
    <tag k="ele" v="8.9"/>
  </node>
  <node id="10300006905" lat="49.89234612214" lon="125.78610123267">
    <tag k="local_x" v="304772.1351"/>
    <tag k="local_y" v="2768127.9091"/>
    <tag k="ele" v="8.9"/>
  </node>
  <node id="10300006906" lat="49.89235065102" lon="125.78610528268">
    <tag k="local_x" v="304772.3973"/>
    <tag k="local_y" v="2768128.4289"/>
    <tag k="ele" v="8.9"/>
  </node>
  <node id="10300006907" lat="49.89235651752" lon="125.78610821611">
    <tag k="local_x" v="304772.5709"/>
    <tag k="local_y" v="2768129.0928"/>
    <tag k="ele" v="8.9"/>
  </node>
  <node id="10300006908" lat="49.89236241428" lon="125.78611029975">
    <tag k="local_x" v="304772.6833"/>
    <tag k="local_y" v="2768129.7566"/>
    <tag k="ele" v="8.9"/>
  </node>
  <node id="10300006909" lat="49.89236743526" lon="125.78611101525">
    <tag k="local_x" v="304772.703"/>
    <tag k="local_y" v="2768130.3175"/>
    <tag k="ele" v="8.9"/>
  </node>
  <node id="103000069010" lat="49.89237180078" lon="125.78611095582">
    <tag k="local_x" v="304772.6712"/>
    <tag k="local_y" v="2768130.8024"/>
    <tag k="ele" v="8.9"/>
  </node>
  <node id="103000069011" lat="49.89237629621" lon="125.78611024898">
    <tag k="local_x" v="304772.5921"/>
    <tag k="local_y" v="2768131.2991"/>
    <tag k="ele" v="8.9"/>
  </node>
  <node id="103000069012" lat="49.89238145431" lon="125.78610732299">
    <tag k="local_x" v="304772.3495"/>
    <tag k="local_y" v="2768131.8604"/>
    <tag k="ele" v="8.9"/>
  </node>
  <node id="103000069013" lat="49.89238424831" lon="125.78610558079">
    <tag k="local_x" v="304772.2068"/>
    <tag k="local_y" v="2768132.1638"/>
    <tag k="ele" v="8.9"/>
  </node>
  <node id="103000069014" lat="49.89238627569" lon="125.78610476995">
    <tag k="local_x" v="304772.1358"/>
    <tag k="local_y" v="2768132.3858"/>
    <tag k="ele" v="8.9"/>
  </node>
  <node id="103000069015" lat="49.8923876238" lon="125.78610456942">
    <tag k="local_x" v="304772.1129"/>
    <tag k="local_y" v="2768132.5348"/>
    <tag k="ele" v="8.9"/>
  </node>
  <node id="10300000601" lat="49.89227256474" lon="125.78506747361">
    <tag k="local_x" v="304698.3818"/>
    <tag k="local_y" v="2768115.523"/>
    <tag k="ele" v="8.9"/>
  </node>
  <node id="10300000602" lat="49.89227507304" lon="125.78506139808">
    <tag k="local_x" v="304697.9298"/>
    <tag k="local_y" v="2768115.777"/>
    <tag k="ele" v="8.9"/>
  </node>
  <node id="10300000603" lat="49.89227842121" lon="125.78505614848">
    <tag k="local_x" v="304697.5318"/>
    <tag k="local_y" v="2768116.1277"/>
    <tag k="ele" v="8.9"/>
  </node>
  <node id="10300000604" lat="49.89228239042" lon="125.78505325167">
    <tag k="local_x" v="304697.2988"/>
    <tag k="local_y" v="2768116.557"/>
    <tag k="ele" v="8.9"/>
  </node>
  <node id="10300000605" lat="49.89228678429" lon="125.7850519522">
    <tag k="local_x" v="304697.1778"/>
    <tag k="local_y" v="2768117.04"/>
    <tag k="ele" v="8.9"/>
  </node>
  <node id="10300000606" lat="49.89229040821" lon="125.78505223984">
    <tag k="local_x" v="304697.1756"/>
    <tag k="local_y" v="2768117.4439"/>
    <tag k="ele" v="8.9"/>
  </node>
  <node id="10300000607" lat="49.89229395029" lon="125.78505345909">
    <tag k="local_x" v="304697.2408"/>
    <tag k="local_y" v="2768117.8425"/>
    <tag k="ele" v="8.9"/>
  </node>
  <node id="10300006001" lat="49.89270478338" lon="125.78507719044">
    <tag k="local_x" v="304696.354"/>
    <tag k="local_y" v="2768163.5953"/>
    <tag k="ele" v="8.9"/>
  </node>
  <node id="10300006002" lat="49.89270664291" lon="125.78507703062">
    <tag k="local_x" v="304696.3308"/>
    <tag k="local_y" v="2768163.8013"/>
    <tag k="ele" v="8.9"/>
  </node>
  <node id="10300006003" lat="49.89271389215" lon="125.78507589835">
    <tag k="local_x" v="304696.2038"/>
    <tag k="local_y" v="2768164.6023"/>
    <tag k="ele" v="8.9"/>
  </node>
  <node id="10300006004" lat="49.89271830005" lon="125.78507593449">
    <tag k="local_x" v="304696.1786"/>
    <tag k="local_y" v="2768165.0923"/>
    <tag k="ele" v="8.9"/>
  </node>
  <node id="10300006005" lat="49.89272501997" lon="125.78507817111">
    <tag k="local_x" v="304696.2968"/>
    <tag k="local_y" v="2768165.8482"/>
    <tag k="ele" v="8.9"/>
  </node>
  <node id="10300006006" lat="49.8927305524" lon="125.78507968777">
    <tag k="local_x" v="304696.3708"/>
    <tag k="local_y" v="2768166.4692"/>
    <tag k="ele" v="8.9"/>
  </node>
  <node id="10300006007" lat="49.89274021858" lon="125.78508236145">
    <tag k="local_x" v="304696.5018"/>
    <tag k="local_y" v="2768167.5543"/>
    <tag k="ele" v="8.9"/>
  </node>
  <node id="10300006008" lat="49.89274535698" lon="125.78508431709">
    <tag k="local_x" v="304696.6098"/>
    <tag k="local_y" v="2768168.1333"/>
    <tag k="ele" v="8.9"/>
  </node>
  <node id="10300006009" lat="49.89274689751" lon="125.78508475884">
    <tag k="local_x" v="304696.6318"/>
    <tag k="local_y" v="2768168.3063"/>
    <tag k="ele" v="8.9"/>
  </node>
  <node id="103000060010" lat="49.8927484516" lon="125.78508507641">
    <tag k="local_x" v="304696.6448"/>
    <tag k="local_y" v="2768168.4803"/>
    <tag k="ele" v="8.9"/>
  </node>
  <node id="103000060011" lat="49.89274937992" lon="125.78508454507">
    <tag k="local_x" v="304696.6008"/>
    <tag k="local_y" v="2768168.5813"/>
    <tag k="ele" v="8.9"/>
  </node>
  <node id="103000060012" lat="49.89275050136" lon="125.78508313924">
    <tag k="local_x" v="304696.4928"/>
    <tag k="local_y" v="2768168.7002"/>
    <tag k="ele" v="8.9"/>
  </node>
  <node id="103000060013" lat="49.89275095462" lon="125.78508135436">
    <tag k="local_x" v="304696.3618"/>
    <tag k="local_y" v="2768168.7433"/>
    <tag k="ele" v="8.9"/>
  </node>
  <node id="103000060014" lat="49.89275112924" lon="125.78507926642">
    <tag k="local_x" v="304696.2108"/>
    <tag k="local_y" v="2768168.7542"/>
    <tag k="ele" v="8.9"/>
  </node>
  <node id="103000060015" lat="49.89275097645" lon="125.7850775676">
    <tag k="local_x" v="304696.0898"/>
    <tag k="local_y" v="2768168.7303"/>
    <tag k="ele" v="8.9"/>
  </node>
  <node id="103000060016" lat="49.89274985266" lon="125.78507042084">
    <tag k="local_x" v="304695.5838"/>
    <tag k="local_y" v="2768168.5763"/>
    <tag k="ele" v="8.9"/>
  </node>
  <node id="103000060017" lat="49.89274964433" lon="125.78506601492">
    <tag k="local_x" v="304695.2688"/>
    <tag k="local_y" v="2768168.5352"/>
    <tag k="ele" v="8.9"/>
  </node>
  <node id="10300000701" lat="49.89218726972" lon="125.785382193">
    <tag k="local_x" v="304721.5145"/>
    <tag k="local_y" v="2768107.3262"/>
    <tag k="ele" v="8.9"/>
  </node>
  <node id="10300000702" lat="49.8921893973" lon="125.78537990056">
    <tag k="local_x" v="304721.3365"/>
    <tag k="local_y" v="2768107.5533"/>
    <tag k="ele" v="8.9"/>
  </node>
  <node id="10300000703" lat="49.89219280961" lon="125.78537344202">
    <tag k="local_x" v="304720.8513"/>
    <tag k="local_y" v="2768107.9062"/>
    <tag k="ele" v="8.9"/>
  </node>
  <node id="10300000704" lat="49.89219595139" lon="125.78536694998">
    <tag k="local_x" v="304720.3654"/>
    <tag k="local_y" v="2768108.2289"/>
    <tag k="ele" v="8.9"/>
  </node>
  <node id="10300000705" lat="49.89219954982" lon="125.78535899791">
    <tag k="local_x" v="304719.7718"/>
    <tag k="local_y" v="2768108.5964"/>
    <tag k="ele" v="8.9"/>
  </node>
  <node id="10300000706" lat="49.89220308233" lon="125.78534953016">
    <tag k="local_x" v="304719.0698"/>
    <tag k="local_y" v="2768108.9504"/>
    <tag k="ele" v="8.9"/>
  </node>
  <node id="10300000707" lat="49.89220592611" lon="125.78534107862">
    <tag k="local_x" v="304718.4451"/>
    <tag k="local_y" v="2768109.232"/>
    <tag k="ele" v="8.9"/>
  </node>
  <node id="10300000708" lat="49.89220892875" lon="125.78533158244">
    <tag k="local_x" v="304717.7444"/>
    <tag k="local_y" v="2768109.527"/>
    <tag k="ele" v="8.9"/>
  </node>
  <node id="10300000709" lat="49.89221181039" lon="125.78532249071">
    <tag k="local_x" v="304717.0735"/>
    <tag k="local_y" v="2768109.8102"/>
    <tag k="ele" v="8.9"/>
  </node>
  <node id="103000007010" lat="49.89221485919" lon="125.78531149009">
    <tag k="local_x" v="304716.2645"/>
    <tag k="local_y" v="2768110.1042"/>
    <tag k="ele" v="8.9"/>
  </node>
  <node id="103000007011" lat="49.89221672145" lon="125.78530281166">
    <tag k="local_x" v="304715.6297"/>
    <tag k="local_y" v="2768110.2758"/>
    <tag k="ele" v="8.9"/>
  </node>
  <node id="103000007012" lat="49.89221916268" lon="125.78528698009">
    <tag k="local_x" v="304714.4777"/>
    <tag k="local_y" v="2768110.4826"/>
    <tag k="ele" v="8.9"/>
  </node>
  <node id="103000007013" lat="49.89222196881" lon="125.78527516143">
    <tag k="local_x" v="304713.6115"/>
    <tag k="local_y" v="2768110.7463"/>
    <tag k="ele" v="8.9"/>
  </node>
  <node id="103000007014" lat="49.8922235342" lon="125.78526643184">
    <tag k="local_x" v="304712.9749"/>
    <tag k="local_y" v="2768110.8847"/>
    <tag k="ele" v="8.9"/>
  </node>
  <node id="103000007015" lat="49.89222494772" lon="125.78525413706">
    <tag k="local_x" v="304712.0833"/>
    <tag k="local_y" v="2768110.9917"/>
    <tag k="ele" v="8.9"/>
  </node>
  <node id="103000007016" lat="49.89222584783" lon="125.78524097261">
    <tag k="local_x" v="304711.1325"/>
    <tag k="local_y" v="2768111.0381"/>
    <tag k="ele" v="8.9"/>
  </node>
  <node id="103000007017" lat="49.8922257539" lon="125.78522961655">
    <tag k="local_x" v="304710.3178"/>
    <tag k="local_y" v="2768110.9814"/>
    <tag k="ele" v="8.9"/>
  </node>
  <node id="103000007018" lat="49.89222539197" lon="125.78521766727">
    <tag k="local_x" v="304709.4622"/>
    <tag k="local_y" v="2768110.8925"/>
    <tag k="ele" v="8.9"/>
  </node>
  <node id="103000007019" lat="49.89222432461" lon="125.78520672298">
    <tag k="local_x" v="304708.6832"/>
    <tag k="local_y" v="2768110.7293"/>
    <tag k="ele" v="8.9"/>
  </node>
  <node id="103000007020" lat="49.89222281816" lon="125.7851973489">
    <tag k="local_x" v="304708.0197"/>
    <tag k="local_y" v="2768110.5237"/>
    <tag k="ele" v="8.9"/>
  </node>
  <node id="103000007021" lat="49.89222080977" lon="125.78518740561">
    <tag k="local_x" v="304707.3185"/>
    <tag k="local_y" v="2768110.26"/>
    <tag k="ele" v="8.9"/>
  </node>
  <node id="103000007022" lat="49.89221897902" lon="125.78517885131">
    <tag k="local_x" v="304706.7159"/>
    <tag k="local_y" v="2768110.0217"/>
    <tag k="ele" v="8.9"/>
  </node>
  <node id="103000007023" lat="49.89221697384" lon="125.78517017027">
    <tag k="local_x" v="304706.1053"/>
    <tag k="local_y" v="2768109.7635"/>
    <tag k="ele" v="8.9"/>
  </node>
  <node id="103000007024" lat="49.89221551258" lon="125.78516420296">
    <tag k="local_x" v="304705.6861"/>
    <tag k="local_y" v="2768109.5768"/>
    <tag k="ele" v="8.9"/>
  </node>
  <node id="103000007025" lat="49.89221475899" lon="125.78516087604">
    <tag k="local_x" v="304705.452"/>
    <tag k="local_y" v="2768109.4795"/>
    <tag k="ele" v="8.9"/>
  </node>
  <node id="103000007026" lat="49.89221425985" lon="125.78515689174">
    <tag k="local_x" v="304705.1691"/>
    <tag k="local_y" v="2768109.4078"/>
    <tag k="ele" v="8.9"/>
  </node>
  <node id="103000007027" lat="49.89221405917" lon="125.78515212996">
    <tag k="local_x" v="304704.8285"/>
    <tag k="local_y" v="2768109.3661"/>
    <tag k="ele" v="8.9"/>
  </node>
  <node id="103000007028" lat="49.89221439191" lon="125.78514828141">
    <tag k="local_x" v="304704.5501"/>
    <tag k="local_y" v="2768109.3874"/>
    <tag k="ele" v="8.9"/>
  </node>
  <node id="103000007029" lat="49.89221507813" lon="125.78514409339">
    <tag k="local_x" v="304704.2451"/>
    <tag k="local_y" v="2768109.4466"/>
    <tag k="ele" v="8.9"/>
  </node>
  <node id="103000007030" lat="49.89221635412" lon="125.78514026361">
    <tag k="local_x" v="304703.9621"/>
    <tag k="local_y" v="2768109.5728"/>
    <tag k="ele" v="8.9"/>
  </node>
  <node id="103000007031" lat="49.89221879582" lon="125.78513526869">
    <tag k="local_x" v="304703.5881"/>
    <tag k="local_y" v="2768109.8238"/>
    <tag k="ele" v="8.9"/>
  </node>
  <node id="103000007032" lat="49.89222103229" lon="125.78513192024">
    <tag k="local_x" v="304703.3336"/>
    <tag k="local_y" v="2768110.0587"/>
    <tag k="ele" v="8.9"/>
  </node>
  <node id="103000007033" lat="49.89222307978" lon="125.78513048712">
    <tag k="local_x" v="304703.2178"/>
    <tag k="local_y" v="2768110.2804"/>
    <tag k="ele" v="8.9"/>
  </node>
  <node id="103000007034" lat="49.8922307721" lon="125.78512399358">
    <tag k="local_x" v="304702.7031"/>
    <tag k="local_y" v="2768111.1088"/>
    <tag k="ele" v="8.9"/>
  </node>
  <node id="103000007035" lat="49.89223628958" lon="125.78512113108">
    <tag k="local_x" v="304702.4628"/>
    <tag k="local_y" v="2768111.7103"/>
    <tag k="ele" v="8.9"/>
  </node>
  <node id="103000007036" lat="49.89224104712" lon="125.78511815867">
    <tag k="local_x" v="304702.2194"/>
    <tag k="local_y" v="2768112.2269"/>
    <tag k="ele" v="8.9"/>
  </node>
  <node id="103000007037" lat="49.89224558021" lon="125.78511512336">
    <tag k="local_x" v="304701.9729"/>
    <tag k="local_y" v="2768112.7183"/>
    <tag k="ele" v="8.9"/>
  </node>
  <node id="103000007038" lat="49.89224894861" lon="125.78511236601">
    <tag k="local_x" v="304701.7537"/>
    <tag k="local_y" v="2768113.0814"/>
    <tag k="ele" v="8.9"/>
  </node>
  <node id="103000007039" lat="49.89225236467" lon="125.785108603">
    <tag k="local_x" v="304701.462"/>
    <tag k="local_y" v="2768113.4457"/>
    <tag k="ele" v="8.9"/>
  </node>
  <node id="103000007040" lat="49.89225511784" lon="125.78510439038">
    <tag k="local_x" v="304701.1422"/>
    <tag k="local_y" v="2768113.7345"/>
    <tag k="ele" v="8.9"/>
  </node>
  <node id="103000007041" lat="49.8922573937" lon="125.78510028626">
    <tag k="local_x" v="304700.8332"/>
    <tag k="local_y" v="2768113.9707"/>
    <tag k="ele" v="8.9"/>
  </node>
  <node id="103000007042" lat="49.89225956998" lon="125.78509614972">
    <tag k="local_x" v="304700.5225"/>
    <tag k="local_y" v="2768114.1957"/>
    <tag k="ele" v="8.9"/>
  </node>
  <node id="103000007043" lat="49.89226151403" lon="125.78509233404">
    <tag k="local_x" v="304700.2363"/>
    <tag k="local_y" v="2768114.3962"/>
    <tag k="ele" v="8.9"/>
  </node>
  <node id="103000007044" lat="49.89226381008" lon="125.78508770379">
    <tag k="local_x" v="304699.8894"/>
    <tag k="local_y" v="2768114.6325"/>
    <tag k="ele" v="8.9"/>
  </node>
  <node id="103000007045" lat="49.89226577424" lon="125.78508365865">
    <tag k="local_x" v="304699.5866"/>
    <tag k="local_y" v="2768114.8343"/>
    <tag k="ele" v="8.9"/>
  </node>
  <node id="103000007046" lat="49.89226769977" lon="125.78507944019">
    <tag k="local_x" v="304699.2716"/>
    <tag k="local_y" v="2768115.0311"/>
    <tag k="ele" v="8.9"/>
  </node>
  <node id="103000007047" lat="49.89226966034" lon="125.78507492812">
    <tag k="local_x" v="304698.9353"/>
    <tag k="local_y" v="2768115.2306"/>
    <tag k="ele" v="8.9"/>
  </node>
  <node id="103000007048" lat="49.89227138178" lon="125.78507053295">
    <tag k="local_x" v="304698.6089"/>
    <tag k="local_y" v="2768115.404"/>
    <tag k="ele" v="8.9"/>
  </node>
  <node id="10300000502" lat="49.89227323714" lon="125.78506533191">
    <tag k="local_x" v="304698.2238"/>
    <tag k="local_y" v="2768115.589"/>
    <tag k="ele" v="8.9"/>
  </node>
  <node id="10300000503" lat="49.89227452863" lon="125.78506083351">
    <tag k="local_x" v="304697.8927"/>
    <tag k="local_y" v="2768115.7142"/>
    <tag k="ele" v="8.9"/>
  </node>
  <node id="10300000504" lat="49.89227562833" lon="125.7850553321">
    <tag k="local_x" v="304697.4908"/>
    <tag k="local_y" v="2768115.814"/>
    <tag k="ele" v="8.9"/>
  </node>
  <node id="10300000505" lat="49.89227651461" lon="125.78504981055">
    <tag k="local_x" v="304697.0888"/>
    <tag k="local_y" v="2768115.89"/>
    <tag k="ele" v="8.9"/>
  </node>
  <node id="10300000506" lat="49.89227715593" lon="125.78504314065">
    <tag k="local_x" v="304696.6059"/>
    <tag k="local_y" v="2768115.9341"/>
    <tag k="ele" v="8.9"/>
  </node>
  <node id="10300000507" lat="49.89227769501" lon="125.78503481677">
    <tag k="local_x" v="304696.0049"/>
    <tag k="local_y" v="2768115.9601"/>
    <tag k="ele" v="8.9"/>
  </node>
  <node id="10300000508" lat="49.89227789882" lon="125.7850265317">
    <tag k="local_x" v="304695.4088"/>
    <tag k="local_y" v="2768115.949"/>
    <tag k="ele" v="8.9"/>
  </node>
  <node id="10300000509" lat="49.8922777112" lon="125.78501841839">
    <tag k="local_x" v="304694.8275"/>
    <tag k="local_y" v="2768115.8951"/>
    <tag k="ele" v="8.9"/>
  </node>
  <node id="103000005010" lat="49.89227697133" lon="125.78501002815">
    <tag k="local_x" v="304694.2298"/>
    <tag k="local_y" v="2768115.7787"/>
    <tag k="ele" v="8.9"/>
  </node>
  <node id="103000005011" lat="49.89227602262" lon="125.785002082">
    <tag k="local_x" v="304693.6653"/>
    <tag k="local_y" v="2768115.6409"/>
    <tag k="ele" v="8.9"/>
  </node>
  <node id="103000005012" lat="49.89227477375" lon="125.78499446886">
    <tag k="local_x" v="304693.1266"/>
    <tag k="local_y" v="2768115.4711"/>
    <tag k="ele" v="8.9"/>
  </node>
  <node id="103000005013" lat="49.89227326052" lon="125.78498716958">
    <tag k="local_x" v="304692.6121"/>
    <tag k="local_y" v="2768115.2732"/>
    <tag k="ele" v="8.9"/>
  </node>
  <node id="103000005014" lat="49.89227171378" lon="125.78498112791">
    <tag k="local_x" v="304692.1881"/>
    <tag k="local_y" v="2768115.0767"/>
    <tag k="ele" v="8.9"/>
  </node>
  <node id="103000005015" lat="49.89226881" lon="125.78497719984">
    <tag k="local_x" v="304691.9244"/>
    <tag k="local_y" v="2768114.738"/>
    <tag k="ele" v="8.9"/>
  </node>
  <node id="10300000401" lat="49.892299377" lon="125.78502827881">
    <tag k="local_x" v="304695.3988"/>
    <tag k="local_y" v="2768118.343"/>
    <tag k="ele" v="8.9"/>
  </node>
  <node id="10300000402" lat="49.8922948117" lon="125.78502369919">
    <tag k="local_x" v="304695.0988"/>
    <tag k="local_y" v="2768117.817"/>
    <tag k="ele" v="8.9"/>
  </node>
  <node id="10300000403" lat="49.89229112725" lon="125.78501939195">
    <tag k="local_x" v="304694.8128"/>
    <tag k="local_y" v="2768117.39"/>
    <tag k="ele" v="8.9"/>
  </node>
  <node id="10300000404" lat="49.89228714625" lon="125.78501384685">
    <tag k="local_x" v="304694.4398"/>
    <tag k="local_y" v="2768116.925"/>
    <tag k="ele" v="8.9"/>
  </node>
  <node id="10300000405" lat="49.89228376791" lon="125.78500806218">
    <tag k="local_x" v="304694.0458"/>
    <tag k="local_y" v="2768116.526"/>
    <tag k="ele" v="8.9"/>
  </node>
  <node id="10300000406" lat="49.89228192681" lon="125.78500379147">
    <tag k="local_x" v="304693.7508"/>
    <tag k="local_y" v="2768116.304"/>
    <tag k="ele" v="8.9"/>
  </node>
  <node id="10300000407" lat="49.89228074162" lon="125.78500003803">
    <tag k="local_x" v="304693.4888"/>
    <tag k="local_y" v="2768116.157"/>
    <tag k="ele" v="8.9"/>
  </node>
  <node id="10300000408" lat="49.89227705521" lon="125.78499112017">
    <tag k="local_x" v="304692.8718"/>
    <tag k="local_y" v="2768115.711"/>
    <tag k="ele" v="8.9"/>
  </node>
  <node id="10300000409" lat="49.89227236899" lon="125.78498154203">
    <tag k="local_x" v="304692.2137"/>
    <tag k="local_y" v="2768115.1512"/>
    <tag k="ele" v="8.9"/>
  </node>
  <node id="10300004302" lat="49.89215983402" lon="125.78549175396">
    <tag k="local_x" v="304729.5533"/>
    <tag k="local_y" v="2768104.7236"/>
    <tag k="ele" v="8.9"/>
  </node>
  <node id="10300004303" lat="49.89215959346" lon="125.7854870249">
    <tag k="local_x" v="304729.2153"/>
    <tag k="local_y" v="2768104.6776"/>
    <tag k="ele" v="8.9"/>
  </node>
  <node id="10300004304" lat="49.89215883175" lon="125.78547564781">
    <tag k="local_x" v="304728.4033"/>
    <tag k="local_y" v="2768104.5466"/>
    <tag k="ele" v="8.9"/>
  </node>
  <node id="10300004305" lat="49.89215788847" lon="125.78546578695">
    <tag k="local_x" v="304727.7013"/>
    <tag k="local_y" v="2768104.4016"/>
    <tag k="ele" v="8.9"/>
  </node>
  <node id="10300004306" lat="49.89215689129" lon="125.78545511347">
    <tag k="local_x" v="304726.9413"/>
    <tag k="local_y" v="2768104.2473"/>
    <tag k="ele" v="8.9"/>
  </node>
  <node id="10300004307" lat="49.8921556914" lon="125.78544390683">
    <tag k="local_x" v="304726.1443"/>
    <tag k="local_y" v="2768104.0683"/>
    <tag k="ele" v="8.9"/>
  </node>
  <node id="10300004308" lat="49.89215487221" lon="125.78543034205">
    <tag k="local_x" v="304725.1756"/>
    <tag k="local_y" v="2768103.922"/>
    <tag k="ele" v="8.9"/>
  </node>
  <node id="10300004309" lat="49.89215472049" lon="125.78542041561">
    <tag k="local_x" v="304724.4639"/>
    <tag k="local_y" v="2768103.8647"/>
    <tag k="ele" v="8.9"/>
  </node>
  <node id="103000043010" lat="49.89215535331" lon="125.78540899526">
    <tag k="local_x" v="304723.64"/>
    <tag k="local_y" v="2768103.8885"/>
    <tag k="ele" v="8.9"/>
  </node>
  <node id="103000043011" lat="49.8921568157" lon="125.785398191">
    <tag k="local_x" v="304722.8551"/>
    <tag k="local_y" v="2768104.007"/>
    <tag k="ele" v="8.9"/>
  </node>
  <node id="103000043012" lat="49.8921588219" lon="125.78538858084">
    <tag k="local_x" v="304722.1525"/>
    <tag k="local_y" v="2768104.1908"/>
    <tag k="ele" v="8.9"/>
  </node>
  <node id="103000043013" lat="49.89216068444" lon="125.78538254613">
    <tag k="local_x" v="304721.7075"/>
    <tag k="local_y" v="2768104.3732"/>
    <tag k="ele" v="8.9"/>
  </node>
  <node id="103000043014" lat="49.89216336279" lon="125.785376987">
    <tag k="local_x" v="304721.2915"/>
    <tag k="local_y" v="2768104.6482"/>
    <tag k="ele" v="8.9"/>
  </node>
  <node id="103000043015" lat="49.89216690344" lon="125.78537174041">
    <tag k="local_x" v="304720.8925"/>
    <tag k="local_y" v="2768105.0203"/>
    <tag k="ele" v="8.9"/>
  </node>
  <node id="103000043016" lat="49.89217032627" lon="125.78536786659">
    <tag k="local_x" v="304720.5928"/>
    <tag k="local_y" v="2768105.3849"/>
    <tag k="ele" v="8.9"/>
  </node>
  <node id="103000043017" lat="49.89217438198" lon="125.78536447598">
    <tag k="local_x" v="304720.3238"/>
    <tag k="local_y" v="2768105.8218"/>
    <tag k="ele" v="8.9"/>
  </node>
  <node id="103000043018" lat="49.89217774607" lon="125.78536129623">
    <tag k="local_x" v="304720.0743"/>
    <tag k="local_y" v="2768106.1827"/>
    <tag k="ele" v="8.9"/>
  </node>
  <node id="10300005702" lat="49.89210762492" lon="125.78532305359">
    <tag k="local_x" v="304717.7709"/>
    <tag k="local_y" v="2768098.2343"/>
    <tag k="ele" v="8.9"/>
  </node>
  <node id="10300005703" lat="49.89212852115" lon="125.78534340035">
    <tag k="local_x" v="304719.0999"/>
    <tag k="local_y" v="2768100.6394"/>
    <tag k="ele" v="8.9"/>
  </node>
  <node id="10300005704" lat="49.89214650846" lon="125.78535932134">
    <tag k="local_x" v="304720.1295"/>
    <tag k="local_y" v="2768102.7032"/>
    <tag k="ele" v="8.9"/>
  </node>
  <node id="10300005705" lat="49.89215311194" lon="125.78536328606">
    <tag k="local_x" v="304720.3725"/>
    <tag k="local_y" v="2768103.4532"/>
    <tag k="ele" v="8.9"/>
  </node>
  <node id="10300005706" lat="49.89215712049" lon="125.78536537925">
    <tag k="local_x" v="304720.4975"/>
    <tag k="local_y" v="2768103.9072"/>
    <tag k="ele" v="8.9"/>
  </node>
  <node id="10300005707" lat="49.89215978476" lon="125.78536636542">
    <tag k="local_x" v="304720.5515"/>
    <tag k="local_y" v="2768104.2073"/>
    <tag k="ele" v="8.9"/>
  </node>
  <node id="10300005708" lat="49.89216245863" lon="125.78536679528">
    <tag k="local_x" v="304720.5655"/>
    <tag k="local_y" v="2768104.5062"/>
    <tag k="ele" v="8.9"/>
  </node>
  <node id="10300005709" lat="49.89216775715" lon="125.7853665921">
    <tag k="local_x" v="304720.5175"/>
    <tag k="local_y" v="2768105.0942"/>
    <tag k="ele" v="8.9"/>
  </node>
  <node id="103000057010" lat="49.89217080553" lon="125.78536591269">
    <tag k="local_x" v="304720.4495"/>
    <tag k="local_y" v="2768105.4302"/>
    <tag k="ele" v="8.9"/>
  </node>
  <node id="103000057011" lat="49.89217411123" lon="125.78536435052">
    <tag k="local_x" v="304720.3165"/>
    <tag k="local_y" v="2768105.7912"/>
    <tag k="ele" v="8.9"/>
  </node>
  <node id="103000057012" lat="49.89217771431" lon="125.78536125444">
    <tag k="local_x" v="304720.0715"/>
    <tag k="local_y" v="2768106.179"/>
    <tag k="ele" v="8.9"/>
  </node>
  <node id="10300005502" lat="49.89225725787" lon="125.78498900673">
    <tag k="local_x" v="304692.8449"/>
    <tag k="local_y" v="2768113.5023"/>
    <tag k="ele" v="8.9"/>
  </node>
  <node id="10300005503" lat="49.89225427694" lon="125.78498514571">
    <tag k="local_x" v="304692.5865"/>
    <tag k="local_y" v="2768113.1553"/>
    <tag k="ele" v="8.9"/>
  </node>
  <node id="10300005504" lat="49.89225066552" lon="125.78498108029">
    <tag k="local_x" v="304692.3174"/>
    <tag k="local_y" v="2768112.7374"/>
    <tag k="ele" v="8.9"/>
  </node>
  <node id="10300005505" lat="49.89224557404" lon="125.78497693641">
    <tag k="local_x" v="304692.052"/>
    <tag k="local_y" v="2768112.1547"/>
    <tag k="ele" v="8.9"/>
  </node>
  <node id="10300005506" lat="49.89223881583" lon="125.78497274922">
    <tag k="local_x" v="304691.794"/>
    <tag k="local_y" v="2768111.3866"/>
    <tag k="ele" v="8.9"/>
  </node>
  <node id="10300005507" lat="49.89223205787" lon="125.78496968471">
    <tag k="local_x" v="304691.6166"/>
    <tag k="local_y" v="2768110.6231"/>
    <tag k="ele" v="8.9"/>
  </node>
  <node id="10300005508" lat="49.8922199567" lon="125.7849660785">
    <tag k="local_x" v="304691.434"/>
    <tag k="local_y" v="2768109.2636"/>
    <tag k="ele" v="8.9"/>
  </node>
  <node id="10300005509" lat="49.89220474273" lon="125.78496314188">
    <tag k="local_x" v="304691.3191"/>
    <tag k="local_y" v="2768107.5609"/>
    <tag k="ele" v="8.9"/>
  </node>
  <node id="103000055010" lat="49.89219769696" lon="125.78496257739">
    <tag k="local_x" v="304691.323"/>
    <tag k="local_y" v="2768106.7756"/>
    <tag k="ele" v="8.9"/>
  </node>
  <node id="103000055011" lat="49.89219211492" lon="125.7849632488">
    <tag k="local_x" v="304691.4064"/>
    <tag k="local_y" v="2768106.158"/>
    <tag k="ele" v="8.9"/>
  </node>
  <node id="103000055012" lat="49.89218615622" lon="125.78496479389">
    <tag k="local_x" v="304691.5549"/>
    <tag k="local_y" v="2768105.5021"/>
    <tag k="ele" v="8.9"/>
  </node>
  <node id="103000055013" lat="49.89218092823" lon="125.78496746732">
    <tag k="local_x" v="304691.7798"/>
    <tag k="local_y" v="2768104.932"/>
    <tag k="ele" v="8.9"/>
  </node>
  <node id="103000055014" lat="49.89217662401" lon="125.784971059">
    <tag k="local_x" v="304692.0648"/>
    <tag k="local_y" v="2768104.4683"/>
    <tag k="ele" v="8.9"/>
  </node>
  <node id="103000055015" lat="49.8921719712" lon="125.78497679575">
    <tag k="local_x" v="304692.506"/>
    <tag k="local_y" v="2768103.9746"/>
    <tag k="ele" v="8.9"/>
  </node>
  <node id="103000055016" lat="49.89216812783" lon="125.78498276515">
    <tag k="local_x" v="304692.9588"/>
    <tag k="local_y" v="2768103.5718"/>
    <tag k="ele" v="8.9"/>
  </node>
  <node id="103000055017" lat="49.89216551088" lon="125.78498885898">
    <tag k="local_x" v="304693.4128"/>
    <tag k="local_y" v="2768103.3058"/>
    <tag k="ele" v="8.9"/>
  </node>
  <node id="103000055018" lat="49.89216219672" lon="125.78499826235">
    <tag k="local_x" v="304694.1088"/>
    <tag k="local_y" v="2768102.9758"/>
    <tag k="ele" v="8.9"/>
  </node>
  <node id="103000055019" lat="49.89216038486" lon="125.78500595906">
    <tag k="local_x" v="304694.6728"/>
    <tag k="local_y" v="2768102.8058"/>
    <tag k="ele" v="8.9"/>
  </node>
  <node id="103000055020" lat="49.89215941473" lon="125.78501374362">
    <tag k="local_x" v="304695.2378"/>
    <tag k="local_y" v="2768102.7297"/>
    <tag k="ele" v="8.9"/>
  </node>
  <node id="103000055021" lat="49.89215913806" lon="125.78502033411">
    <tag k="local_x" v="304695.7127"/>
    <tag k="local_y" v="2768102.7258"/>
    <tag k="ele" v="8.9"/>
  </node>
  <node id="103000055022" lat="49.8921589279" lon="125.78502695133">
    <tag k="local_x" v="304696.1891"/>
    <tag k="local_y" v="2768102.7294"/>
    <tag k="ele" v="8.9"/>
  </node>
  <node id="103000055023" lat="49.89215882066" lon="125.78503419742">
    <tag k="local_x" v="304696.71"/>
    <tag k="local_y" v="2768102.747"/>
    <tag k="ele" v="8.9"/>
  </node>
  <node id="103000055024" lat="49.89215867032" lon="125.78504333125">
    <tag k="local_x" v="304697.3667"/>
    <tag k="local_y" v="2768102.7675"/>
    <tag k="ele" v="8.9"/>
  </node>
  <node id="103000055025" lat="49.892158105" lon="125.78505568519">
    <tag k="local_x" v="304698.2572"/>
    <tag k="local_y" v="2768102.755"/>
    <tag k="ele" v="8.9"/>
  </node>
  <node id="103000055026" lat="49.89215773893" lon="125.78506122873">
    <tag k="local_x" v="304698.6575"/>
    <tag k="local_y" v="2768102.7369"/>
    <tag k="ele" v="8.9"/>
  </node>
  <node id="103000055027" lat="49.8921574379" lon="125.78506629884">
    <tag k="local_x" v="304699.0234"/>
    <tag k="local_y" v="2768102.7241"/>
    <tag k="ele" v="8.9"/>
  </node>
  <node id="103000055028" lat="49.89215678156" lon="125.78507475308">
    <tag k="local_x" v="304699.6345"/>
    <tag k="local_y" v="2768102.6856"/>
    <tag k="ele" v="8.9"/>
  </node>
  <node id="103000055029" lat="49.89215625547" lon="125.78508009592">
    <tag k="local_x" v="304700.0214"/>
    <tag k="local_y" v="2768102.6489"/>
    <tag k="ele" v="8.9"/>
  </node>
  <node id="103000055030" lat="49.89215563566" lon="125.7850850252">
    <tag k="local_x" v="304700.3792"/>
    <tag k="local_y" v="2768102.6001"/>
    <tag k="ele" v="8.9"/>
  </node>
  <node id="103000055031" lat="49.89215427853" lon="125.78509266435">
    <tag k="local_x" v="304700.9362"/>
    <tag k="local_y" v="2768102.4804"/>
    <tag k="ele" v="8.9"/>
  </node>
  <node id="103000055032" lat="49.89215281477" lon="125.7850995545">
    <tag k="local_x" v="304701.4401"/>
    <tag k="local_y" v="2768102.3458"/>
    <tag k="ele" v="8.9"/>
  </node>
  <node id="103000055033" lat="49.89215111464" lon="125.78510594614">
    <tag k="local_x" v="304701.9097"/>
    <tag k="local_y" v="2768102.1829"/>
    <tag k="ele" v="8.9"/>
  </node>
  <node id="103000055034" lat="49.89214901853" lon="125.78511238796">
    <tag k="local_x" v="304702.3854"/>
    <tag k="local_y" v="2768101.9762"/>
    <tag k="ele" v="8.9"/>
  </node>
  <node id="103000055035" lat="49.89214643361" lon="125.78511888436">
    <tag k="local_x" v="304702.8681"/>
    <tag k="local_y" v="2768101.7154"/>
    <tag k="ele" v="8.9"/>
  </node>
  <node id="103000055036" lat="49.89214322938" lon="125.78512592669">
    <tag k="local_x" v="304703.3939"/>
    <tag k="local_y" v="2768101.388"/>
    <tag k="ele" v="8.9"/>
  </node>
  <node id="103000055037" lat="49.89213939171" lon="125.78513407226">
    <tag k="local_x" v="304704.0029"/>
    <tag k="local_y" v="2768100.9947"/>
    <tag k="ele" v="8.9"/>
  </node>
  <node id="103000055040" lat="49.89211957087" lon="125.78516306385">
    <tag k="local_x" v="304706.2093"/>
    <tag k="local_y" v="2768098.9101"/>
    <tag k="ele" v="8.9"/>
  </node>
  <node id="103000055041" lat="49.89211046985" lon="125.78517997773">
    <tag k="local_x" v="304707.481"/>
    <tag k="local_y" v="2768097.9676"/>
    <tag k="ele" v="8.9"/>
  </node>
  <node id="103000055042" lat="49.89210380404" lon="125.7851917053">
    <tag k="local_x" v="304708.365"/>
    <tag k="local_y" v="2768097.2746"/>
    <tag k="ele" v="8.9"/>
  </node>
  <node id="103000055043" lat="49.89209620631" lon="125.78520725386">
    <tag k="local_x" v="304709.5292"/>
    <tag k="local_y" v="2768096.4936"/>
    <tag k="ele" v="8.9"/>
  </node>
  <node id="103000055044" lat="49.89208937909" lon="125.78522309017">
    <tag k="local_x" v="304710.7092"/>
    <tag k="local_y" v="2768095.7994"/>
    <tag k="ele" v="8.9"/>
  </node>
  <node id="103000055045" lat="49.89208564226" lon="125.78523322246">
    <tag k="local_x" v="304711.4602"/>
    <tag k="local_y" v="2768095.4254"/>
    <tag k="ele" v="8.9"/>
  </node>
  <node id="103000055046" lat="49.89208346079" lon="125.78524265564">
    <tag k="local_x" v="304712.1512"/>
    <tag k="local_y" v="2768095.2214"/>
    <tag k="ele" v="8.9"/>
  </node>
  <node id="103000055047" lat="49.8920817183" lon="125.78525410526">
    <tag k="local_x" v="304712.9842"/>
    <tag k="local_y" v="2768095.0744"/>
    <tag k="ele" v="8.9"/>
  </node>
  <node id="103000055048" lat="49.89208113159" lon="125.78526200984">
    <tag k="local_x" v="304713.5554"/>
    <tag k="local_y" v="2768095.0414"/>
    <tag k="ele" v="8.9"/>
  </node>
  <node id="103000055049" lat="49.89208104411" lon="125.78526758759">
    <tag k="local_x" v="304713.9564"/>
    <tag k="local_y" v="2768095.0544"/>
    <tag k="ele" v="8.9"/>
  </node>
  <node id="103000055050" lat="49.8920813979" lon="125.78527413733">
    <tag k="local_x" v="304714.4244"/>
    <tag k="local_y" v="2768095.1204"/>
    <tag k="ele" v="8.9"/>
  </node>
  <node id="103000055051" lat="49.8920825304" lon="125.78528030975">
    <tag k="local_x" v="304714.8604"/>
    <tag k="local_y" v="2768095.2714"/>
    <tag k="ele" v="8.9"/>
  </node>
  <node id="103000055052" lat="49.89208445634" lon="125.78528766615">
    <tag k="local_x" v="304715.3764"/>
    <tag k="local_y" v="2768095.5154"/>
    <tag k="ele" v="8.9"/>
  </node>
  <node id="103000055053" lat="49.89208742205" lon="125.78529537854">
    <tag k="local_x" v="304715.9114"/>
    <tag k="local_y" v="2768095.8764"/>
    <tag k="ele" v="8.9"/>
  </node>
  <node id="103000055054" lat="49.89209073504" lon="125.78530174247">
    <tag k="local_x" v="304716.3474"/>
    <tag k="local_y" v="2768096.2705"/>
    <tag k="ele" v="8.9"/>
  </node>
  <node id="103000055055" lat="49.89209527641" lon="125.7853089386">
    <tag k="local_x" v="304716.8354"/>
    <tag k="local_y" v="2768096.8045"/>
    <tag k="ele" v="8.9"/>
  </node>
  <node id="103000055056" lat="49.89209910327" lon="125.78531402444">
    <tag k="local_x" v="304717.1764"/>
    <tag k="local_y" v="2768097.2505"/>
    <tag k="ele" v="8.9"/>
  </node>
  <node id="103000055057" lat="49.8921023564" lon="125.78531784809">
    <tag k="local_x" v="304717.4304"/>
    <tag k="local_y" v="2768097.6276"/>
    <tag k="ele" v="8.9"/>
  </node>
  <node id="10300005601" lat="49.89209560043" lon="125.78534553567">
    <tag k="local_x" v="304719.4608"/>
    <tag k="local_y" v="2768096.9896"/>
    <tag k="ele" v="8.9"/>
  </node>
  <node id="10300005602" lat="49.89209735323" lon="125.78534647103">
    <tag k="local_x" v="304719.5169"/>
    <tag k="local_y" v="2768097.1882"/>
    <tag k="ele" v="8.9"/>
  </node>
  <node id="10300005603" lat="49.89209868684" lon="125.78534816351">
    <tag k="local_x" v="304719.63"/>
    <tag k="local_y" v="2768097.3433"/>
    <tag k="ele" v="8.9"/>
  </node>
  <node id="10300005604" lat="49.8921014941" lon="125.78535207335">
    <tag k="local_x" v="304719.893"/>
    <tag k="local_y" v="2768097.6712"/>
    <tag k="ele" v="8.9"/>
  </node>
  <node id="10300005605" lat="49.89210533821" lon="125.78535708132">
    <tag k="local_x" v="304720.2283"/>
    <tag k="local_y" v="2768098.1188"/>
    <tag k="ele" v="8.9"/>
  </node>
  <node id="10300005606" lat="49.89211133164" lon="125.78536453035">
    <tag k="local_x" v="304720.7253"/>
    <tag k="local_y" v="2768098.8152"/>
    <tag k="ele" v="8.9"/>
  </node>
  <node id="10300005607" lat="49.89211670144" lon="125.78537048299">
    <tag k="local_x" v="304721.1188"/>
    <tag k="local_y" v="2768099.4362"/>
    <tag k="ele" v="8.9"/>
  </node>
  <node id="10300005608" lat="49.89212164104" lon="125.78537518603">
    <tag k="local_x" v="304721.4253"/>
    <tag k="local_y" v="2768100.0043"/>
    <tag k="ele" v="8.9"/>
  </node>
  <node id="10300005609" lat="49.8921264178" lon="125.78537947084">
    <tag k="local_x" v="304721.7028"/>
    <tag k="local_y" v="2768100.5526"/>
    <tag k="ele" v="8.9"/>
  </node>
  <node id="103000056010" lat="49.89213057931" lon="125.78538264441">
    <tag k="local_x" v="304721.9044"/>
    <tag k="local_y" v="2768101.028"/>
    <tag k="ele" v="8.9"/>
  </node>
  <node id="103000056011" lat="49.89213430521" lon="125.78538518217">
    <tag k="local_x" v="304722.0631"/>
    <tag k="local_y" v="2768101.4524"/>
    <tag k="ele" v="8.9"/>
  </node>
  <node id="103000056012" lat="49.89213861682" lon="125.7853878452">
    <tag k="local_x" v="304722.2271"/>
    <tag k="local_y" v="2768101.9424"/>
    <tag k="ele" v="8.9"/>
  </node>
  <node id="103000056013" lat="49.8921423005" lon="125.78538974272">
    <tag k="local_x" v="304722.3401"/>
    <tag k="local_y" v="2768102.3595"/>
    <tag k="ele" v="8.9"/>
  </node>
  <node id="103000056014" lat="49.89214735104" lon="125.78539188565">
    <tag k="local_x" v="304722.4621"/>
    <tag k="local_y" v="2768102.9295"/>
    <tag k="ele" v="8.9"/>
  </node>
  <node id="103000056015" lat="49.89215189325" lon="125.78539341285">
    <tag k="local_x" v="304722.5431"/>
    <tag k="local_y" v="2768103.4405"/>
    <tag k="ele" v="8.9"/>
  </node>
  <node id="103000056016" lat="49.89215477177" lon="125.78539393033">
    <tag k="local_x" v="304722.5621"/>
    <tag k="local_y" v="2768103.7625"/>
    <tag k="ele" v="8.9"/>
  </node>
  <node id="103000056017" lat="49.89215810914" lon="125.78539395883">
    <tag k="local_x" v="304722.5431"/>
    <tag k="local_y" v="2768104.1335"/>
    <tag k="ele" v="8.9"/>
  </node>
  <node id="103000056018" lat="49.8921609657" lon="125.78539387266">
    <tag k="local_x" v="304722.5189"/>
    <tag k="local_y" v="2768104.4506"/>
    <tag k="ele" v="8.9"/>
  </node>
  <node id="103000056019" lat="49.89216433379" lon="125.78539348041">
    <tag k="local_x" v="304722.4695"/>
    <tag k="local_y" v="2768104.8233"/>
    <tag k="ele" v="8.9"/>
  </node>
  <node id="103000056020" lat="49.89216779692" lon="125.78539275387">
    <tag k="local_x" v="304722.3955"/>
    <tag k="local_y" v="2768105.2052"/>
    <tag k="ele" v="8.9"/>
  </node>
  <node id="103000056021" lat="49.8921723443" lon="125.78539144005">
    <tag k="local_x" v="304722.2725"/>
    <tag k="local_y" v="2768105.7052"/>
    <tag k="ele" v="8.9"/>
  </node>
  <node id="103000056022" lat="49.8921752047" lon="125.7853902427">
    <tag k="local_x" v="304722.1685"/>
    <tag k="local_y" v="2768106.0182"/>
    <tag k="ele" v="8.9"/>
  </node>
  <node id="103000056023" lat="49.89217875163" lon="125.78538850671">
    <tag k="local_x" v="304722.0215"/>
    <tag k="local_y" v="2768106.4053"/>
    <tag k="ele" v="8.9"/>
  </node>
  <node id="103000056024" lat="49.89218251922" lon="125.78538637225">
    <tag k="local_x" v="304721.8445"/>
    <tag k="local_y" v="2768106.8153"/>
    <tag k="ele" v="8.9"/>
  </node>
  <node id="103000056025" lat="49.89218483541" lon="125.78538455601">
    <tag k="local_x" v="304721.6995"/>
    <tag k="local_y" v="2768107.0653"/>
    <tag k="ele" v="8.9"/>
  </node>
  <node id="10300005402" lat="49.8922668468" lon="125.78497326525">
    <tag k="local_x" v="304691.6543"/>
    <tag k="local_y" v="2768114.5038"/>
    <tag k="ele" v="8.9"/>
  </node>
  <node id="10300005403" lat="49.89226372091" lon="125.7849678844">
    <tag k="local_x" v="304691.2877"/>
    <tag k="local_y" v="2768114.1345"/>
    <tag k="ele" v="8.9"/>
  </node>
  <node id="10300005404" lat="49.8922601899" lon="125.78496280366">
    <tag k="local_x" v="304690.9452"/>
    <tag k="local_y" v="2768113.7214"/>
    <tag k="ele" v="8.9"/>
  </node>
  <node id="10300005405" lat="49.89225651457" lon="125.78495837047">
    <tag k="local_x" v="304690.6501"/>
    <tag k="local_y" v="2768113.2949"/>
    <tag k="ele" v="8.9"/>
  </node>
  <node id="10300005406" lat="49.89225172522" lon="125.78495430606">
    <tag k="local_x" v="304690.3885"/>
    <tag k="local_y" v="2768112.7461"/>
    <tag k="ele" v="8.9"/>
  </node>
  <node id="10300005407" lat="49.892246686" lon="125.7849516084">
    <tag k="local_x" v="304690.2266"/>
    <tag k="local_y" v="2768112.1751"/>
    <tag k="ele" v="8.9"/>
  </node>
  <node id="10300005408" lat="49.89224198457" lon="125.78495020237">
    <tag k="local_x" v="304690.1553"/>
    <tag k="local_y" v="2768111.6469"/>
    <tag k="ele" v="8.9"/>
  </node>
  <node id="10300005409" lat="49.89223719536" lon="125.78494954635">
    <tag k="local_x" v="304690.1384"/>
    <tag k="local_y" v="2768111.112"/>
    <tag k="ele" v="8.9"/>
  </node>
  <node id="103000054010" lat="49.89223193851" lon="125.78494915291">
    <tag k="local_x" v="304690.1433"/>
    <tag k="local_y" v="2768110.5262"/>
    <tag k="ele" v="8.9"/>
  </node>
  <node id="103000054011" lat="49.89222728281" lon="125.78494907691">
    <tag k="local_x" v="304690.1672"/>
    <tag k="local_y" v="2768110.0085"/>
    <tag k="ele" v="8.9"/>
  </node>
  <node id="103000054012" lat="49.89222176617" lon="125.78494914259">
    <tag k="local_x" v="304690.2067"/>
    <tag k="local_y" v="2768109.3957"/>
    <tag k="ele" v="8.9"/>
  </node>
  <node id="103000054013" lat="49.89221733415" lon="125.78494890516">
    <tag k="local_x" v="304690.2176"/>
    <tag k="local_y" v="2768108.9022"/>
    <tag k="ele" v="8.9"/>
  </node>
  <node id="103000054014" lat="49.89220696218" lon="125.78495073263">
    <tag k="local_x" v="304690.4142"/>
    <tag k="local_y" v="2768107.757"/>
    <tag k="ele" v="8.9"/>
  </node>
  <node id="103000054015" lat="49.89219717577" lon="125.78495077432">
    <tag k="local_x" v="304690.4789"/>
    <tag k="local_y" v="2768106.6696"/>
    <tag k="ele" v="8.9"/>
  </node>
  <node id="103000054016" lat="49.89218765006" lon="125.78494934991">
    <tag k="local_x" v="304690.4367"/>
    <tag k="local_y" v="2768105.6052"/>
    <tag k="ele" v="8.9"/>
  </node>
  <node id="103000054017" lat="49.89218458064" lon="125.78494893408">
    <tag k="local_x" v="304690.4262"/>
    <tag k="local_y" v="2768105.2624"/>
    <tag k="ele" v="8.9"/>
  </node>
  <node id="103000054018" lat="49.89218150788" lon="125.78494897761">
    <tag k="local_x" v="304690.4487"/>
    <tag k="local_y" v="2768104.9211"/>
    <tag k="ele" v="8.9"/>
  </node>
  <node id="103000054019" lat="49.89217926136" lon="125.78494962996">
    <tag k="local_x" v="304690.5097"/>
    <tag k="local_y" v="2768104.6741"/>
    <tag k="ele" v="8.9"/>
  </node>
  <node id="103000054020" lat="49.89217619236" lon="125.78495160853">
    <tag k="local_x" v="304690.6711"/>
    <tag k="local_y" v="2768104.3411"/>
    <tag k="ele" v="8.9"/>
  </node>
  <node id="103000054021" lat="49.89217335679" lon="125.78495436254">
    <tag k="local_x" v="304690.8867"/>
    <tag k="local_y" v="2768104.0372"/>
    <tag k="ele" v="8.9"/>
  </node>
  <node id="103000054022" lat="49.8921701023" lon="125.7849581857">
    <tag k="local_x" v="304691.1817"/>
    <tag k="local_y" v="2768103.6911"/>
    <tag k="ele" v="8.9"/>
  </node>
  <node id="103000054023" lat="49.8921664533" lon="125.78496381142">
    <tag k="local_x" v="304691.6086"/>
    <tag k="local_y" v="2768103.3085"/>
    <tag k="ele" v="8.9"/>
  </node>
  <node id="103000054024" lat="49.89216350976" lon="125.78496882356">
    <tag k="local_x" v="304691.987"/>
    <tag k="local_y" v="2768103.0018"/>
    <tag k="ele" v="8.9"/>
  </node>
  <node id="103000054025" lat="49.89216069141" lon="125.78497402915">
    <tag k="local_x" v="304692.3785"/>
    <tag k="local_y" v="2768102.7098"/>
    <tag k="ele" v="8.9"/>
  </node>
  <node id="103000054026" lat="49.89215830997" lon="125.78497934416">
    <tag k="local_x" v="304692.7751"/>
    <tag k="local_y" v="2768102.4668"/>
    <tag k="ele" v="8.9"/>
  </node>
  <node id="103000054027" lat="49.89215629559" lon="125.78498547141">
    <tag k="local_x" v="304693.2277"/>
    <tag k="local_y" v="2768102.2679"/>
    <tag k="ele" v="8.9"/>
  </node>
  <node id="103000054028" lat="49.89215485391" lon="125.78499119488">
    <tag k="local_x" v="304693.6477"/>
    <tag k="local_y" v="2768102.131"/>
    <tag k="ele" v="8.9"/>
  </node>
  <node id="103000054029" lat="49.89215373556" lon="125.78499639517">
    <tag k="local_x" v="304694.0281"/>
    <tag k="local_y" v="2768102.0279"/>
    <tag k="ele" v="8.9"/>
  </node>
  <node id="103000054030" lat="49.89215303731" lon="125.7850021143">
    <tag k="local_x" v="304694.4431"/>
    <tag k="local_y" v="2768101.9736"/>
    <tag k="ele" v="8.9"/>
  </node>
  <node id="103000054031" lat="49.8921519803" lon="125.7850082922">
    <tag k="local_x" v="304694.8933"/>
    <tag k="local_y" v="2768101.8813"/>
    <tag k="ele" v="8.9"/>
  </node>
  <node id="103000054032" lat="49.89215112766" lon="125.78501544915">
    <tag k="local_x" v="304695.4125"/>
    <tag k="local_y" v="2768101.8157"/>
    <tag k="ele" v="8.9"/>
  </node>
  <node id="103000054033" lat="49.89215107309" lon="125.78502381138">
    <tag k="local_x" v="304696.0132"/>
    <tag k="local_y" v="2768101.8437"/>
    <tag k="ele" v="8.9"/>
  </node>
  <node id="103000054034" lat="49.89215097247" lon="125.78503114719">
    <tag k="local_x" v="304696.5405"/>
    <tag k="local_y" v="2768101.8624"/>
    <tag k="ele" v="8.9"/>
  </node>
  <node id="103000054035" lat="49.89215084377" lon="125.78503954331">
    <tag k="local_x" v="304697.1441"/>
    <tag k="local_y" v="2768101.8823"/>
    <tag k="ele" v="8.9"/>
  </node>
  <node id="103000054037" lat="49.89214999021" lon="125.78505156132">
    <tag k="local_x" v="304698.0123"/>
    <tag k="local_y" v="2768101.8364"/>
    <tag k="ele" v="8.9"/>
  </node>
  <node id="103000054038" lat="49.89214940066" lon="125.78506099226">
    <tag k="local_x" v="304698.6931"/>
    <tag k="local_y" v="2768101.8093"/>
    <tag k="ele" v="8.9"/>
  </node>
  <node id="103000054039" lat="49.89214855618" lon="125.78506660103">
    <tag k="local_x" v="304699.1011"/>
    <tag k="local_y" v="2768101.7383"/>
    <tag k="ele" v="8.9"/>
  </node>
  <node id="103000054040" lat="49.89214748098" lon="125.78507212129">
    <tag k="local_x" v="304699.5042"/>
    <tag k="local_y" v="2768101.6413"/>
    <tag k="ele" v="8.9"/>
  </node>
  <node id="103000054041" lat="49.89214663682" lon="125.78507600293">
    <tag k="local_x" v="304699.7882"/>
    <tag k="local_y" v="2768101.5633"/>
    <tag k="ele" v="8.9"/>
  </node>
  <node id="103000054042" lat="49.89214600653" lon="125.78507846868">
    <tag k="local_x" v="304699.9692"/>
    <tag k="local_y" v="2768101.5033"/>
    <tag k="ele" v="8.9"/>
  </node>
  <node id="103000054043" lat="49.892142531" lon="125.78509146403">
    <tag k="local_x" v="304700.9241"/>
    <tag k="local_y" v="2768101.17"/>
    <tag k="ele" v="8.9"/>
  </node>
  <node id="103000054044" lat="49.89213734273" lon="125.785105745">
    <tag k="local_x" v="304701.9821"/>
    <tag k="local_y" v="2768100.6516"/>
    <tag k="ele" v="8.9"/>
  </node>
  <node id="103000054045" lat="49.89213284118" lon="125.78511668348">
    <tag k="local_x" v="304702.7958"/>
    <tag k="local_y" v="2768100.1959"/>
    <tag k="ele" v="8.9"/>
  </node>
  <node id="103000054046" lat="49.89212783189" lon="125.78512799663">
    <tag k="local_x" v="304703.6396"/>
    <tag k="local_y" v="2768099.6853"/>
    <tag k="ele" v="8.9"/>
  </node>
  <node id="103000054047" lat="49.8921233868" lon="125.7851367811">
    <tag k="local_x" v="304704.2983"/>
    <tag k="local_y" v="2768099.2271"/>
    <tag k="ele" v="8.9"/>
  </node>
  <node id="103000054048" lat="49.89211621493" lon="125.78514832216">
    <tag k="local_x" v="304705.1721"/>
    <tag k="local_y" v="2768098.4771"/>
    <tag k="ele" v="8.9"/>
  </node>
  <node id="103000054049" lat="49.89211393918" lon="125.78515227584">
    <tag k="local_x" v="304705.4703"/>
    <tag k="local_y" v="2768098.2403"/>
    <tag k="ele" v="8.9"/>
  </node>
  <node id="103000054050" lat="49.89210904796" lon="125.78516076066">
    <tag k="local_x" v="304706.1103"/>
    <tag k="local_y" v="2768097.7313"/>
    <tag k="ele" v="8.9"/>
  </node>
  <node id="103000054051" lat="49.89210488288" lon="125.78516733137">
    <tag k="local_x" v="304706.6083"/>
    <tag k="local_y" v="2768097.2952"/>
    <tag k="ele" v="8.9"/>
  </node>
  <node id="103000054052" lat="49.89209961023" lon="125.78517542054">
    <tag k="local_x" v="304707.2223"/>
    <tag k="local_y" v="2768096.7422"/>
    <tag k="ele" v="8.9"/>
  </node>
  <node id="103000054053" lat="49.89209446793" lon="125.78518314508">
    <tag k="local_x" v="304707.8093"/>
    <tag k="local_y" v="2768096.2022"/>
    <tag k="ele" v="8.9"/>
  </node>
  <node id="103000054054" lat="49.89208975528" lon="125.78518997412">
    <tag k="local_x" v="304708.3293"/>
    <tag k="local_y" v="2768095.7063"/>
    <tag k="ele" v="8.9"/>
  </node>
  <node id="103000054055" lat="49.89208408656" lon="125.78519752706">
    <tag k="local_x" v="304708.9073"/>
    <tag k="local_y" v="2768095.1071"/>
    <tag k="ele" v="8.9"/>
  </node>
  <node id="103000054056" lat="49.89208248974" lon="125.78520370211">
    <tag k="local_x" v="304709.3607"/>
    <tag k="local_y" v="2768094.9548"/>
    <tag k="ele" v="8.9"/>
  </node>
  <node id="103000054057" lat="49.89208116676" lon="125.78520837184">
    <tag k="local_x" v="304709.7043"/>
    <tag k="local_y" v="2768094.8268"/>
    <tag k="ele" v="8.9"/>
  </node>
  <node id="103000054058" lat="49.89207971907" lon="125.78521339972">
    <tag k="local_x" v="304710.0744"/>
    <tag k="local_y" v="2768094.6864"/>
    <tag k="ele" v="8.9"/>
  </node>
  <node id="103000054059" lat="49.89207720154" lon="125.78522046335">
    <tag k="local_x" v="304710.5974"/>
    <tag k="local_y" v="2768094.4354"/>
    <tag k="ele" v="8.9"/>
  </node>
  <node id="103000054060" lat="49.89207490009" lon="125.78522776882">
    <tag k="local_x" v="304711.1364"/>
    <tag k="local_y" v="2768094.2094"/>
    <tag k="ele" v="8.9"/>
  </node>
  <node id="103000054061" lat="49.89207256328" lon="125.7852370212">
    <tag k="local_x" v="304711.8154"/>
    <tag k="local_y" v="2768093.9874"/>
    <tag k="ele" v="8.9"/>
  </node>
  <node id="103000054062" lat="49.89207073989" lon="125.78524478652">
    <tag k="local_x" v="304712.3844"/>
    <tag k="local_y" v="2768093.8164"/>
    <tag k="ele" v="8.9"/>
  </node>
  <node id="103000054063" lat="49.89206902784" lon="125.78525410492">
    <tag k="local_x" v="304713.0642"/>
    <tag k="local_y" v="2768093.6641"/>
    <tag k="ele" v="8.9"/>
  </node>
  <node id="103000054064" lat="49.89206798211" lon="125.78526311691">
    <tag k="local_x" v="304713.7178"/>
    <tag k="local_y" v="2768093.5846"/>
    <tag k="ele" v="8.9"/>
  </node>
  <node id="103000054065" lat="49.89206779857" lon="125.78527185502">
    <tag k="local_x" v="304714.3463"/>
    <tag k="local_y" v="2768093.5998"/>
    <tag k="ele" v="8.9"/>
  </node>
  <node id="103000054066" lat="49.89206811223" lon="125.7852803833">
    <tag k="local_x" v="304714.9566"/>
    <tag k="local_y" v="2768093.6694"/>
    <tag k="ele" v="8.9"/>
  </node>
  <node id="103000054067" lat="49.89206916557" lon="125.78529035967">
    <tag k="local_x" v="304715.6662"/>
    <tag k="local_y" v="2768093.8271"/>
    <tag k="ele" v="8.9"/>
  </node>
  <node id="103000054068" lat="49.89207089094" lon="125.7852993337">
    <tag k="local_x" v="304716.2996"/>
    <tag k="local_y" v="2768094.0554"/>
    <tag k="ele" v="8.9"/>
  </node>
  <node id="103000054069" lat="49.89207340212" lon="125.78530839903">
    <tag k="local_x" v="304716.9346"/>
    <tag k="local_y" v="2768094.3714"/>
    <tag k="ele" v="8.9"/>
  </node>
  <node id="103000054070" lat="49.89207580995" lon="125.78531512919">
    <tag k="local_x" v="304717.4026"/>
    <tag k="local_y" v="2768094.6664"/>
    <tag k="ele" v="8.9"/>
  </node>
  <node id="103000054071" lat="49.8920780889" lon="125.78532041614">
    <tag k="local_x" v="304717.7678"/>
    <tag k="local_y" v="2768094.9412"/>
    <tag k="ele" v="8.9"/>
  </node>
  <node id="103000054072" lat="49.8920800793" lon="125.78532429602">
    <tag k="local_x" v="304718.0338"/>
    <tag k="local_y" v="2768095.1782"/>
    <tag k="ele" v="8.9"/>
  </node>
  <node id="103000054073" lat="49.89208112892" lon="125.78532610145">
    <tag k="local_x" v="304718.1568"/>
    <tag k="local_y" v="2768095.3022"/>
    <tag k="ele" v="8.9"/>
  </node>
  <node id="10300001102" lat="49.89216732937" lon="125.78549397236">
    <tag k="local_x" v="304729.6653"/>
    <tag k="local_y" v="2768105.5656"/>
    <tag k="ele" v="8.9"/>
  </node>
  <node id="10300001103" lat="49.8921668428" lon="125.7854792626">
    <tag k="local_x" v="304728.6123"/>
    <tag k="local_y" v="2768105.4516"/>
    <tag k="ele" v="8.9"/>
  </node>
  <node id="10300001104" lat="49.89216661038" lon="125.78546326586">
    <tag k="local_x" v="304727.4653"/>
    <tag k="local_y" v="2768105.3606"/>
    <tag k="ele" v="8.9"/>
  </node>
  <node id="10300001105" lat="49.89216651552" lon="125.7854530895">
    <tag k="local_x" v="304726.7353"/>
    <tag k="local_y" v="2768105.3086"/>
    <tag k="ele" v="8.9"/>
  </node>
  <node id="10300001106" lat="49.89216665023" lon="125.78544376904">
    <tag k="local_x" v="304726.0653"/>
    <tag k="local_y" v="2768105.2856"/>
    <tag k="ele" v="8.9"/>
  </node>
  <node id="10300001107" lat="49.89216731295" lon="125.78543320237">
    <tag k="local_x" v="304725.3025"/>
    <tag k="local_y" v="2768105.3162"/>
    <tag k="ele" v="8.9"/>
  </node>
  <node id="10300001108" lat="49.89216793711" lon="125.78542626494">
    <tag k="local_x" v="304724.8005"/>
    <tag k="local_y" v="2768105.3573"/>
    <tag k="ele" v="8.9"/>
  </node>
  <node id="10300001109" lat="49.89216883803" lon="125.78541985325">
    <tag k="local_x" v="304724.3345"/>
    <tag k="local_y" v="2768105.4313"/>
    <tag k="ele" v="8.9"/>
  </node>
  <node id="103000011010" lat="49.89216981039" lon="125.78541465965">
    <tag k="local_x" v="304723.9555"/>
    <tag k="local_y" v="2768105.5182"/>
    <tag k="ele" v="8.9"/>
  </node>
  <node id="103000011011" lat="49.89217162163" lon="125.78540845328">
    <tag k="local_x" v="304723.4985"/>
    <tag k="local_y" v="2768105.6942"/>
    <tag k="ele" v="8.9"/>
  </node>
  <node id="103000011012" lat="49.892173601" lon="125.78540330634">
    <tag k="local_x" v="304723.1165"/>
    <tag k="local_y" v="2768105.8932"/>
    <tag k="ele" v="8.9"/>
  </node>
  <node id="103000011013" lat="49.89217591491" lon="125.78539860665">
    <tag k="local_x" v="304722.7645"/>
    <tag k="local_y" v="2768106.1312"/>
    <tag k="ele" v="8.9"/>
  </node>
  <node id="103000011014" lat="49.89217867647" lon="125.78539372341">
    <tag k="local_x" v="304722.3965"/>
    <tag k="local_y" v="2768106.4182"/>
    <tag k="ele" v="8.9"/>
  </node>
  <node id="103000011015" lat="49.89218169172" lon="125.78538930818">
    <tag k="local_x" v="304722.0605"/>
    <tag k="local_y" v="2768106.7353"/>
    <tag k="ele" v="8.9"/>
  </node>
  <node id="103000011016" lat="49.89218496499" lon="125.78538467883">
    <tag k="local_x" v="304721.7075"/>
    <tag k="local_y" v="2768107.0802"/>
    <tag k="ele" v="8.9"/>
  </node>
  <node id="10300003002" lat="49.89272228508" lon="125.78601096348">
    <tag k="local_x" v="304763.2819"/>
    <tag k="local_y" v="2768169.3445"/>
    <tag k="ele" v="8.9"/>
  </node>
  <node id="10300003003" lat="49.892718631" lon="125.78601515545">
    <tag k="local_x" v="304763.6059"/>
    <tag k="local_y" v="2768168.9555"/>
    <tag k="ele" v="8.9"/>
  </node>
  <node id="10300003004" lat="49.89271562318" lon="125.78601816452">
    <tag k="local_x" v="304763.8409"/>
    <tag k="local_y" v="2768168.6335"/>
    <tag k="ele" v="8.9"/>
  </node>
  <node id="10300003005" lat="49.89271264685" lon="125.78602105099">
    <tag k="local_x" v="304764.0669"/>
    <tag k="local_y" v="2768168.3145"/>
    <tag k="ele" v="8.9"/>
  </node>
  <node id="10300003006" lat="49.89270966633" lon="125.78602356101">
    <tag k="local_x" v="304764.2659"/>
    <tag k="local_y" v="2768167.9935"/>
    <tag k="ele" v="8.9"/>
  </node>
  <node id="10300003007" lat="49.8927056066" lon="125.78602730644">
    <tag k="local_x" v="304764.5604"/>
    <tag k="local_y" v="2768167.5576"/>
    <tag k="ele" v="8.9"/>
  </node>
  <node id="10300003008" lat="49.89270263634" lon="125.78603142616">
    <tag k="local_x" v="304764.8749"/>
    <tag k="local_y" v="2768167.2443"/>
    <tag k="ele" v="8.9"/>
  </node>
  <node id="10300003009" lat="49.89269906528" lon="125.78603718267">
    <tag k="local_x" v="304765.3107"/>
    <tag k="local_y" v="2768166.8709"/>
    <tag k="ele" v="8.9"/>
  </node>
  <node id="103000030010" lat="49.89269567104" lon="125.78604317202">
    <tag k="local_x" v="304765.7621"/>
    <tag k="local_y" v="2768166.5181"/>
    <tag k="ele" v="8.9"/>
  </node>
  <node id="103000030011" lat="49.89269240296" lon="125.78604996639">
    <tag k="local_x" v="304766.2705"/>
    <tag k="local_y" v="2768166.1826"/>
    <tag k="ele" v="8.9"/>
  </node>
  <node id="103000030012" lat="49.89268906631" lon="125.78605836075">
    <tag k="local_x" v="304766.8942"/>
    <tag k="local_y" v="2768165.846"/>
    <tag k="ele" v="8.9"/>
  </node>
  <node id="103000030013" lat="49.89268613219" lon="125.78606797443">
    <tag k="local_x" v="304767.6029"/>
    <tag k="local_y" v="2768165.5591"/>
    <tag k="ele" v="8.9"/>
  </node>
  <node id="103000030014" lat="49.89268358984" lon="125.78607863376">
    <tag k="local_x" v="304768.3842"/>
    <tag k="local_y" v="2768165.32"/>
    <tag k="ele" v="8.9"/>
  </node>
  <node id="103000030015" lat="49.89268175049" lon="125.78608712762">
    <tag k="local_x" v="304769.0056"/>
    <tag k="local_y" v="2768165.1502"/>
    <tag k="ele" v="8.9"/>
  </node>
  <node id="103000030016" lat="49.89268012574" lon="125.78609391593">
    <tag k="local_x" v="304769.5032"/>
    <tag k="local_y" v="2768164.9973"/>
    <tag k="ele" v="8.9"/>
  </node>
  <node id="103000030017" lat="49.89267818671" lon="125.78610164329">
    <tag k="local_x" v="304770.0702"/>
    <tag k="local_y" v="2768164.8133"/>
    <tag k="ele" v="8.9"/>
  </node>
  <node id="103000030018" lat="49.89267635162" lon="125.78610898978">
    <tag k="local_x" v="304770.6092"/>
    <tag k="local_y" v="2768164.6393"/>
    <tag k="ele" v="8.9"/>
  </node>
  <node id="103000030019" lat="49.89267460829" lon="125.7861150364">
    <tag k="local_x" v="304771.0543"/>
    <tag k="local_y" v="2768164.4702"/>
    <tag k="ele" v="8.9"/>
  </node>
  <node id="103000030020" lat="49.89267228988" lon="125.78612184594">
    <tag k="local_x" v="304771.5578"/>
    <tag k="local_y" v="2768164.2403"/>
    <tag k="ele" v="8.9"/>
  </node>
  <node id="103000030021" lat="49.89267020436" lon="125.78612689304">
    <tag k="local_x" v="304771.9333"/>
    <tag k="local_y" v="2768164.0291"/>
    <tag k="ele" v="8.9"/>
  </node>
  <node id="103000030022" lat="49.89266757375" lon="125.78613240066">
    <tag k="local_x" v="304772.3453"/>
    <tag k="local_y" v="2768163.7592"/>
    <tag k="ele" v="8.9"/>
  </node>
  <node id="103000030023" lat="49.8926653466" lon="125.78613623046">
    <tag k="local_x" v="304772.6343"/>
    <tag k="local_y" v="2768163.5273"/>
    <tag k="ele" v="8.9"/>
  </node>
  <node id="103000030024" lat="49.89266310335" lon="125.78613922312">
    <tag k="local_x" v="304772.8633"/>
    <tag k="local_y" v="2768163.2902"/>
    <tag k="ele" v="8.9"/>
  </node>
  <node id="103000030025" lat="49.89266066177" lon="125.78614129296">
    <tag k="local_x" v="304773.0273"/>
    <tag k="local_y" v="2768163.0273"/>
    <tag k="ele" v="8.9"/>
  </node>
  <node id="103000030026" lat="49.89265843142" lon="125.78614248573">
    <tag k="local_x" v="304773.127"/>
    <tag k="local_y" v="2768162.7843"/>
    <tag k="ele" v="8.9"/>
  </node>
  <node id="10300006602" lat="49.89272951363" lon="125.78602367353">
    <tag k="local_x" v="304764.1488"/>
    <tag k="local_y" v="2768170.1996"/>
    <tag k="ele" v="8.9"/>
  </node>
  <node id="10300006603" lat="49.89273207957" lon="125.78602363569">
    <tag k="local_x" v="304764.1299"/>
    <tag k="local_y" v="2768170.4846"/>
    <tag k="ele" v="8.9"/>
  </node>
  <node id="10300006604" lat="49.89273566039" lon="125.78602266881">
    <tag k="local_x" v="304764.0379"/>
    <tag k="local_y" v="2768170.8786"/>
    <tag k="ele" v="8.9"/>
  </node>
  <node id="10300006605" lat="49.89273862926" lon="125.78602170387">
    <tag k="local_x" v="304763.9499"/>
    <tag k="local_y" v="2768171.2046"/>
    <tag k="ele" v="8.9"/>
  </node>
  <node id="10300006606" lat="49.89273975644" lon="125.78602114824">
    <tag k="local_x" v="304763.9029"/>
    <tag k="local_y" v="2768171.3276"/>
    <tag k="ele" v="8.9"/>
  </node>
  <node id="10300006607" lat="49.8927407457" lon="125.78602042726">
    <tag k="local_x" v="304763.8449"/>
    <tag k="local_y" v="2768171.4346"/>
    <tag k="ele" v="8.9"/>
  </node>
  <node id="10300006608" lat="49.89274168287" lon="125.78601940921">
    <tag k="local_x" v="304763.7659"/>
    <tag k="local_y" v="2768171.5346"/>
    <tag k="ele" v="8.9"/>
  </node>
  <node id="10300006609" lat="49.89274235471" lon="125.78601801962">
    <tag k="local_x" v="304763.6619"/>
    <tag k="local_y" v="2768171.6036"/>
    <tag k="ele" v="8.9"/>
  </node>
  <node id="103000066010" lat="49.89274265053" lon="125.78601633234">
    <tag k="local_x" v="304763.5389"/>
    <tag k="local_y" v="2768171.6296"/>
    <tag k="ele" v="8.9"/>
  </node>
  <node id="103000066011" lat="49.8927427008" lon="125.78601447028">
    <tag k="local_x" v="304763.4049"/>
    <tag k="local_y" v="2768171.6276"/>
    <tag k="ele" v="8.9"/>
  </node>
  <node id="103000066012" lat="49.89274244929" lon="125.78601298564">
    <tag k="local_x" v="304763.2999"/>
    <tag k="local_y" v="2768171.5936"/>
    <tag k="ele" v="8.9"/>
  </node>
  <node id="10300003602" lat="49.89266338939" lon="125.78616366986">
    <tag k="local_x" v="304774.6166"/>
    <tag k="local_y" v="2768163.4216"/>
    <tag k="ele" v="8.9"/>
  </node>
  <node id="10300003603" lat="49.892665229" lon="125.78616201653">
    <tag k="local_x" v="304774.4863"/>
    <tag k="local_y" v="2768163.6193"/>
    <tag k="ele" v="8.9"/>
  </node>
  <node id="10300003604" lat="49.89266706104" lon="125.78615990707">
    <tag k="local_x" v="304774.3233"/>
    <tag k="local_y" v="2768163.8143"/>
    <tag k="ele" v="8.9"/>
  </node>
  <node id="10300003605" lat="49.89266966581" lon="125.78615611044">
    <tag k="local_x" v="304774.0343"/>
    <tag k="local_y" v="2768164.0883"/>
    <tag k="ele" v="8.9"/>
  </node>
  <node id="10300003606" lat="49.89267333175" lon="125.78614960732">
    <tag k="local_x" v="304773.5443"/>
    <tag k="local_y" v="2768164.4692"/>
    <tag k="ele" v="8.9"/>
  </node>
  <node id="10300003607" lat="49.89267782305" lon="125.78614076701">
    <tag k="local_x" v="304772.8813"/>
    <tag k="local_y" v="2768164.9323"/>
    <tag k="ele" v="8.9"/>
  </node>
  <node id="10300003608" lat="49.89268193491" lon="125.78612993076">
    <tag k="local_x" v="304772.0774"/>
    <tag k="local_y" v="2768165.3451"/>
    <tag k="ele" v="8.9"/>
  </node>
  <node id="10300003609" lat="49.89268517666" lon="125.78611987889">
    <tag k="local_x" v="304771.3353"/>
    <tag k="local_y" v="2768165.6644"/>
    <tag k="ele" v="8.9"/>
  </node>
  <node id="103000036010" lat="49.89268751214" lon="125.78610992847">
    <tag k="local_x" v="304770.6062"/>
    <tag k="local_y" v="2768165.8834"/>
    <tag k="ele" v="8.9"/>
  </node>
  <node id="103000036011" lat="49.89268991576" lon="125.7860977763">
    <tag k="local_x" v="304769.7186"/>
    <tag k="local_y" v="2768166.101"/>
    <tag k="ele" v="8.9"/>
  </node>
  <node id="103000036012" lat="49.89269211562" lon="125.78608727909">
    <tag k="local_x" v="304768.9511"/>
    <tag k="local_y" v="2768166.3027"/>
    <tag k="ele" v="8.9"/>
  </node>
  <node id="103000036013" lat="49.89269503293" lon="125.78607498261">
    <tag k="local_x" v="304768.0499"/>
    <tag k="local_y" v="2768166.5768"/>
    <tag k="ele" v="8.9"/>
  </node>
  <node id="103000036014" lat="49.8926972995" lon="125.78606656807">
    <tag k="local_x" v="304767.4315"/>
    <tag k="local_y" v="2768166.7944"/>
    <tag k="ele" v="8.9"/>
  </node>
  <node id="103000036015" lat="49.89270034054" lon="125.78605887344">
    <tag k="local_x" v="304766.8599"/>
    <tag k="local_y" v="2768167.101"/>
    <tag k="ele" v="8.9"/>
  </node>
  <node id="103000036016" lat="49.89270460207" lon="125.78605097402">
    <tag k="local_x" v="304766.2659"/>
    <tag k="local_y" v="2768167.5424"/>
    <tag k="ele" v="8.9"/>
  </node>
  <node id="103000036017" lat="49.89270794276" lon="125.78604565971">
    <tag k="local_x" v="304765.8633"/>
    <tag k="local_y" v="2768167.892"/>
    <tag k="ele" v="8.9"/>
  </node>
  <node id="103000036018" lat="49.89271158861" lon="125.78604063685">
    <tag k="local_x" v="304765.4797"/>
    <tag k="local_y" v="2768168.2767"/>
    <tag k="ele" v="8.9"/>
  </node>
  <node id="103000036019" lat="49.89271315907" lon="125.78603871612">
    <tag k="local_x" v="304765.3319"/>
    <tag k="local_y" v="2768168.4434"/>
    <tag k="ele" v="8.9"/>
  </node>
  <node id="103000036020" lat="49.89271789396" lon="125.78603400623">
    <tag k="local_x" v="304764.9639"/>
    <tag k="local_y" v="2768168.9504"/>
    <tag k="ele" v="8.9"/>
  </node>
  <node id="103000036021" lat="49.8927239129" lon="125.78602841322">
    <tag k="local_x" v="304764.5244"/>
    <tag k="local_y" v="2768169.5965"/>
    <tag k="ele" v="8.9"/>
  </node>
  <node id="103000036022" lat="49.89272751548" lon="125.78602535611">
    <tag k="local_x" v="304764.2822"/>
    <tag k="local_y" v="2768169.9844"/>
    <tag k="ele" v="8.9"/>
  </node>
  <node id="10300006702" lat="49.89266761734" lon="125.78618422294">
    <tag k="local_x" v="304776.0655"/>
    <tag k="local_y" v="2768163.9752"/>
    <tag k="ele" v="8.9"/>
  </node>
  <node id="10300006703" lat="49.8926701431" lon="125.78618064224">
    <tag k="local_x" v="304775.7925"/>
    <tag k="local_y" v="2768164.2413"/>
    <tag k="ele" v="8.9"/>
  </node>
  <node id="10300006704" lat="49.89267385573" lon="125.7861748536">
    <tag k="local_x" v="304775.3535"/>
    <tag k="local_y" v="2768164.6303"/>
    <tag k="ele" v="8.9"/>
  </node>
  <node id="10300006705" lat="49.89267751879" lon="125.78616872353">
    <tag k="local_x" v="304774.8903"/>
    <tag k="local_y" v="2768165.0124"/>
    <tag k="ele" v="8.9"/>
  </node>
  <node id="10300006706" lat="49.89268118492" lon="125.78616196971">
    <tag k="local_x" v="304774.3823"/>
    <tag k="local_y" v="2768165.3923"/>
    <tag k="ele" v="8.9"/>
  </node>
  <node id="10300006707" lat="49.89268466303" lon="125.78615450292">
    <tag k="local_x" v="304773.8243"/>
    <tag k="local_y" v="2768165.7484"/>
    <tag k="ele" v="8.9"/>
  </node>
  <node id="10300006708" lat="49.89268752942" lon="125.78614749776">
    <tag k="local_x" v="304773.3033"/>
    <tag k="local_y" v="2768166.0384"/>
    <tag k="ele" v="8.9"/>
  </node>
  <node id="10300006709" lat="49.89269023729" lon="125.78613990758">
    <tag k="local_x" v="304772.7413"/>
    <tag k="local_y" v="2768166.3084"/>
    <tag k="ele" v="8.9"/>
  </node>
  <node id="103000067010" lat="49.8926930341" lon="125.78613136412">
    <tag k="local_x" v="304772.1103"/>
    <tag k="local_y" v="2768166.5844"/>
    <tag k="ele" v="8.9"/>
  </node>
  <node id="103000067011" lat="49.89269523064" lon="125.78612446726">
    <tag k="local_x" v="304771.6013"/>
    <tag k="local_y" v="2768166.8004"/>
    <tag k="ele" v="8.9"/>
  </node>
  <node id="103000067012" lat="49.89269692531" lon="125.78611825061">
    <tag k="local_x" v="304771.1443"/>
    <tag k="local_y" v="2768166.9634"/>
    <tag k="ele" v="8.9"/>
  </node>
  <node id="103000067013" lat="49.89269775635" lon="125.78611276457">
    <tag k="local_x" v="304770.7452"/>
    <tag k="local_y" v="2768167.0334"/>
    <tag k="ele" v="8.9"/>
  </node>
  <node id="103000067014" lat="49.89269870934" lon="125.78610738814">
    <tag k="local_x" v="304770.3532"/>
    <tag k="local_y" v="2768167.1174"/>
    <tag k="ele" v="8.9"/>
  </node>
  <node id="103000067015" lat="49.89269969414" lon="125.78610212594">
    <tag k="local_x" v="304769.9692"/>
    <tag k="local_y" v="2768167.2054"/>
    <tag k="ele" v="8.9"/>
  </node>
  <node id="103000067016" lat="49.89270096419" lon="125.78609595556">
    <tag k="local_x" v="304769.5182"/>
    <tag k="local_y" v="2768167.3214"/>
    <tag k="ele" v="8.9"/>
  </node>
  <node id="103000067017" lat="49.89270339461" lon="125.78608677818">
    <tag k="local_x" v="304768.844"/>
    <tag k="local_y" v="2768167.5541"/>
    <tag k="ele" v="8.9"/>
  </node>
  <node id="103000067018" lat="49.89270653035" lon="125.78607679499">
    <tag k="local_x" v="304768.1075"/>
    <tag k="local_y" v="2768167.8619"/>
    <tag k="ele" v="8.9"/>
  </node>
  <node id="103000067019" lat="49.89271056581" lon="125.78606666797">
    <tag k="local_x" v="304767.355"/>
    <tag k="local_y" v="2768168.2691"/>
    <tag k="ele" v="8.9"/>
  </node>
  <node id="103000067020" lat="49.89271489759" lon="125.78605807967">
    <tag k="local_x" v="304766.7111"/>
    <tag k="local_y" v="2768168.7155"/>
    <tag k="ele" v="8.9"/>
  </node>
  <node id="103000067021" lat="49.89271873774" lon="125.78605197907">
    <tag k="local_x" v="304766.2489"/>
    <tag k="local_y" v="2768169.1174"/>
    <tag k="ele" v="8.9"/>
  </node>
  <node id="103000067022" lat="49.89272134396" lon="125.786048879">
    <tag k="local_x" v="304766.0099"/>
    <tag k="local_y" v="2768169.3944"/>
    <tag k="ele" v="8.9"/>
  </node>
  <node id="103000067023" lat="49.89272374025" lon="125.78604659624">
    <tag k="local_x" v="304765.8309"/>
    <tag k="local_y" v="2768169.6514"/>
    <tag k="ele" v="8.9"/>
  </node>
  <node id="103000067024" lat="49.89272617814" lon="125.78604445502">
    <tag k="local_x" v="304765.6618"/>
    <tag k="local_y" v="2768169.9136"/>
    <tag k="ele" v="8.9"/>
  </node>
  <node id="103000067025" lat="49.89272949563" lon="125.78604183531">
    <tag k="local_x" v="304765.4528"/>
    <tag k="local_y" v="2768170.2716"/>
    <tag k="ele" v="8.9"/>
  </node>
  <node id="103000067026" lat="49.89273239993" lon="125.78603993147">
    <tag k="local_x" v="304765.2978"/>
    <tag k="local_y" v="2768170.5866"/>
    <tag k="ele" v="8.9"/>
  </node>
  <node id="10300003102" lat="49.89265611724" lon="125.78614284794">
    <tag k="local_x" v="304773.1676"/>
    <tag k="local_y" v="2768162.5286"/>
    <tag k="ele" v="8.9"/>
  </node>
  <node id="10300003103" lat="49.89265357885" lon="125.78614245361">
    <tag k="local_x" v="304773.1553"/>
    <tag k="local_y" v="2768162.2449"/>
    <tag k="ele" v="8.9"/>
  </node>
  <node id="10300003104" lat="49.89264976137" lon="125.78614256117">
    <tag k="local_x" v="304773.1871"/>
    <tag k="local_y" v="2768161.8211"/>
    <tag k="ele" v="8.9"/>
  </node>
  <node id="10300003105" lat="49.89264624741" lon="125.78614295587">
    <tag k="local_x" v="304773.2376"/>
    <tag k="local_y" v="2768161.4322"/>
    <tag k="ele" v="8.9"/>
  </node>
  <node id="10300003106" lat="49.89264036551" lon="125.78614409946">
    <tag k="local_x" v="304773.3568"/>
    <tag k="local_y" v="2768160.7832"/>
    <tag k="ele" v="8.9"/>
  </node>
  <node id="10300003107" lat="49.89263396851" lon="125.78614589146">
    <tag k="local_x" v="304773.5258"/>
    <tag k="local_y" v="2768160.0796"/>
    <tag k="ele" v="8.9"/>
  </node>
  <node id="10300003108" lat="49.89262756483" lon="125.78614698224">
    <tag k="local_x" v="304773.6445"/>
    <tag k="local_y" v="2768159.3724"/>
    <tag k="ele" v="8.9"/>
  </node>
  <node id="10300003109" lat="49.89262108388" lon="125.78614811916">
    <tag k="local_x" v="304773.767"/>
    <tag k="local_y" v="2768158.6568"/>
    <tag k="ele" v="8.9"/>
  </node>
  <node id="103000031010" lat="49.89261435009" lon="125.78614896087">
    <tag k="local_x" v="304773.8699"/>
    <tag k="local_y" v="2768157.9119"/>
    <tag k="ele" v="8.9"/>
  </node>
  <node id="103000031011" lat="49.89260632789" lon="125.78614967545">
    <tag k="local_x" v="304773.9718"/>
    <tag k="local_y" v="2768157.0233"/>
    <tag k="ele" v="8.9"/>
  </node>
  <node id="103000031012" lat="49.89260226396" lon="125.78614948557">
    <tag k="local_x" v="304773.9838"/>
    <tag k="local_y" v="2768156.5709"/>
    <tag k="ele" v="8.9"/>
  </node>
  <node id="103000031013" lat="49.89259637453" lon="125.78614869934">
    <tag k="local_x" v="304773.9645"/>
    <tag k="local_y" v="2768155.9132"/>
    <tag k="ele" v="8.9"/>
  </node>
  <node id="10300006102" lat="49.89229844876" lon="125.78505679318">
    <tag k="local_x" v="304697.4518"/>
    <tag k="local_y" v="2768118.356"/>
    <tag k="ele" v="8.9"/>
  </node>
  <node id="10300006103" lat="49.89230421452" lon="125.78506274575">
    <tag k="local_x" v="304697.8428"/>
    <tag k="local_y" v="2768119.021"/>
    <tag k="ele" v="8.9"/>
  </node>
  <node id="10300006104" lat="49.8923069418" lon="125.78506527797">
    <tag k="local_x" v="304698.0074"/>
    <tag k="local_y" v="2768119.3344"/>
    <tag k="ele" v="8.9"/>
  </node>
  <node id="10300006105" lat="49.89230947573" lon="125.78506721795">
    <tag k="local_x" v="304698.1307"/>
    <tag k="local_y" v="2768119.6239"/>
    <tag k="ele" v="8.9"/>
  </node>
  <node id="10300006106" lat="49.89231250003" lon="125.78506864385">
    <tag k="local_x" v="304698.214"/>
    <tag k="local_y" v="2768119.9658"/>
    <tag k="ele" v="8.9"/>
  </node>
  <node id="10300006107" lat="49.89231616441" lon="125.78506971785">
    <tag k="local_x" v="304698.268"/>
    <tag k="local_y" v="2768120.3774"/>
    <tag k="ele" v="8.9"/>
  </node>
  <node id="10300006108" lat="49.89231998111" lon="125.78507017146">
    <tag k="local_x" v="304698.2765"/>
    <tag k="local_y" v="2768120.8034"/>
    <tag k="ele" v="8.9"/>
  </node>
  <node id="10300006109" lat="49.89232352435" lon="125.78507032805">
    <tag k="local_x" v="304698.2654"/>
    <tag k="local_y" v="2768121.1978"/>
    <tag k="ele" v="8.9"/>
  </node>
  <node id="103000061010" lat="49.89232714119" lon="125.78506990052">
    <tag k="local_x" v="304698.2119"/>
    <tag k="local_y" v="2768121.598"/>
    <tag k="ele" v="8.9"/>
  </node>
  <node id="103000061011" lat="49.89233073335" lon="125.78506850138">
    <tag k="local_x" v="304698.0888"/>
    <tag k="local_y" v="2768121.9915"/>
    <tag k="ele" v="8.9"/>
  </node>
  <node id="103000061012" lat="49.89233398487" lon="125.78506674778">
    <tag k="local_x" v="304697.9424"/>
    <tag k="local_y" v="2768122.3457"/>
    <tag k="ele" v="8.9"/>
  </node>
  <node id="103000061013" lat="49.89233618227" lon="125.78506588915">
    <tag k="local_x" v="304697.8669"/>
    <tag k="local_y" v="2768122.5864"/>
    <tag k="ele" v="8.9"/>
  </node>
  <node id="103000061014" lat="49.89233833165" lon="125.78506518648">
    <tag k="local_x" v="304697.8029"/>
    <tag k="local_y" v="2768122.8224"/>
    <tag k="ele" v="8.9"/>
  </node>
  <node id="103000061015" lat="49.89234004153" lon="125.78506444521">
    <tag k="local_x" v="304697.7389"/>
    <tag k="local_y" v="2768123.0094"/>
    <tag k="ele" v="8.9"/>
  </node>
  <node id="103000061016" lat="49.89234251711" lon="125.78506311654">
    <tag k="local_x" v="304697.6279"/>
    <tag k="local_y" v="2768123.2791"/>
    <tag k="ele" v="8.9"/>
  </node>
  <node id="103000061017" lat="49.89234521963" lon="125.78506138993">
    <tag k="local_x" v="304697.4869"/>
    <tag k="local_y" v="2768123.5724"/>
    <tag k="ele" v="8.9"/>
  </node>
  <node id="103000061018" lat="49.89234839238" lon="125.78505903604">
    <tag k="local_x" v="304697.2979"/>
    <tag k="local_y" v="2768123.9154"/>
    <tag k="ele" v="8.9"/>
  </node>
  <node id="103000061019" lat="49.89235225976" lon="125.78505582386">
    <tag k="local_x" v="304697.0429"/>
    <tag k="local_y" v="2768124.3321"/>
    <tag k="ele" v="8.9"/>
  </node>
  <node id="103000061020" lat="49.8923565516" lon="125.78505200544">
    <tag k="local_x" v="304696.7417"/>
    <tag k="local_y" v="2768124.7935"/>
    <tag k="ele" v="8.9"/>
  </node>
  <node id="103000061021" lat="49.89236012607" lon="125.78504846248">
    <tag k="local_x" v="304696.4648"/>
    <tag k="local_y" v="2768125.1763"/>
    <tag k="ele" v="8.9"/>
  </node>
  <node id="103000061022" lat="49.89236395436" lon="125.78504410748">
    <tag k="local_x" v="304696.128"/>
    <tag k="local_y" v="2768125.584"/>
    <tag k="ele" v="8.9"/>
  </node>
  <node id="103000061023" lat="49.89236635574" lon="125.78504237253">
    <tag k="local_x" v="304695.9883"/>
    <tag k="local_y" v="2768125.8438"/>
    <tag k="ele" v="8.9"/>
  </node>
  <node id="103000061024" lat="49.89237126636" lon="125.78504052646">
    <tag k="local_x" v="304695.8248"/>
    <tag k="local_y" v="2768126.382"/>
    <tag k="ele" v="8.9"/>
  </node>
  <node id="103000061025" lat="49.89237612949" lon="125.7850398532">
    <tag k="local_x" v="304695.7458"/>
    <tag k="local_y" v="2768126.9197"/>
    <tag k="ele" v="8.9"/>
  </node>
  <node id="103000061026" lat="49.89238064846" lon="125.78504017349">
    <tag k="local_x" v="304695.7403"/>
    <tag k="local_y" v="2768127.4232"/>
    <tag k="ele" v="8.9"/>
  </node>
  <node id="103000061027" lat="49.89238572086" lon="125.78504137673">
    <tag k="local_x" v="304695.7947"/>
    <tag k="local_y" v="2768127.9918"/>
    <tag k="ele" v="8.9"/>
  </node>
  <node id="103000061028" lat="49.89239031289" lon="125.78504299324">
    <tag k="local_x" v="304695.8818"/>
    <tag k="local_y" v="2768128.5087"/>
    <tag k="ele" v="8.9"/>
  </node>
  <node id="103000061029" lat="49.89239402864" lon="125.78504401604">
    <tag k="local_x" v="304695.9318"/>
    <tag k="local_y" v="2768128.9258"/>
    <tag k="ele" v="8.9"/>
  </node>
  <node id="103000061030" lat="49.89239890914" lon="125.7850451272">
    <tag k="local_x" v="304695.9808"/>
    <tag k="local_y" v="2768129.4727"/>
    <tag k="ele" v="8.9"/>
  </node>
  <node id="103000061031" lat="49.8924044618" lon="125.78504611633">
    <tag k="local_x" v="304696.0168"/>
    <tag k="local_y" v="2768130.0938"/>
    <tag k="ele" v="8.9"/>
  </node>
  <node id="103000061032" lat="49.89240933602" lon="125.78504619621">
    <tag k="local_x" v="304695.9918"/>
    <tag k="local_y" v="2768130.6358"/>
    <tag k="ele" v="8.9"/>
  </node>
  <node id="103000061033" lat="49.89241432233" lon="125.78504567306">
    <tag k="local_x" v="304695.9228"/>
    <tag k="local_y" v="2768131.1878"/>
    <tag k="ele" v="8.9"/>
  </node>
  <node id="103000061034" lat="49.89241891225" lon="125.78504489224">
    <tag k="local_x" v="304695.8378"/>
    <tag k="local_y" v="2768131.6947"/>
    <tag k="ele" v="8.9"/>
  </node>
  <node id="103000061035" lat="49.89242370116" lon="125.78504312601">
    <tag k="local_x" v="304695.6808"/>
    <tag k="local_y" v="2768132.2197"/>
    <tag k="ele" v="8.9"/>
  </node>
  <node id="103000061036" lat="49.89242881587" lon="125.78504086746">
    <tag k="local_x" v="304695.4864"/>
    <tag k="local_y" v="2768132.7789"/>
    <tag k="ele" v="8.9"/>
  </node>
  <node id="103000061037" lat="49.89243170989" lon="125.78503870359">
    <tag k="local_x" v="304695.3128"/>
    <tag k="local_y" v="2768133.0917"/>
    <tag k="ele" v="8.9"/>
  </node>
  <node id="103000061038" lat="49.89243449943" lon="125.78503730359">
    <tag k="local_x" v="304695.1947"/>
    <tag k="local_y" v="2768133.396"/>
    <tag k="ele" v="8.9"/>
  </node>
  <node id="103000061039" lat="49.89243668927" lon="125.78503667551">
    <tag k="local_x" v="304695.1358"/>
    <tag k="local_y" v="2768133.6368"/>
    <tag k="ele" v="8.9"/>
  </node>
  <node id="103000061040" lat="49.89243945482" lon="125.78503634732">
    <tag k="local_x" v="304695.0948"/>
    <tag k="local_y" v="2768133.9428"/>
    <tag k="ele" v="8.9"/>
  </node>
  <node id="103000061041" lat="49.89244199989" lon="125.78503628949">
    <tag k="local_x" v="304695.0746"/>
    <tag k="local_y" v="2768134.2254"/>
    <tag k="ele" v="8.9"/>
  </node>
  <node id="103000061042" lat="49.89244490728" lon="125.78503685407">
    <tag k="local_x" v="304695.0968"/>
    <tag k="local_y" v="2768134.5508"/>
    <tag k="ele" v="8.9"/>
  </node>
  <node id="103000061043" lat="49.8924479638" lon="125.78503791647">
    <tag k="local_x" v="304695.1538"/>
    <tag k="local_y" v="2768134.8948"/>
    <tag k="ele" v="8.9"/>
  </node>
  <node id="103000061044" lat="49.89245125274" lon="125.78503956061">
    <tag k="local_x" v="304695.2511"/>
    <tag k="local_y" v="2768135.267"/>
    <tag k="ele" v="8.9"/>
  </node>
  <node id="103000061045" lat="49.89245387008" lon="125.78504126277">
    <tag k="local_x" v="304695.3568"/>
    <tag k="local_y" v="2768135.5648"/>
    <tag k="ele" v="8.9"/>
  </node>
  <node id="103000061046" lat="49.8924576563" lon="125.7850442418">
    <tag k="local_x" v="304695.5468"/>
    <tag k="local_y" v="2768135.9977"/>
    <tag k="ele" v="8.9"/>
  </node>
  <node id="103000061047" lat="49.89246200373" lon="125.78504816157">
    <tag k="local_x" v="304695.8008"/>
    <tag k="local_y" v="2768136.4968"/>
    <tag k="ele" v="8.9"/>
  </node>
  <node id="103000061048" lat="49.89246553685" lon="125.78505190814">
    <tag k="local_x" v="304696.0475"/>
    <tag k="local_y" v="2768136.9047"/>
    <tag k="ele" v="8.9"/>
  </node>
  <node id="103000061049" lat="49.89246896916" lon="125.78505617097">
    <tag k="local_x" v="304696.3319"/>
    <tag k="local_y" v="2768137.3035"/>
    <tag k="ele" v="8.9"/>
  </node>
  <node id="103000061050" lat="49.89247178627" lon="125.78506057338">
    <tag k="local_x" v="304696.6302"/>
    <tag k="local_y" v="2768137.6345"/>
    <tag k="ele" v="8.9"/>
  </node>
  <node id="103000061051" lat="49.89247527562" lon="125.785064532">
    <tag k="local_x" v="304696.8924"/>
    <tag k="local_y" v="2768138.0384"/>
    <tag k="ele" v="8.9"/>
  </node>
  <node id="103000061052" lat="49.89247887481" lon="125.78506817016">
    <tag k="local_x" v="304697.1309"/>
    <tag k="local_y" v="2768138.4532"/>
    <tag k="ele" v="8.9"/>
  </node>
  <node id="103000061053" lat="49.89248246315" lon="125.78507080309">
    <tag k="local_x" v="304697.2973"/>
    <tag k="local_y" v="2768138.8627"/>
    <tag k="ele" v="8.9"/>
  </node>
  <node id="103000061054" lat="49.89248615828" lon="125.78507312504">
    <tag k="local_x" v="304697.4407"/>
    <tag k="local_y" v="2768139.2828"/>
    <tag k="ele" v="8.9"/>
  </node>
  <node id="103000061055" lat="49.89248957992" lon="125.78507510121">
    <tag k="local_x" v="304697.561"/>
    <tag k="local_y" v="2768139.6711"/>
    <tag k="ele" v="8.9"/>
  </node>
  <node id="103000061056" lat="49.89249326301" lon="125.78507674515">
    <tag k="local_x" v="304697.6558"/>
    <tag k="local_y" v="2768140.0871"/>
    <tag k="ele" v="8.9"/>
  </node>
  <node id="103000061057" lat="49.89249791101" lon="125.78507808662">
    <tag k="local_x" v="304697.7228"/>
    <tag k="local_y" v="2768140.6091"/>
    <tag k="ele" v="8.9"/>
  </node>
  <node id="103000061058" lat="49.89250260354" lon="125.78507919521">
    <tag k="local_x" v="304697.7728"/>
    <tag k="local_y" v="2768141.1351"/>
    <tag k="ele" v="8.9"/>
  </node>
  <node id="103000061059" lat="49.89250808101" lon="125.78508024739">
    <tag k="local_x" v="304697.8138"/>
    <tag k="local_y" v="2768141.7481"/>
    <tag k="ele" v="8.9"/>
  </node>
  <node id="103000061060" lat="49.89251234084" lon="125.78508088618">
    <tag k="local_x" v="304697.8328"/>
    <tag k="local_y" v="2768142.2241"/>
    <tag k="ele" v="8.9"/>
  </node>
  <node id="103000061061" lat="49.89251703597" lon="125.78508094197">
    <tag k="local_x" v="304697.8072"/>
    <tag k="local_y" v="2768142.7461"/>
    <tag k="ele" v="8.9"/>
  </node>
  <node id="103000061062" lat="49.89252904912" lon="125.78507848005">
    <tag k="local_x" v="304697.5547"/>
    <tag k="local_y" v="2768144.0711"/>
    <tag k="ele" v="8.9"/>
  </node>
  <node id="103000061063" lat="49.89254146627" lon="125.78507786018">
    <tag k="local_x" v="304697.4319"/>
    <tag k="local_y" v="2768145.4485"/>
    <tag k="ele" v="8.9"/>
  </node>
  <node id="103000061064" lat="49.89255189397" lon="125.78507863676">
    <tag k="local_x" v="304697.4219"/>
    <tag k="local_y" v="2768146.6105"/>
    <tag k="ele" v="8.9"/>
  </node>
  <node id="103000061065" lat="49.8925638009" lon="125.78508111027">
    <tag k="local_x" v="304697.5244"/>
    <tag k="local_y" v="2768147.9438"/>
    <tag k="ele" v="8.9"/>
  </node>
  <node id="103000061066" lat="49.892573207" lon="125.78508390735">
    <tag k="local_x" v="304697.6659"/>
    <tag k="local_y" v="2768149.0005"/>
    <tag k="ele" v="8.9"/>
  </node>
  <node id="103000061067" lat="49.89257995816" lon="125.7850868139">
    <tag k="local_x" v="304697.832"/>
    <tag k="local_y" v="2768149.7626"/>
    <tag k="ele" v="8.9"/>
  </node>
  <node id="103000061068" lat="49.89258485233" lon="125.78509005601">
    <tag k="local_x" v="304698.0339"/>
    <tag k="local_y" v="2768150.3197"/>
    <tag k="ele" v="8.9"/>
  </node>
  <node id="103000061069" lat="49.89259094124" lon="125.78509504806">
    <tag k="local_x" v="304698.3539"/>
    <tag k="local_y" v="2768151.0167"/>
    <tag k="ele" v="8.9"/>
  </node>
  <node id="103000061070" lat="49.89259671394" lon="125.78510019759">
    <tag k="local_x" v="304698.6872"/>
    <tag k="local_y" v="2768151.6792"/>
    <tag k="ele" v="8.9"/>
  </node>
  <node id="103000061071" lat="49.89260318558" lon="125.78510667883">
    <tag k="local_x" v="304699.1117"/>
    <tag k="local_y" v="2768152.4248"/>
    <tag k="ele" v="8.9"/>
  </node>
  <node id="103000061072" lat="49.89260882222" lon="125.78511269254">
    <tag k="local_x" v="304699.5079"/>
    <tag k="local_y" v="2768153.0757"/>
    <tag k="ele" v="8.9"/>
  </node>
  <node id="103000061073" lat="49.8926139808" lon="125.78511856537">
    <tag k="local_x" v="304699.897"/>
    <tag k="local_y" v="2768153.6729"/>
    <tag k="ele" v="8.9"/>
  </node>
  <node id="103000061074" lat="49.89261627209" lon="125.78512010379">
    <tag k="local_x" v="304699.993"/>
    <tag k="local_y" v="2768153.9338"/>
    <tag k="ele" v="8.9"/>
  </node>
  <node id="103000061075" lat="49.89261978287" lon="125.78512166157">
    <tag k="local_x" v="304700.0827"/>
    <tag k="local_y" v="2768154.3303"/>
    <tag k="ele" v="8.9"/>
  </node>
  <node id="103000061076" lat="49.89262288395" lon="125.78512263736">
    <tag k="local_x" v="304700.1332"/>
    <tag k="local_y" v="2768154.6789"/>
    <tag k="ele" v="8.9"/>
  </node>
  <node id="103000061077" lat="49.89262576488" lon="125.7851232609">
    <tag k="local_x" v="304700.1598"/>
    <tag k="local_y" v="2768155.0016"/>
    <tag k="ele" v="8.9"/>
  </node>
  <node id="103000061078" lat="49.89262873741" lon="125.78512349691">
    <tag k="local_x" v="304700.158"/>
    <tag k="local_y" v="2768155.3329"/>
    <tag k="ele" v="8.9"/>
  </node>
  <node id="103000061079" lat="49.89263145677" lon="125.78512347111">
    <tag k="local_x" v="304700.139"/>
    <tag k="local_y" v="2768155.635"/>
    <tag k="ele" v="8.9"/>
  </node>
  <node id="103000061080" lat="49.89263454653" lon="125.78512316026">
    <tag k="local_x" v="304700.0972"/>
    <tag k="local_y" v="2768155.9771"/>
    <tag k="ele" v="8.9"/>
  </node>
  <node id="103000061081" lat="49.89263798775" lon="125.78512254041">
    <tag k="local_x" v="304700.031"/>
    <tag k="local_y" v="2768156.357"/>
    <tag k="ele" v="8.9"/>
  </node>
  <node id="103000061082" lat="49.89264131386" lon="125.78512152602">
    <tag k="local_x" v="304699.9372"/>
    <tag k="local_y" v="2768156.7225"/>
    <tag k="ele" v="8.9"/>
  </node>
  <node id="103000061083" lat="49.89264416255" lon="125.78512045158">
    <tag k="local_x" v="304699.8421"/>
    <tag k="local_y" v="2768157.0347"/>
    <tag k="ele" v="8.9"/>
  </node>
  <node id="103000061084" lat="49.89264688103" lon="125.78511936989">
    <tag k="local_x" v="304699.7473"/>
    <tag k="local_y" v="2768157.3324"/>
    <tag k="ele" v="8.9"/>
  </node>
  <node id="103000061085" lat="49.89264945437" lon="125.78511812362">
    <tag k="local_x" v="304699.6416"/>
    <tag k="local_y" v="2768157.6133"/>
    <tag k="ele" v="8.9"/>
  </node>
  <node id="103000061086" lat="49.8926518594" lon="125.78511678039">
    <tag k="local_x" v="304699.53"/>
    <tag k="local_y" v="2768157.8751"/>
    <tag k="ele" v="8.9"/>
  </node>
  <node id="103000061087" lat="49.89265463016" lon="125.7851148369">
    <tag k="local_x" v="304699.373"/>
    <tag k="local_y" v="2768158.1751"/>
    <tag k="ele" v="8.9"/>
  </node>
  <node id="103000061088" lat="49.89265792816" lon="125.78511193824">
    <tag k="local_x" v="304699.1441"/>
    <tag k="local_y" v="2768158.5298"/>
    <tag k="ele" v="8.9"/>
  </node>
  <node id="103000061089" lat="49.89266164222" lon="125.78510831838">
    <tag k="local_x" v="304698.8608"/>
    <tag k="local_y" v="2768158.9278"/>
    <tag k="ele" v="8.9"/>
  </node>
  <node id="103000061090" lat="49.89266614136" lon="125.78510372977">
    <tag k="local_x" v="304698.503"/>
    <tag k="local_y" v="2768159.4091"/>
    <tag k="ele" v="8.9"/>
  </node>
  <node id="103000061091" lat="49.89267277336" lon="125.78509913488">
    <tag k="local_x" v="304698.1313"/>
    <tag k="local_y" v="2768160.1274"/>
    <tag k="ele" v="8.9"/>
  </node>
  <node id="103000061092" lat="49.89267876802" lon="125.78509592148">
    <tag k="local_x" v="304697.8628"/>
    <tag k="local_y" v="2768160.7805"/>
    <tag k="ele" v="8.9"/>
  </node>
  <node id="103000061093" lat="49.89268193099" lon="125.78509474232">
    <tag k="local_x" v="304697.7582"/>
    <tag k="local_y" v="2768161.1272"/>
    <tag k="ele" v="8.9"/>
  </node>
  <node id="103000061094" lat="49.89268488543" lon="125.78509392511">
    <tag k="local_x" v="304697.6809"/>
    <tag k="local_y" v="2768161.4522"/>
    <tag k="ele" v="8.9"/>
  </node>
  <node id="103000061095" lat="49.8926877317" lon="125.78509289224">
    <tag k="local_x" v="304697.5888"/>
    <tag k="local_y" v="2768161.7643"/>
    <tag k="ele" v="8.9"/>
  </node>
  <node id="103000061096" lat="49.89269115139" lon="125.78509214793">
    <tag k="local_x" v="304697.5138"/>
    <tag k="local_y" v="2768162.1413"/>
    <tag k="ele" v="8.9"/>
  </node>
  <node id="103000061097" lat="49.89269517916" lon="125.78509126201">
    <tag k="local_x" v="304697.4248"/>
    <tag k="local_y" v="2768162.5853"/>
    <tag k="ele" v="8.9"/>
  </node>
  <node id="103000061098" lat="49.89270078098" lon="125.78509046839">
    <tag k="local_x" v="304697.3325"/>
    <tag k="local_y" v="2768163.2046"/>
    <tag k="ele" v="8.9"/>
  </node>
  <node id="103000061099" lat="49.8927052374" lon="125.78509033468">
    <tag k="local_x" v="304697.2948"/>
    <tag k="local_y" v="2768163.6993"/>
    <tag k="ele" v="8.9"/>
  </node>
  <node id="10300005101" lat="49.89276450011" lon="125.78506519694">
    <tag k="local_x" v="304695.1164"/>
    <tag k="local_y" v="2768170.1828"/>
    <tag k="ele" v="8.9"/>
  </node>
  <node id="10300005102" lat="49.89276412333" lon="125.78506138492">
    <tag k="local_x" v="304694.8451"/>
    <tag k="local_y" v="2768170.1254"/>
    <tag k="ele" v="8.9"/>
  </node>
  <node id="10300005103" lat="49.89276426967" lon="125.7850528022">
    <tag k="local_x" v="304694.228"/>
    <tag k="local_y" v="2768170.1067"/>
    <tag k="ele" v="8.9"/>
  </node>
  <node id="10300005104" lat="49.8927654219" lon="125.78504272551">
    <tag k="local_x" v="304693.4973"/>
    <tag k="local_y" v="2768170.1937"/>
    <tag k="ele" v="8.9"/>
  </node>
  <node id="10300005105" lat="49.8927674338" lon="125.78503227163">
    <tag k="local_x" v="304692.7341"/>
    <tag k="local_y" v="2768170.3747"/>
    <tag k="ele" v="8.9"/>
  </node>
  <node id="10300005106" lat="49.89276719328" lon="125.78502864568">
    <tag k="local_x" v="304692.4753"/>
    <tag k="local_y" v="2768170.3332"/>
    <tag k="ele" v="8.9"/>
  </node>
  <node id="10300005107" lat="49.89276603987" lon="125.78502466377">
    <tag k="local_x" v="304692.1967"/>
    <tag k="local_y" v="2768170.1888"/>
    <tag k="ele" v="8.9"/>
  </node>
  <node id="10300005108" lat="49.89276395256" lon="125.78502134085">
    <tag k="local_x" v="304691.9713"/>
    <tag k="local_y" v="2768169.9433"/>
    <tag k="ele" v="8.9"/>
  </node>
  <node id="10300005109" lat="49.89276166147" lon="125.78501913385">
    <tag k="local_x" v="304691.8273"/>
    <tag k="local_y" v="2768169.6797"/>
    <tag k="ele" v="8.9"/>
  </node>
  <node id="103000051010" lat="49.89275870784" lon="125.7850178423">
    <tag k="local_x" v="304691.7532"/>
    <tag k="local_y" v="2768169.3462"/>
    <tag k="ele" v="8.9"/>
  </node>
  <node id="103000051011" lat="49.89275533824" lon="125.78501785836">
    <tag k="local_x" v="304691.7756"/>
    <tag k="local_y" v="2768168.9718"/>
    <tag k="ele" v="8.9"/>
  </node>
  <node id="103000051012" lat="49.89275265679" lon="125.78501861737">
    <tag k="local_x" v="304691.847"/>
    <tag k="local_y" v="2768168.6769"/>
    <tag k="ele" v="8.9"/>
  </node>
  <node id="103000051013" lat="49.89275039789" lon="125.78502019631">
    <tag k="local_x" v="304691.9746"/>
    <tag k="local_y" v="2768168.4323"/>
    <tag k="ele" v="8.9"/>
  </node>
  <node id="103000051014" lat="49.89274788983" lon="125.78502432604">
    <tag k="local_x" v="304692.2869"/>
    <tag k="local_y" v="2768168.1704"/>
    <tag k="ele" v="8.9"/>
  </node>
  <node id="103000051015" lat="49.89274221913" lon="125.78503291524">
    <tag k="local_x" v="304692.9393"/>
    <tag k="local_y" v="2768167.5752"/>
    <tag k="ele" v="8.9"/>
  </node>
  <node id="103000051016" lat="49.89273606274" lon="125.78504086005">
    <tag k="local_x" v="304693.5485"/>
    <tag k="local_y" v="2768166.9234"/>
    <tag k="ele" v="8.9"/>
  </node>
  <node id="103000051017" lat="49.89273118091" lon="125.78504611847">
    <tag k="local_x" v="304693.9568"/>
    <tag k="local_y" v="2768166.4023"/>
    <tag k="ele" v="8.9"/>
  </node>
  <node id="103000051018" lat="49.89272633862" lon="125.7850503719">
    <tag k="local_x" v="304694.2927"/>
    <tag k="local_y" v="2768165.8815"/>
    <tag k="ele" v="8.9"/>
  </node>
  <node id="103000051019" lat="49.89272185352" lon="125.78505386555">
    <tag k="local_x" v="304694.5718"/>
    <tag k="local_y" v="2768165.3973"/>
    <tag k="ele" v="8.9"/>
  </node>
  <node id="103000051020" lat="49.89271626816" lon="125.78505772082">
    <tag k="local_x" v="304694.8838"/>
    <tag k="local_y" v="2768164.7923"/>
    <tag k="ele" v="8.9"/>
  </node>
  <node id="103000051021" lat="49.89271186112" lon="125.78506060705">
    <tag k="local_x" v="304695.1188"/>
    <tag k="local_y" v="2768164.3143"/>
    <tag k="ele" v="8.9"/>
  </node>
  <node id="103000051022" lat="49.89270740534" lon="125.78506310456">
    <tag k="local_x" v="304695.3262"/>
    <tag k="local_y" v="2768163.8293"/>
    <tag k="ele" v="8.9"/>
  </node>
  <node id="103000051023" lat="49.89270433395" lon="125.7850641664">
    <tag k="local_x" v="304695.4218"/>
    <tag k="local_y" v="2768163.4923"/>
    <tag k="ele" v="8.9"/>
  </node>
  <node id="10300000102" lat="49.8922946424" lon="125.7850398557">
    <tag k="local_x" v="304696.2598"/>
    <tag k="local_y" v="2768117.864"/>
    <tag k="ele" v="8.9"/>
  </node>
  <node id="10300000103" lat="49.89229043772" lon="125.78503746673">
    <tag k="local_x" v="304696.1148"/>
    <tag k="local_y" v="2768117.387"/>
    <tag k="ele" v="8.9"/>
  </node>
  <node id="10300000104" lat="49.89228494881" lon="125.78503378101">
    <tag k="local_x" v="304695.8848"/>
    <tag k="local_y" v="2768116.762"/>
    <tag k="ele" v="8.9"/>
  </node>
  <node id="10300000105" lat="49.89228043159" lon="125.78503083529">
    <tag k="local_x" v="304695.7018"/>
    <tag k="local_y" v="2768116.248"/>
    <tag k="ele" v="8.9"/>
  </node>
  <node id="10300000106" lat="49.89227695205" lon="125.78502707534">
    <tag k="local_x" v="304695.4538"/>
    <tag k="local_y" v="2768115.846"/>
    <tag k="ele" v="8.9"/>
  </node>
  <node id="10300000107" lat="49.89227438378" lon="125.78502423115">
    <tag k="local_x" v="304695.2658"/>
    <tag k="local_y" v="2768115.549"/>
    <tag k="ele" v="8.9"/>
  </node>
  <node id="10300000108" lat="49.89227081568" lon="125.78501895911">
    <tag k="local_x" v="304694.9098"/>
    <tag k="local_y" v="2768115.131"/>
    <tag k="ele" v="8.9"/>
  </node>
  <node id="10300000109" lat="49.89226751178" lon="125.78501359884">
    <tag k="local_x" v="304694.5458"/>
    <tag k="local_y" v="2768114.742"/>
    <tag k="ele" v="8.9"/>
  </node>
  <node id="103000001010" lat="49.89226513126" lon="125.7850088239">
    <tag k="local_x" v="304694.218"/>
    <tag k="local_y" v="2768114.458"/>
    <tag k="ele" v="8.9"/>
  </node>
  <node id="103000001011" lat="49.89226246797" lon="125.78500228719">
    <tag k="local_x" v="304693.7655"/>
    <tag k="local_y" v="2768114.1354"/>
    <tag k="ele" v="8.9"/>
  </node>
  <node id="103000001012" lat="49.89225976533" lon="125.78499520381">
    <tag k="local_x" v="304693.274"/>
    <tag k="local_y" v="2768113.8062"/>
    <tag k="ele" v="8.9"/>
  </node>
  <node id="10300006202" lat="49.89270026502" lon="125.78506497209">
    <tag k="local_x" v="304695.5053"/>
    <tag k="local_y" v="2768163.0434"/>
    <tag k="ele" v="8.9"/>
  </node>
  <node id="10300006203" lat="49.89269630874" lon="125.78506535588">
    <tag k="local_x" v="304695.5578"/>
    <tag k="local_y" v="2768162.6053"/>
    <tag k="ele" v="8.9"/>
  </node>
  <node id="10300006204" lat="49.89269108809" lon="125.78506539879">
    <tag k="local_x" v="304695.5938"/>
    <tag k="local_y" v="2768162.0253"/>
    <tag k="ele" v="8.9"/>
  </node>
  <node id="10300006205" lat="49.89268787611" lon="125.78506509161">
    <tag k="local_x" v="304695.592"/>
    <tag k="local_y" v="2768161.6671"/>
    <tag k="ele" v="8.9"/>
  </node>
  <node id="10300006206" lat="49.89268550608" lon="125.78506459651">
    <tag k="local_x" v="304695.5714"/>
    <tag k="local_y" v="2768161.4017"/>
    <tag k="ele" v="8.9"/>
  </node>
  <node id="10300006207" lat="49.8926829982" lon="125.78506410602">
    <tag k="local_x" v="304695.552"/>
    <tag k="local_y" v="2768161.121"/>
    <tag k="ele" v="8.9"/>
  </node>
  <node id="10300006208" lat="49.89267776547" lon="125.78506391386">
    <tag k="local_x" v="304695.5712"/>
    <tag k="local_y" v="2768160.5387"/>
    <tag k="ele" v="8.9"/>
  </node>
  <node id="10300006209" lat="49.89267413985" lon="125.78506381968">
    <tag k="local_x" v="304695.5873"/>
    <tag k="local_y" v="2768160.1354"/>
    <tag k="ele" v="8.9"/>
  </node>
  <node id="103000062010" lat="49.89267076778" lon="125.78506407509">
    <tag k="local_x" v="304695.6269"/>
    <tag k="local_y" v="2768159.7617"/>
    <tag k="ele" v="8.9"/>
  </node>
  <node id="103000062011" lat="49.8926675983" lon="125.78506516175">
    <tag k="local_x" v="304695.7249"/>
    <tag k="local_y" v="2768159.4139"/>
    <tag k="ele" v="8.9"/>
  </node>
  <node id="103000062012" lat="49.89266470429" lon="125.78506671137">
    <tag k="local_x" v="304695.8544"/>
    <tag k="local_y" v="2768159.0986"/>
    <tag k="ele" v="8.9"/>
  </node>
  <node id="103000062013" lat="49.89266144275" lon="125.78506932769">
    <tag k="local_x" v="304696.0628"/>
    <tag k="local_y" v="2768158.7468"/>
    <tag k="ele" v="8.9"/>
  </node>
  <node id="103000062014" lat="49.89265788718" lon="125.78507311608">
    <tag k="local_x" v="304696.3572"/>
    <tag k="local_y" v="2768158.3671"/>
    <tag k="ele" v="8.9"/>
  </node>
  <node id="103000062015" lat="49.89265331273" lon="125.78507921912">
    <tag k="local_x" v="304696.8242"/>
    <tag k="local_y" v="2768157.8836"/>
    <tag k="ele" v="8.9"/>
  </node>
  <node id="103000062016" lat="49.8926488437" lon="125.7850856866">
    <tag k="local_x" v="304697.3167"/>
    <tag k="local_y" v="2768157.4133"/>
    <tag k="ele" v="8.9"/>
  </node>
  <node id="103000062017" lat="49.89264520611" lon="125.78509109887">
    <tag k="local_x" v="304697.7282"/>
    <tag k="local_y" v="2768157.0311"/>
    <tag k="ele" v="8.9"/>
  </node>
  <node id="103000062018" lat="49.89264259947" lon="125.78509379361">
    <tag k="local_x" v="304697.9381"/>
    <tag k="local_y" v="2768156.7524"/>
    <tag k="ele" v="8.9"/>
  </node>
  <node id="103000062019" lat="49.89264075787" lon="125.78509520722">
    <tag k="local_x" v="304698.0512"/>
    <tag k="local_y" v="2768156.5535"/>
    <tag k="ele" v="8.9"/>
  </node>
  <node id="103000062020" lat="49.89263917464" lon="125.78509605294">
    <tag k="local_x" v="304698.1219"/>
    <tag k="local_y" v="2768156.381"/>
    <tag k="ele" v="8.9"/>
  </node>
  <node id="103000062021" lat="49.89263727837" lon="125.78509694498">
    <tag k="local_x" v="304698.1979"/>
    <tag k="local_y" v="2768156.1739"/>
    <tag k="ele" v="8.9"/>
  </node>
  <node id="103000062022" lat="49.89263542345" lon="125.7850977153">
    <tag k="local_x" v="304698.2649"/>
    <tag k="local_y" v="2768155.9709"/>
    <tag k="ele" v="8.9"/>
  </node>
  <node id="103000062023" lat="49.89263323284" lon="125.78509811906">
    <tag k="local_x" v="304698.3077"/>
    <tag k="local_y" v="2768155.7291"/>
    <tag k="ele" v="8.9"/>
  </node>
  <node id="103000062024" lat="49.89263057405" lon="125.78509843155">
    <tag k="local_x" v="304698.3469"/>
    <tag k="local_y" v="2768155.4349"/>
    <tag k="ele" v="8.9"/>
  </node>
  <node id="103000062025" lat="49.89262824381" lon="125.78509842188">
    <tag k="local_x" v="304698.3609"/>
    <tag k="local_y" v="2768155.1759"/>
    <tag k="ele" v="8.9"/>
  </node>
  <node id="103000062026" lat="49.89262607442" lon="125.78509817284">
    <tag k="local_x" v="304698.3567"/>
    <tag k="local_y" v="2768154.9338"/>
    <tag k="ele" v="8.9"/>
  </node>
  <node id="103000062027" lat="49.89262368967" lon="125.78509744105">
    <tag k="local_x" v="304698.3192"/>
    <tag k="local_y" v="2768154.6658"/>
    <tag k="ele" v="8.9"/>
  </node>
  <node id="103000062028" lat="49.89262147535" lon="125.78509638019">
    <tag k="local_x" v="304698.257"/>
    <tag k="local_y" v="2768154.4154"/>
    <tag k="ele" v="8.9"/>
  </node>
  <node id="103000062029" lat="49.89261916466" lon="125.78509497796">
    <tag k="local_x" v="304698.1709"/>
    <tag k="local_y" v="2768154.1529"/>
    <tag k="ele" v="8.9"/>
  </node>
  <node id="103000062030" lat="49.89261726274" lon="125.78509334837">
    <tag k="local_x" v="304698.0659"/>
    <tag k="local_y" v="2768153.9349"/>
    <tag k="ele" v="8.9"/>
  </node>
  <node id="103000062031" lat="49.89261548862" lon="125.78509142357">
    <tag k="local_x" v="304697.9389"/>
    <tag k="local_y" v="2768153.7299"/>
    <tag k="ele" v="8.9"/>
  </node>
  <node id="103000062032" lat="49.89261332706" lon="125.78508855519">
    <tag k="local_x" v="304697.7466"/>
    <tag k="local_y" v="2768153.478"/>
    <tag k="ele" v="8.9"/>
  </node>
  <node id="103000062033" lat="49.8926109723" lon="125.78508496782">
    <tag k="local_x" v="304697.5039"/>
    <tag k="local_y" v="2768153.2017"/>
    <tag k="ele" v="8.9"/>
  </node>
  <node id="103000062034" lat="49.89260748106" lon="125.7850795632">
    <tag k="local_x" v="304697.1379"/>
    <tag k="local_y" v="2768152.7917"/>
    <tag k="ele" v="8.9"/>
  </node>
  <node id="103000062035" lat="49.89260523918" lon="125.78507719199">
    <tag k="local_x" v="304696.9818"/>
    <tag k="local_y" v="2768152.5329"/>
    <tag k="ele" v="8.9"/>
  </node>
  <node id="103000062036" lat="49.89260227957" lon="125.78507427162">
    <tag k="local_x" v="304696.7908"/>
    <tag k="local_y" v="2768152.1921"/>
    <tag k="ele" v="8.9"/>
  </node>
  <node id="103000062037" lat="49.89259906784" lon="125.78507115917">
    <tag k="local_x" v="304696.5876"/>
    <tag k="local_y" v="2768151.8225"/>
    <tag k="ele" v="8.9"/>
  </node>
  <node id="103000062038" lat="49.89259496042" lon="125.7850670989">
    <tag k="local_x" v="304696.322"/>
    <tag k="local_y" v="2768151.3495"/>
    <tag k="ele" v="8.9"/>
  </node>
  <node id="103000062039" lat="49.89259101656" lon="125.78506356">
    <tag k="local_x" v="304696.0928"/>
    <tag k="local_y" v="2768150.8968"/>
    <tag k="ele" v="8.9"/>
  </node>
  <node id="103000062040" lat="49.89258739828" lon="125.78506051631">
    <tag k="local_x" v="304695.8971"/>
    <tag k="local_y" v="2768150.4823"/>
    <tag k="ele" v="8.9"/>
  </node>
  <node id="103000062041" lat="49.89258304905" lon="125.78505738197">
    <tag k="local_x" v="304695.6995"/>
    <tag k="local_y" v="2768149.9862"/>
    <tag k="ele" v="8.9"/>
  </node>
  <node id="103000062042" lat="49.89257874871" lon="125.78505477982">
    <tag k="local_x" v="304695.5398"/>
    <tag k="local_y" v="2768149.4977"/>
    <tag k="ele" v="8.9"/>
  </node>
  <node id="103000062043" lat="49.89257436215" lon="125.7850526395">
    <tag k="local_x" v="304695.4138"/>
    <tag k="local_y" v="2768149.0015"/>
    <tag k="ele" v="8.9"/>
  </node>
  <node id="103000062044" lat="49.89257073114" lon="125.78505080234">
    <tag k="local_x" v="304695.3048"/>
    <tag k="local_y" v="2768148.5905"/>
    <tag k="ele" v="8.9"/>
  </node>
  <node id="103000062045" lat="49.89256630608" lon="125.78504895115">
    <tag k="local_x" v="304695.1998"/>
    <tag k="local_y" v="2768148.0912"/>
    <tag k="ele" v="8.9"/>
  </node>
  <node id="103000062046" lat="49.89256210518" lon="125.78504776038">
    <tag k="local_x" v="304695.1408"/>
    <tag k="local_y" v="2768147.6195"/>
    <tag k="ele" v="8.9"/>
  </node>
  <node id="103000062047" lat="49.89255876227" lon="125.78504714641">
    <tag k="local_x" v="304695.1178"/>
    <tag k="local_y" v="2768147.2455"/>
    <tag k="ele" v="8.9"/>
  </node>
  <node id="103000062048" lat="49.89255451396" lon="125.78504793634">
    <tag k="local_x" v="304695.2013"/>
    <tag k="local_y" v="2768146.7766"/>
    <tag k="ele" v="8.9"/>
  </node>
  <node id="103000062049" lat="49.89255035393" lon="125.78504823259">
    <tag k="local_x" v="304695.2488"/>
    <tag k="local_y" v="2768146.3155"/>
    <tag k="ele" v="8.9"/>
  </node>
  <node id="103000062050" lat="49.89254377333" lon="125.78504757105">
    <tag k="local_x" v="304695.2428"/>
    <tag k="local_y" v="2768145.5815"/>
    <tag k="ele" v="8.9"/>
  </node>
  <node id="103000062051" lat="49.89253568831" lon="125.78504734845">
    <tag k="local_x" v="304695.2778"/>
    <tag k="local_y" v="2768144.6821"/>
    <tag k="ele" v="8.9"/>
  </node>
  <node id="103000062052" lat="49.89252861535" lon="125.78504735404">
    <tag k="local_x" v="304695.3228"/>
    <tag k="local_y" v="2768143.8961"/>
    <tag k="ele" v="8.9"/>
  </node>
  <node id="103000062053" lat="49.89252211616" lon="125.78504803124">
    <tag k="local_x" v="304695.4124"/>
    <tag k="local_y" v="2768143.1766"/>
    <tag k="ele" v="8.9"/>
  </node>
  <node id="103000062054" lat="49.89251784438" lon="125.78504906844">
    <tag k="local_x" v="304695.5138"/>
    <tag k="local_y" v="2768142.7061"/>
    <tag k="ele" v="8.9"/>
  </node>
  <node id="103000062055" lat="49.89251020544" lon="125.78505150366">
    <tag k="local_x" v="304695.7368"/>
    <tag k="local_y" v="2768141.8671"/>
    <tag k="ele" v="8.9"/>
  </node>
  <node id="103000062056" lat="49.89250364126" lon="125.78505167093">
    <tag k="local_x" v="304695.7902"/>
    <tag k="local_y" v="2768141.1383"/>
    <tag k="ele" v="8.9"/>
  </node>
  <node id="103000062057" lat="49.89249686032" lon="125.78505050985">
    <tag k="local_x" v="304695.7496"/>
    <tag k="local_y" v="2768140.38"/>
    <tag k="ele" v="8.9"/>
  </node>
  <node id="103000062058" lat="49.89248939848" lon="125.78504727903">
    <tag k="local_x" v="304695.5647"/>
    <tag k="local_y" v="2768139.5376"/>
    <tag k="ele" v="8.9"/>
  </node>
  <node id="103000062059" lat="49.89248385306" lon="125.78504378473">
    <tag k="local_x" v="304695.3488"/>
    <tag k="local_y" v="2768138.9071"/>
    <tag k="ele" v="8.9"/>
  </node>
  <node id="103000062060" lat="49.89247766078" lon="125.78503795485">
    <tag k="local_x" v="304694.9693"/>
    <tag k="local_y" v="2768138.1952"/>
    <tag k="ele" v="8.9"/>
  </node>
  <node id="103000062061" lat="49.89247158999" lon="125.78503121634">
    <tag k="local_x" v="304694.5238"/>
    <tag k="local_y" v="2768137.4931"/>
    <tag k="ele" v="8.9"/>
  </node>
  <node id="103000062062" lat="49.89246876084" lon="125.78502915571">
    <tag k="local_x" v="304694.3937"/>
    <tag k="local_y" v="2768137.1703"/>
    <tag k="ele" v="8.9"/>
  </node>
  <node id="103000062063" lat="49.8924654515" lon="125.78502693869">
    <tag k="local_x" v="304694.2554"/>
    <tag k="local_y" v="2768136.7935"/>
    <tag k="ele" v="8.9"/>
  </node>
  <node id="103000062064" lat="49.89246183806" lon="125.78502486768">
    <tag k="local_x" v="304694.1295"/>
    <tag k="local_y" v="2768136.3835"/>
    <tag k="ele" v="8.9"/>
  </node>
  <node id="103000062065" lat="49.89245601494" lon="125.78502165822">
    <tag k="local_x" v="304693.9358"/>
    <tag k="local_y" v="2768135.7233"/>
    <tag k="ele" v="8.9"/>
  </node>
  <node id="103000062066" lat="49.89244975511" lon="125.78501880041">
    <tag k="local_x" v="304693.7701"/>
    <tag k="local_y" v="2768135.016"/>
    <tag k="ele" v="8.9"/>
  </node>
  <node id="103000062067" lat="49.89244422327" lon="125.7850169732">
    <tag k="local_x" v="304693.6738"/>
    <tag k="local_y" v="2768134.3938"/>
    <tag k="ele" v="8.9"/>
  </node>
  <node id="103000062068" lat="49.89243900319" lon="125.78501646041">
    <tag k="local_x" v="304693.6699"/>
    <tag k="local_y" v="2768133.8116"/>
    <tag k="ele" v="8.9"/>
  </node>
  <node id="103000062069" lat="49.89243412367" lon="125.78501647617">
    <tag k="local_x" v="304693.7018"/>
    <tag k="local_y" v="2768133.2694"/>
    <tag k="ele" v="8.9"/>
  </node>
  <node id="103000062070" lat="49.8924304633" lon="125.78501647087">
    <tag k="local_x" v="304693.7245"/>
    <tag k="local_y" v="2768132.8626"/>
    <tag k="ele" v="8.9"/>
  </node>
  <node id="103000062071" lat="49.89242706415" lon="125.78501655677">
    <tag k="local_x" v="304693.7521"/>
    <tag k="local_y" v="2768132.4852"/>
    <tag k="ele" v="8.9"/>
  </node>
  <node id="103000062072" lat="49.89242422213" lon="125.78501686013">
    <tag k="local_x" v="304693.7918"/>
    <tag k="local_y" v="2768132.1706"/>
    <tag k="ele" v="8.9"/>
  </node>
  <node id="103000062073" lat="49.89242174419" lon="125.78501749216">
    <tag k="local_x" v="304693.8528"/>
    <tag k="local_y" v="2768131.8978"/>
    <tag k="ele" v="8.9"/>
  </node>
  <node id="103000062074" lat="49.8924175542" lon="125.78501936671">
    <tag k="local_x" v="304694.0138"/>
    <tag k="local_y" v="2768131.4398"/>
    <tag k="ele" v="8.9"/>
  </node>
  <node id="103000062075" lat="49.89241325371" lon="125.78502054903">
    <tag k="local_x" v="304694.1258"/>
    <tag k="local_y" v="2768130.9667"/>
    <tag k="ele" v="8.9"/>
  </node>
  <node id="103000062076" lat="49.89240878764" lon="125.78502111787">
    <tag k="local_x" v="304694.1948"/>
    <tag k="local_y" v="2768130.4727"/>
    <tag k="ele" v="8.9"/>
  </node>
  <node id="103000062077" lat="49.89240597203" lon="125.78502109344">
    <tag k="local_x" v="304694.2108"/>
    <tag k="local_y" v="2768130.1597"/>
    <tag k="ele" v="8.9"/>
  </node>
  <node id="103000062078" lat="49.89240255114" lon="125.78502066763">
    <tag k="local_x" v="304694.2018"/>
    <tag k="local_y" v="2768129.7778"/>
    <tag k="ele" v="8.9"/>
  </node>
  <node id="103000062079" lat="49.892399302" lon="125.78501995047">
    <tag k="local_x" v="304694.1708"/>
    <tag k="local_y" v="2768129.4138"/>
    <tag k="ele" v="8.9"/>
  </node>
  <node id="103000062080" lat="49.89239612348" lon="125.78501877985">
    <tag k="local_x" v="304694.1068"/>
    <tag k="local_y" v="2768129.0558"/>
    <tag k="ele" v="8.9"/>
  </node>
  <node id="103000062081" lat="49.89239249036" lon="125.78501722109">
    <tag k="local_x" v="304694.0178"/>
    <tag k="local_y" v="2768128.6457"/>
    <tag k="ele" v="8.9"/>
  </node>
  <node id="103000062082" lat="49.89238975949" lon="125.78501586694">
    <tag k="local_x" v="304693.9378"/>
    <tag k="local_y" v="2768128.3367"/>
    <tag k="ele" v="8.9"/>
  </node>
  <node id="103000062083" lat="49.89238616843" lon="125.78501365164">
    <tag k="local_x" v="304693.8014"/>
    <tag k="local_y" v="2768127.9286"/>
    <tag k="ele" v="8.9"/>
  </node>
  <node id="103000062084" lat="49.89238121769" lon="125.78501028341">
    <tag k="local_x" v="304693.5908"/>
    <tag k="local_y" v="2768127.3647"/>
    <tag k="ele" v="8.9"/>
  </node>
  <node id="103000062085" lat="49.89237838574" lon="125.78500874069">
    <tag k="local_x" v="304693.4979"/>
    <tag k="local_y" v="2768127.0437"/>
    <tag k="ele" v="8.9"/>
  </node>
  <node id="103000062086" lat="49.89237525455" lon="125.78500777621">
    <tag k="local_x" v="304693.4484"/>
    <tag k="local_y" v="2768126.6918"/>
    <tag k="ele" v="8.9"/>
  </node>
  <node id="103000062087" lat="49.89237228502" lon="125.78500753211">
    <tag k="local_x" v="304693.4496"/>
    <tag k="local_y" v="2768126.3608"/>
    <tag k="ele" v="8.9"/>
  </node>
  <node id="103000062088" lat="49.89236989117" lon="125.7850076868">
    <tag k="local_x" v="304693.4758"/>
    <tag k="local_y" v="2768126.0954"/>
    <tag k="ele" v="8.9"/>
  </node>
  <node id="103000062089" lat="49.89236766489" lon="125.785008327">
    <tag k="local_x" v="304693.5358"/>
    <tag k="local_y" v="2768125.8506"/>
    <tag k="ele" v="8.9"/>
  </node>
  <node id="103000062090" lat="49.89236534624" lon="125.78500913041">
    <tag k="local_x" v="304693.6081"/>
    <tag k="local_y" v="2768125.5962"/>
    <tag k="ele" v="8.9"/>
  </node>
  <node id="103000062091" lat="49.8923629978" lon="125.78501045215">
    <tag k="local_x" v="304693.7178"/>
    <tag k="local_y" v="2768125.3406"/>
    <tag k="ele" v="8.9"/>
  </node>
  <node id="103000062092" lat="49.89236059784" lon="125.7850120744">
    <tag k="local_x" v="304693.8494"/>
    <tag k="local_y" v="2768125.0805"/>
    <tag k="ele" v="8.9"/>
  </node>
  <node id="103000062093" lat="49.89235845295" lon="125.78501420099">
    <tag k="local_x" v="304694.0156"/>
    <tag k="local_y" v="2768124.8508"/>
    <tag k="ele" v="8.9"/>
  </node>
  <node id="103000062094" lat="49.89235639257" lon="125.78501647708">
    <tag k="local_x" v="304694.192"/>
    <tag k="local_y" v="2768124.6311"/>
    <tag k="ele" v="8.9"/>
  </node>
  <node id="103000062095" lat="49.89235452602" lon="125.78501911145">
    <tag k="local_x" v="304694.3929"/>
    <tag k="local_y" v="2768124.4344"/>
    <tag k="ele" v="8.9"/>
  </node>
  <node id="103000062096" lat="49.89235165384" lon="125.78502360057">
    <tag k="local_x" v="304694.7333"/>
    <tag k="local_y" v="2768124.1335"/>
    <tag k="ele" v="8.9"/>
  </node>
  <node id="103000062097" lat="49.89234926732" lon="125.78502871039">
    <tag k="local_x" v="304695.1152"/>
    <tag k="local_y" v="2768123.8891"/>
    <tag k="ele" v="8.9"/>
  </node>
  <node id="103000062098" lat="49.8923470507" lon="125.78503249936">
    <tag k="local_x" v="304695.4012"/>
    <tag k="local_y" v="2768123.6582"/>
    <tag k="ele" v="8.9"/>
  </node>
  <node id="103000062099" lat="49.89234446568" lon="125.78503593003">
    <tag k="local_x" v="304695.6638"/>
    <tag k="local_y" v="2768123.3849"/>
    <tag k="ele" v="8.9"/>
  </node>
  <node id="1030000620100" lat="49.89234088742" lon="125.78503928183">
    <tag k="local_x" v="304695.927"/>
    <tag k="local_y" v="2768123.0009"/>
    <tag k="ele" v="8.9"/>
  </node>
  <node id="1030000620101" lat="49.89233703275" lon="125.78504143515">
    <tag k="local_x" v="304696.1059"/>
    <tag k="local_y" v="2768122.5813"/>
    <tag k="ele" v="8.9"/>
  </node>
  <node id="1030000620102" lat="49.89233310987" lon="125.78504260189">
    <tag k="local_x" v="304696.2144"/>
    <tag k="local_y" v="2768122.1501"/>
    <tag k="ele" v="8.9"/>
  </node>
  <node id="1030000620103" lat="49.89232915405" lon="125.78504329215">
    <tag k="local_x" v="304696.2889"/>
    <tag k="local_y" v="2768121.7133"/>
    <tag k="ele" v="8.9"/>
  </node>
  <node id="1030000620104" lat="49.89232440375" lon="125.78504292508">
    <tag k="local_x" v="304696.2925"/>
    <tag k="local_y" v="2768121.1839"/>
    <tag k="ele" v="8.9"/>
  </node>
  <node id="1030000620105" lat="49.8923192811" lon="125.78504154611">
    <tag k="local_x" v="304696.2258"/>
    <tag k="local_y" v="2768120.609"/>
    <tag k="ele" v="8.9"/>
  </node>
  <node id="1030000620106" lat="49.89231149936" lon="125.78503781223">
    <tag k="local_x" v="304696.0068"/>
    <tag k="local_y" v="2768119.729"/>
    <tag k="ele" v="8.9"/>
  </node>
  <node id="1030000620107" lat="49.8923061878" lon="125.78503419781">
    <tag k="local_x" v="304695.7808"/>
    <tag k="local_y" v="2768119.124"/>
    <tag k="ele" v="8.9"/>
  </node>
  <node id="10300005202" lat="49.89274992628" lon="125.78506151416">
    <tag k="local_x" v="304694.9439"/>
    <tag k="local_y" v="2768168.5482"/>
    <tag k="ele" v="8.9"/>
  </node>
  <node id="10300005203" lat="49.89275144269" lon="125.78505340837">
    <tag k="local_x" v="304694.3524"/>
    <tag k="local_y" v="2768168.6837"/>
    <tag k="ele" v="8.9"/>
  </node>
  <node id="10300005204" lat="49.89275197284" lon="125.78505018859">
    <tag k="local_x" v="304694.1179"/>
    <tag k="local_y" v="2768168.7295"/>
    <tag k="ele" v="8.9"/>
  </node>
  <node id="10300005205" lat="49.89275153065" lon="125.78504798937">
    <tag k="local_x" v="304693.9628"/>
    <tag k="local_y" v="2768168.6714"/>
    <tag k="ele" v="8.9"/>
  </node>
  <node id="10300005206" lat="49.89275051488" lon="125.78504668415">
    <tag k="local_x" v="304693.8755"/>
    <tag k="local_y" v="2768168.5532"/>
    <tag k="ele" v="8.9"/>
  </node>
  <node id="10300005207" lat="49.89274916702" lon="125.78504687778">
    <tag k="local_x" v="304693.8979"/>
    <tag k="local_y" v="2768168.4042"/>
    <tag k="ele" v="8.9"/>
  </node>
  <node id="10300005208" lat="49.89274810638" lon="125.78504834327">
    <tag k="local_x" v="304694.0098"/>
    <tag k="local_y" v="2768168.2923"/>
    <tag k="ele" v="8.9"/>
  </node>
  <node id="10300005209" lat="49.89274390043" lon="125.78505519464">
    <tag k="local_x" v="304694.5282"/>
    <tag k="local_y" v="2768167.8528"/>
    <tag k="ele" v="8.9"/>
  </node>
  <node id="103000052010" lat="49.89273738842" lon="125.78506275162">
    <tag k="local_x" v="304695.1118"/>
    <tag k="local_y" v="2768167.1599"/>
    <tag k="ele" v="8.9"/>
  </node>
  <node id="103000052011" lat="49.89272987413" lon="125.78506888061">
    <tag k="local_x" v="304695.5992"/>
    <tag k="local_y" v="2768166.3498"/>
    <tag k="ele" v="8.9"/>
  </node>
  <node id="103000052012" lat="49.89272165813" lon="125.78507390051">
    <tag k="local_x" v="304696.0114"/>
    <tag k="local_y" v="2768165.4572"/>
    <tag k="ele" v="8.9"/>
  </node>
  <node id="103000052013" lat="49.89271828374" lon="125.78507510289">
    <tag k="local_x" v="304696.119"/>
    <tag k="local_y" v="2768165.0871"/>
    <tag k="ele" v="8.9"/>
  </node>
  <node id="103000052014" lat="49.89271392536" lon="125.7850754834">
    <tag k="local_x" v="304696.1738"/>
    <tag k="local_y" v="2768164.6043"/>
    <tag k="ele" v="8.9"/>
  </node>
  <node id="103000052015" lat="49.89271104403" lon="125.78507602428">
    <tag k="local_x" v="304696.2308"/>
    <tag k="local_y" v="2768164.2863"/>
    <tag k="ele" v="8.9"/>
  </node>
  <node id="103000052016" lat="49.89270720748" lon="125.78507657876">
    <tag k="local_x" v="304696.2948"/>
    <tag k="local_y" v="2768163.8622"/>
    <tag k="ele" v="8.9"/>
  </node>
  <node id="10300005302" lat="49.89271083376" lon="125.78509035263">
    <tag k="local_x" v="304697.2608"/>
    <tag k="local_y" v="2768164.3213"/>
    <tag k="ele" v="8.9"/>
  </node>
  <node id="10300005303" lat="49.89271780771" lon="125.78509086348">
    <tag k="local_x" v="304697.2535"/>
    <tag k="local_y" v="2768165.0984"/>
    <tag k="ele" v="8.9"/>
  </node>
  <node id="10300005304" lat="49.89272190402" lon="125.78509151995">
    <tag k="local_x" v="304697.2748"/>
    <tag k="local_y" v="2768165.5563"/>
    <tag k="ele" v="8.9"/>
  </node>
  <node id="10300005305" lat="49.89272774771" lon="125.78509264608">
    <tag k="local_x" v="304697.3188"/>
    <tag k="local_y" v="2768166.2103"/>
    <tag k="ele" v="8.9"/>
  </node>
  <node id="10300005306" lat="49.89273107667" lon="125.78509337027">
    <tag k="local_x" v="304697.3498"/>
    <tag k="local_y" v="2768166.5832"/>
    <tag k="ele" v="8.9"/>
  </node>
  <node id="10300005307" lat="49.89273561227" lon="125.78509507796">
    <tag k="local_x" v="304697.4438"/>
    <tag k="local_y" v="2768167.0942"/>
    <tag k="ele" v="8.9"/>
  </node>
  <node id="10300005308" lat="49.89274181664" lon="125.78509765652">
    <tag k="local_x" v="304697.5898"/>
    <tag k="local_y" v="2768167.7942"/>
    <tag k="ele" v="8.9"/>
  </node>
  <node id="10300005309" lat="49.8927466018" lon="125.78510016616">
    <tag k="local_x" v="304697.7398"/>
    <tag k="local_y" v="2768168.3362"/>
    <tag k="ele" v="8.9"/>
  </node>
  <node id="103000053010" lat="49.89275265904" lon="125.78510408291">
    <tag k="local_x" v="304697.9828"/>
    <tag k="local_y" v="2768169.0253"/>
    <tag k="ele" v="8.9"/>
  </node>
  <node id="103000053011" lat="49.89275801544" lon="125.78510770132">
    <tag k="local_x" v="304698.2088"/>
    <tag k="local_y" v="2768169.6353"/>
    <tag k="ele" v="8.9"/>
  </node>
  <node id="103000053012" lat="49.89276103661" lon="125.7851080586">
    <tag k="local_x" v="304698.2154"/>
    <tag k="local_y" v="2768169.9725"/>
    <tag k="ele" v="8.9"/>
  </node>
  <node id="103000053013" lat="49.89276399253" lon="125.78510700473">
    <tag k="local_x" v="304698.1211"/>
    <tag k="local_y" v="2768170.2967"/>
    <tag k="ele" v="8.9"/>
  </node>
  <node id="103000053014" lat="49.89276640212" lon="125.78510430939">
    <tag k="local_x" v="304697.9124"/>
    <tag k="local_y" v="2768170.5535"/>
    <tag k="ele" v="8.9"/>
  </node>
  <node id="103000053015" lat="49.89276822049" lon="125.78510004387">
    <tag k="local_x" v="304697.5947"/>
    <tag k="local_y" v="2768170.7382"/>
    <tag k="ele" v="8.9"/>
  </node>
  <node id="103000053016" lat="49.89276895702" lon="125.78509438514">
    <tag k="local_x" v="304697.1838"/>
    <tag k="local_y" v="2768170.797"/>
    <tag k="ele" v="8.9"/>
  </node>
  <node id="103000053017" lat="49.89276877776" lon="125.78508754142">
    <tag k="local_x" v="304696.6936"/>
    <tag k="local_y" v="2768170.7492"/>
    <tag k="ele" v="8.9"/>
  </node>
  <node id="103000053018" lat="49.89276761495" lon="125.78507902898">
    <tag k="local_x" v="304696.0898"/>
    <tag k="local_y" v="2768170.5853"/>
    <tag k="ele" v="8.9"/>
  </node>
  <node id="103000053019" lat="49.89276650281" lon="125.78507568863">
    <tag k="local_x" v="304695.857"/>
    <tag k="local_y" v="2768170.4481"/>
    <tag k="ele" v="8.9"/>
  </node>
  <node id="103000053020" lat="49.89276487683" lon="125.78506901035">
    <tag k="local_x" v="304695.3878"/>
    <tag k="local_y" v="2768170.2402"/>
    <tag k="ele" v="8.9"/>
  </node>
  <node id="10300003502" lat="49.89225434047" lon="125.78597497236">
    <tag k="local_x" v="304763.6493"/>
    <tag k="local_y" v="2768117.1949"/>
    <tag k="ele" v="8.9"/>
  </node>
  <node id="10300003503" lat="49.89225813591" lon="125.78597468038">
    <tag k="local_x" v="304763.6044"/>
    <tag k="local_y" v="2768117.6155"/>
    <tag k="ele" v="8.9"/>
  </node>
  <node id="10300003504" lat="49.89226211849" lon="125.78597495363">
    <tag k="local_x" v="304763.5989"/>
    <tag k="local_y" v="2768118.0592"/>
    <tag k="ele" v="8.9"/>
  </node>
  <node id="10300003505" lat="49.89226667177" lon="125.78597568792">
    <tag k="local_x" v="304763.6229"/>
    <tag k="local_y" v="2768118.5682"/>
    <tag k="ele" v="8.9"/>
  </node>
  <node id="10300003506" lat="49.89227008805" lon="125.78597697559">
    <tag k="local_x" v="304763.6938"/>
    <tag k="local_y" v="2768118.9531"/>
    <tag k="ele" v="8.9"/>
  </node>
  <node id="10300003507" lat="49.89227377448" lon="125.78597892075">
    <tag k="local_x" v="304763.8102"/>
    <tag k="local_y" v="2768119.3707"/>
    <tag k="ele" v="8.9"/>
  </node>
  <node id="10300003508" lat="49.89227857831" lon="125.78598180398">
    <tag k="local_x" v="304763.9869"/>
    <tag k="local_y" v="2768119.9163"/>
    <tag k="ele" v="8.9"/>
  </node>
  <node id="10300003509" lat="49.89228227803" lon="125.78598505544">
    <tag k="local_x" v="304764.197"/>
    <tag k="local_y" v="2768120.3407"/>
    <tag k="ele" v="8.9"/>
  </node>
  <node id="103000035010" lat="49.89228551033" lon="125.78598834245">
    <tag k="local_x" v="304764.4126"/>
    <tag k="local_y" v="2768120.7133"/>
    <tag k="ele" v="8.9"/>
  </node>
  <node id="103000035011" lat="49.89229108295" lon="125.78599426007">
    <tag k="local_x" v="304764.8023"/>
    <tag k="local_y" v="2768121.3567"/>
    <tag k="ele" v="8.9"/>
  </node>
  <node id="103000035012" lat="49.89229767057" lon="125.78600150373">
    <tag k="local_x" v="304765.2808"/>
    <tag k="local_y" v="2768122.1183"/>
    <tag k="ele" v="8.9"/>
  </node>
  <node id="103000035013" lat="49.89230433803" lon="125.78600995647">
    <tag k="local_x" v="304765.8456"/>
    <tag k="local_y" v="2768122.8937"/>
    <tag k="ele" v="8.9"/>
  </node>
  <node id="103000035014" lat="49.89230917184" lon="125.78601648891">
    <tag k="local_x" v="304766.2841"/>
    <tag k="local_y" v="2768123.4575"/>
    <tag k="ele" v="8.9"/>
  </node>
  <node id="103000035015" lat="49.89231354822" lon="125.7860227597">
    <tag k="local_x" v="304766.7067"/>
    <tag k="local_y" v="2768123.9694"/>
    <tag k="ele" v="8.9"/>
  </node>
  <node id="103000035016" lat="49.89231823184" lon="125.78602997678">
    <tag k="local_x" v="304767.1953"/>
    <tag k="local_y" v="2768124.5193"/>
    <tag k="ele" v="8.9"/>
  </node>
  <node id="103000035017" lat="49.89232292374" lon="125.78603790079">
    <tag k="local_x" v="304767.7346"/>
    <tag k="local_y" v="2768125.073"/>
    <tag k="ele" v="8.9"/>
  </node>
  <node id="103000035018" lat="49.89232823708" lon="125.78604671791">
    <tag k="local_x" v="304768.3341"/>
    <tag k="local_y" v="2768125.6994"/>
    <tag k="ele" v="8.9"/>
  </node>
  <node id="103000035019" lat="49.89233345497" lon="125.78605575786">
    <tag k="local_x" v="304768.9502"/>
    <tag k="local_y" v="2768126.3161"/>
    <tag k="ele" v="8.9"/>
  </node>
  <node id="103000035020" lat="49.89233882737" lon="125.78606539361">
    <tag k="local_x" v="304769.6081"/>
    <tag k="local_y" v="2768126.9524"/>
    <tag k="ele" v="8.9"/>
  </node>
  <node id="10300001702" lat="49.89253491575" lon="125.78608126903">
    <tag k="local_x" v="304769.5111"/>
    <tag k="local_y" v="2768148.8085"/>
    <tag k="ele" v="8.9"/>
  </node>
  <node id="10300001703" lat="49.89253194872" lon="125.78607727543">
    <tag k="local_x" v="304769.2431"/>
    <tag k="local_y" v="2768148.4625"/>
    <tag k="ele" v="8.9"/>
  </node>
  <node id="10300001704" lat="49.89252876286" lon="125.7860733601">
    <tag k="local_x" v="304768.9821"/>
    <tag k="local_y" v="2768148.0925"/>
    <tag k="ele" v="8.9"/>
  </node>
  <node id="10300001705" lat="49.89252475873" lon="125.78606942861">
    <tag k="local_x" v="304768.7251"/>
    <tag k="local_y" v="2768147.6315"/>
    <tag k="ele" v="8.9"/>
  </node>
  <node id="10300001706" lat="49.89252242221" lon="125.78606787224">
    <tag k="local_x" v="304768.6281"/>
    <tag k="local_y" v="2768147.3655"/>
    <tag k="ele" v="8.9"/>
  </node>
  <node id="10300001707" lat="49.89251916559" lon="125.78606588682">
    <tag k="local_x" v="304768.5061"/>
    <tag k="local_y" v="2768146.9955"/>
    <tag k="ele" v="8.9"/>
  </node>
  <node id="10300001708" lat="49.89251588726" lon="125.78606427278">
    <tag k="local_x" v="304768.4109"/>
    <tag k="local_y" v="2768146.6246"/>
    <tag k="ele" v="8.9"/>
  </node>
  <node id="10300001709" lat="49.89251186398" lon="125.78606255709">
    <tag k="local_x" v="304768.3131"/>
    <tag k="local_y" v="2768146.1705"/>
    <tag k="ele" v="8.9"/>
  </node>
  <node id="103000017010" lat="49.89250749746" lon="125.78606075413">
    <tag k="local_x" v="304768.2112"/>
    <tag k="local_y" v="2768145.6779"/>
    <tag k="ele" v="8.9"/>
  </node>
  <node id="103000017011" lat="49.8925029334" lon="125.78605893939">
    <tag k="local_x" v="304768.1097"/>
    <tag k="local_y" v="2768145.1633"/>
    <tag k="ele" v="8.9"/>
  </node>
  <node id="103000017012" lat="49.89249854201" lon="125.78605766773">
    <tag k="local_x" v="304768.0461"/>
    <tag k="local_y" v="2768144.6701"/>
    <tag k="ele" v="8.9"/>
  </node>
  <node id="103000017013" lat="49.8924936089" lon="125.78605634708">
    <tag k="local_x" v="304767.9824"/>
    <tag k="local_y" v="2768144.1165"/>
    <tag k="ele" v="8.9"/>
  </node>
  <node id="103000017014" lat="49.89248904507" lon="125.78605572885">
    <tag k="local_x" v="304767.9668"/>
    <tag k="local_y" v="2768143.6068"/>
    <tag k="ele" v="8.9"/>
  </node>
  <node id="103000017015" lat="49.89248457754" lon="125.78605560103">
    <tag k="local_x" v="304767.9858"/>
    <tag k="local_y" v="2768143.1098"/>
    <tag k="ele" v="8.9"/>
  </node>
  <node id="103000017016" lat="49.89248198833" lon="125.78605602822">
    <tag k="local_x" v="304768.0328"/>
    <tag k="local_y" v="2768142.8238"/>
    <tag k="ele" v="8.9"/>
  </node>
  <node id="103000017017" lat="49.89247846951" lon="125.78605748806">
    <tag k="local_x" v="304768.1598"/>
    <tag k="local_y" v="2768142.4387"/>
    <tag k="ele" v="8.9"/>
  </node>
  <node id="103000017018" lat="49.89247453436" lon="125.78605832631">
    <tag k="local_x" v="304768.2448"/>
    <tag k="local_y" v="2768142.0048"/>
    <tag k="ele" v="8.9"/>
  </node>
  <node id="103000017019" lat="49.8924714355" lon="125.78605971997">
    <tag k="local_x" v="304768.3644"/>
    <tag k="local_y" v="2768141.6661"/>
    <tag k="ele" v="8.9"/>
  </node>
  <node id="103000017020" lat="49.89246816258" lon="125.78606154127">
    <tag k="local_x" v="304768.5158"/>
    <tag k="local_y" v="2768141.3098"/>
    <tag k="ele" v="8.9"/>
  </node>
  <node id="103000017021" lat="49.89246356183" lon="125.78606453156">
    <tag k="local_x" v="304768.7595"/>
    <tag k="local_y" v="2768140.8107"/>
    <tag k="ele" v="8.9"/>
  </node>
  <node id="103000017022" lat="49.89245907961" lon="125.78606762698">
    <tag k="local_x" v="304769.01"/>
    <tag k="local_y" v="2768140.3252"/>
    <tag k="ele" v="8.9"/>
  </node>
  <node id="103000017023" lat="49.8924545224" lon="125.78607134401">
    <tag k="local_x" v="304769.3056"/>
    <tag k="local_y" v="2768139.8339"/>
    <tag k="ele" v="8.9"/>
  </node>
  <node id="103000017024" lat="49.89245059861" lon="125.78607508742">
    <tag k="local_x" v="304769.5991"/>
    <tag k="local_y" v="2768139.4131"/>
    <tag k="ele" v="8.9"/>
  </node>
  <node id="103000017025" lat="49.89244685878" lon="125.78607867289">
    <tag k="local_x" v="304769.8801"/>
    <tag k="local_y" v="2768139.0121"/>
    <tag k="ele" v="8.9"/>
  </node>
  <node id="103000017026" lat="49.89244399338" lon="125.78608091443">
    <tag k="local_x" v="304770.0591"/>
    <tag k="local_y" v="2768138.7028"/>
    <tag k="ele" v="8.9"/>
  </node>
  <node id="103000017027" lat="49.89244051333" lon="125.78608264232">
    <tag k="local_x" v="304770.2051"/>
    <tag k="local_y" v="2768138.3231"/>
    <tag k="ele" v="8.9"/>
  </node>
  <node id="103000017028" lat="49.89243604917" lon="125.78608337977">
    <tag k="local_x" v="304770.2862"/>
    <tag k="local_y" v="2768137.83"/>
    <tag k="ele" v="8.9"/>
  </node>
  <node id="10300002902" lat="49.89234025777" lon="125.78604257846">
    <tag k="local_x" v="304767.9611"/>
    <tag k="local_y" v="2768127.0184"/>
    <tag k="ele" v="8.9"/>
  </node>
  <node id="10300002903" lat="49.89233272361" lon="125.78603062029">
    <tag k="local_x" v="304767.1501"/>
    <tag k="local_y" v="2768126.1324"/>
    <tag k="ele" v="8.9"/>
  </node>
  <node id="10300002904" lat="49.89232630164" lon="125.78601930027">
    <tag k="local_x" v="304766.3779"/>
    <tag k="local_y" v="2768125.3726"/>
    <tag k="ele" v="8.9"/>
  </node>
  <node id="10300002905" lat="49.89232167657" lon="125.78601021629">
    <tag k="local_x" v="304765.7549"/>
    <tag k="local_y" v="2768124.8216"/>
    <tag k="ele" v="8.9"/>
  </node>
  <node id="10300002906" lat="49.89231999097" lon="125.78600796357">
    <tag k="local_x" v="304765.6038"/>
    <tag k="local_y" v="2768124.6251"/>
    <tag k="ele" v="8.9"/>
  </node>
  <node id="10300002907" lat="49.89231808105" lon="125.78600554628">
    <tag k="local_x" v="304765.4423"/>
    <tag k="local_y" v="2768124.403"/>
    <tag k="ele" v="8.9"/>
  </node>
  <node id="10300002908" lat="49.89231575771" lon="125.78600267341">
    <tag k="local_x" v="304765.2507"/>
    <tag k="local_y" v="2768124.1331"/>
    <tag k="ele" v="8.9"/>
  </node>
  <node id="10300002909" lat="49.89231302843" lon="125.78599938601">
    <tag k="local_x" v="304765.0319"/>
    <tag k="local_y" v="2768123.8164"/>
    <tag k="ele" v="8.9"/>
  </node>
  <node id="103000029010" lat="49.89230989314" lon="125.78599580944">
    <tag k="local_x" v="304764.7949"/>
    <tag k="local_y" v="2768123.4534"/>
    <tag k="ele" v="8.9"/>
  </node>
  <node id="103000029011" lat="49.89230625084" lon="125.78599182619">
    <tag k="local_x" v="304764.5319"/>
    <tag k="local_y" v="2768123.0324"/>
    <tag k="ele" v="8.9"/>
  </node>
  <node id="103000029012" lat="49.89230273259" lon="125.78598796944">
    <tag k="local_x" v="304764.2772"/>
    <tag k="local_y" v="2768122.6257"/>
    <tag k="ele" v="8.9"/>
  </node>
  <node id="103000029013" lat="49.89229833733" lon="125.78598317067">
    <tag k="local_x" v="304763.9604"/>
    <tag k="local_y" v="2768122.1177"/>
    <tag k="ele" v="8.9"/>
  </node>
  <node id="103000029014" lat="49.89229461575" lon="125.78597931277">
    <tag k="local_x" v="304763.7069"/>
    <tag k="local_y" v="2768121.6884"/>
    <tag k="ele" v="8.9"/>
  </node>
  <node id="103000029015" lat="49.89229175049" lon="125.7859764703">
    <tag k="local_x" v="304763.5209"/>
    <tag k="local_y" v="2768121.3584"/>
    <tag k="ele" v="8.9"/>
  </node>
  <node id="103000029016" lat="49.89228878329" lon="125.78597358545">
    <tag k="local_x" v="304763.3325"/>
    <tag k="local_y" v="2768121.0169"/>
    <tag k="ele" v="8.9"/>
  </node>
  <node id="103000029017" lat="49.89228667075" lon="125.78597161419">
    <tag k="local_x" v="304763.2043"/>
    <tag k="local_y" v="2768120.7741"/>
    <tag k="ele" v="8.9"/>
  </node>
  <node id="103000029018" lat="49.89228416282" lon="125.78596938255">
    <tag k="local_x" v="304763.0599"/>
    <tag k="local_y" v="2768120.4863"/>
    <tag k="ele" v="8.9"/>
  </node>
  <node id="103000029019" lat="49.8922817582" lon="125.7859673522">
    <tag k="local_x" v="304762.9293"/>
    <tag k="local_y" v="2768120.2108"/>
    <tag k="ele" v="8.9"/>
  </node>
  <node id="103000029020" lat="49.89227985129" lon="125.78596470535">
    <tag k="local_x" v="304762.7513"/>
    <tag k="local_y" v="2768119.9881"/>
    <tag k="ele" v="8.9"/>
  </node>
  <node id="103000029021" lat="49.89227800184" lon="125.78596316671">
    <tag k="local_x" v="304762.6525"/>
    <tag k="local_y" v="2768119.7763"/>
    <tag k="ele" v="8.9"/>
  </node>
  <node id="103000029022" lat="49.89227534924" lon="125.78596151852">
    <tag k="local_x" v="304762.5509"/>
    <tag k="local_y" v="2768119.4748"/>
    <tag k="ele" v="8.9"/>
  </node>
  <node id="103000029023" lat="49.89227217011" lon="125.78596031575">
    <tag k="local_x" v="304762.4846"/>
    <tag k="local_y" v="2768119.1166"/>
    <tag k="ele" v="8.9"/>
  </node>
  <node id="103000029024" lat="49.89226813194" lon="125.78595922696">
    <tag k="local_x" v="304762.4319"/>
    <tag k="local_y" v="2768118.6634"/>
    <tag k="ele" v="8.9"/>
  </node>
  <node id="103000029025" lat="49.89226330913" lon="125.78595853028">
    <tag k="local_x" v="304762.4123"/>
    <tag k="local_y" v="2768118.1246"/>
    <tag k="ele" v="8.9"/>
  </node>
  <node id="103000029026" lat="49.89225798081" lon="125.78595802459">
    <tag k="local_x" v="304762.4096"/>
    <tag k="local_y" v="2768117.5304"/>
    <tag k="ele" v="8.9"/>
  </node>
  <node id="103000029027" lat="49.8922537451" lon="125.785957906">
    <tag k="local_x" v="304762.4278"/>
    <tag k="local_y" v="2768117.0592"/>
    <tag k="ele" v="8.9"/>
  </node>
  <node id="10300001601" lat="49.89252351418" lon="125.78617945371">
    <tag k="local_x" v="304776.632"/>
    <tag k="local_y" v="2768147.9415"/>
    <tag k="ele" v="8.9"/>
  </node>
  <node id="10300001602" lat="49.89252435662" lon="125.78617881038">
    <tag k="local_x" v="304776.5805"/>
    <tag k="local_y" v="2768148.0325"/>
    <tag k="ele" v="8.9"/>
  </node>
  <node id="10300001603" lat="49.89252544202" lon="125.78617821625">
    <tag k="local_x" v="304776.531"/>
    <tag k="local_y" v="2768148.1507"/>
    <tag k="ele" v="8.9"/>
  </node>
  <node id="10300001604" lat="49.89252761436" lon="125.78617708386">
    <tag k="local_x" v="304776.436"/>
    <tag k="local_y" v="2768148.3875"/>
    <tag k="ele" v="8.9"/>
  </node>
  <node id="10300001605" lat="49.8925302144" lon="125.78617555166">
    <tag k="local_x" v="304776.3096"/>
    <tag k="local_y" v="2768148.6702"/>
    <tag k="ele" v="8.9"/>
  </node>
  <node id="10300001606" lat="49.8925343323" lon="125.78617218327">
    <tag k="local_x" v="304776.0418"/>
    <tag k="local_y" v="2768149.1141"/>
    <tag k="ele" v="8.9"/>
  </node>
  <node id="10300001607" lat="49.89253753093" lon="125.7861677006">
    <tag k="local_x" v="304775.6998"/>
    <tag k="local_y" v="2768149.4513"/>
    <tag k="ele" v="8.9"/>
  </node>
  <node id="10300001608" lat="49.89254057325" lon="125.786161321">
    <tag k="local_x" v="304775.2226"/>
    <tag k="local_y" v="2768149.7634"/>
    <tag k="ele" v="8.9"/>
  </node>
  <node id="10300001609" lat="49.89254291811" lon="125.78615258743">
    <tag k="local_x" v="304774.5808"/>
    <tag k="local_y" v="2768149.9884"/>
    <tag k="ele" v="8.9"/>
  </node>
  <node id="103000016010" lat="49.89254444351" lon="125.78614384594">
    <tag k="local_x" v="304773.9436"/>
    <tag k="local_y" v="2768150.1223"/>
    <tag k="ele" v="8.9"/>
  </node>
  <node id="103000016011" lat="49.89254523067" lon="125.78613496717">
    <tag k="local_x" v="304773.3012"/>
    <tag k="local_y" v="2768150.1736"/>
    <tag k="ele" v="8.9"/>
  </node>
  <node id="103000016012" lat="49.89254574548" lon="125.78612500029">
    <tag k="local_x" v="304772.5824"/>
    <tag k="local_y" v="2768150.1902"/>
    <tag k="ele" v="8.9"/>
  </node>
  <node id="103000016013" lat="49.89254565765" lon="125.78611483005">
    <tag k="local_x" v="304771.8528"/>
    <tag k="local_y" v="2768150.139"/>
    <tag k="ele" v="8.9"/>
  </node>
  <node id="103000016014" lat="49.89254455088" lon="125.78610547845">
    <tag k="local_x" v="304771.1884"/>
    <tag k="local_y" v="2768149.9779"/>
    <tag k="ele" v="8.9"/>
  </node>
  <node id="103000016015" lat="49.89254342394" lon="125.78609991653">
    <tag k="local_x" v="304770.7962"/>
    <tag k="local_y" v="2768149.83"/>
    <tag k="ele" v="8.9"/>
  </node>
  <node id="103000016016" lat="49.89254186287" lon="125.7860955436">
    <tag k="local_x" v="304770.4921"/>
    <tag k="local_y" v="2768149.6387"/>
    <tag k="ele" v="8.9"/>
  </node>
  <node id="103000016017" lat="49.89254046203" lon="125.78609180738">
    <tag k="local_x" v="304770.2327"/>
    <tag k="local_y" v="2768149.4678"/>
    <tag k="ele" v="8.9"/>
  </node>
  <node id="103000016018" lat="49.89253888511" lon="125.7860884067">
    <tag k="local_x" v="304769.9985"/>
    <tag k="local_y" v="2768149.2787"/>
    <tag k="ele" v="8.9"/>
  </node>
  <node id="103000016019" lat="49.89253738578" lon="125.78608558948">
    <tag k="local_x" v="304769.8057"/>
    <tag k="local_y" v="2768149.1006"/>
    <tag k="ele" v="8.9"/>
  </node>
  <node id="10300005002" lat="49.89270408735" lon="125.78507725189">
    <tag k="local_x" v="304696.3628"/>
    <tag k="local_y" v="2768163.5182"/>
    <tag k="ele" v="8.9"/>
  </node>
  <node id="10300005003" lat="49.89270002745" lon="125.78507778675">
    <tag k="local_x" v="304696.4268"/>
    <tag k="local_y" v="2768163.0692"/>
    <tag k="ele" v="8.9"/>
  </node>
  <node id="10300005004" lat="49.8926955528" lon="125.78507836877">
    <tag k="local_x" v="304696.4968"/>
    <tag k="local_y" v="2768162.5743"/>
    <tag k="ele" v="8.9"/>
  </node>
  <node id="10300005005" lat="49.89269387969" lon="125.7850785979">
    <tag k="local_x" v="304696.5238"/>
    <tag k="local_y" v="2768162.3893"/>
    <tag k="ele" v="8.9"/>
  </node>
  <node id="10300005006" lat="49.89269169677" lon="125.78507896333">
    <tag k="local_x" v="304696.5638"/>
    <tag k="local_y" v="2768162.1482"/>
    <tag k="ele" v="8.9"/>
  </node>
  <node id="10300005007" lat="49.89268857143" lon="125.78507928777">
    <tag k="local_x" v="304696.6068"/>
    <tag k="local_y" v="2768161.8022"/>
    <tag k="ele" v="8.9"/>
  </node>
  <node id="10300005008" lat="49.89268600864" lon="125.78507943598">
    <tag k="local_x" v="304696.6336"/>
    <tag k="local_y" v="2768161.518"/>
    <tag k="ele" v="8.9"/>
  </node>
  <node id="10300005009" lat="49.89268423192" lon="125.78507954597">
    <tag k="local_x" v="304696.6527"/>
    <tag k="local_y" v="2768161.321"/>
    <tag k="ele" v="8.9"/>
  </node>
  <node id="103000050010" lat="49.89268026011" lon="125.78507991167">
    <tag k="local_x" v="304696.704"/>
    <tag k="local_y" v="2768160.8811"/>
    <tag k="ele" v="8.9"/>
  </node>
  <node id="103000050011" lat="49.89267567525" lon="125.78508045615">
    <tag k="local_x" v="304696.772"/>
    <tag k="local_y" v="2768160.3738"/>
    <tag k="ele" v="8.9"/>
  </node>
  <node id="103000050012" lat="49.892670812" lon="125.78508194284">
    <tag k="local_x" v="304696.9094"/>
    <tag k="local_y" v="2768159.8394"/>
    <tag k="ele" v="8.9"/>
  </node>
  <node id="103000050013" lat="49.89266713153" lon="125.78508484274">
    <tag k="local_x" v="304697.1408"/>
    <tag k="local_y" v="2768159.4422"/>
    <tag k="ele" v="8.9"/>
  </node>
  <node id="103000050014" lat="49.89266313754" lon="125.78508920132">
    <tag k="local_x" v="304697.4789"/>
    <tag k="local_y" v="2768159.0161"/>
    <tag k="ele" v="8.9"/>
  </node>
  <node id="103000050015" lat="49.89265914282" lon="125.78509333418">
    <tag k="local_x" v="304697.8008"/>
    <tag k="local_y" v="2768158.589"/>
    <tag k="ele" v="8.9"/>
  </node>
  <node id="103000050016" lat="49.89265483606" lon="125.78509822245">
    <tag k="local_x" v="304698.1789"/>
    <tag k="local_y" v="2768158.1303"/>
    <tag k="ele" v="8.9"/>
  </node>
  <node id="103000050017" lat="49.89265125783" lon="125.78510218713">
    <tag k="local_x" v="304698.4861"/>
    <tag k="local_y" v="2768157.7488"/>
    <tag k="ele" v="8.9"/>
  </node>
  <node id="103000050018" lat="49.89264774072" lon="125.78510585911">
    <tag k="local_x" v="304698.7719"/>
    <tag k="local_y" v="2768157.3729"/>
    <tag k="ele" v="8.9"/>
  </node>
  <node id="103000050019" lat="49.89264358299" lon="125.7851090876">
    <tag k="local_x" v="304699.0299"/>
    <tag k="local_y" v="2768156.924"/>
    <tag k="ele" v="8.9"/>
  </node>
  <node id="103000050020" lat="49.89263866946" lon="125.78511081641">
    <tag k="local_x" v="304699.185"/>
    <tag k="local_y" v="2768156.385"/>
    <tag k="ele" v="8.9"/>
  </node>
  <node id="103000050021" lat="49.8926350924" lon="125.78511143547">
    <tag k="local_x" v="304699.252"/>
    <tag k="local_y" v="2768155.99"/>
    <tag k="ele" v="8.9"/>
  </node>
  <node id="103000050022" lat="49.89263109055" lon="125.785111786">
    <tag k="local_x" v="304699.3024"/>
    <tag k="local_y" v="2768155.5467"/>
    <tag k="ele" v="8.9"/>
  </node>
  <node id="103000050023" lat="49.8926275017" lon="125.78511176887">
    <tag k="local_x" v="304699.3238"/>
    <tag k="local_y" v="2768155.1478"/>
    <tag k="ele" v="8.9"/>
  </node>
  <node id="103000050024" lat="49.89262301682" lon="125.78511093619">
    <tag k="local_x" v="304699.2923"/>
    <tag k="local_y" v="2768154.646"/>
    <tag k="ele" v="8.9"/>
  </node>
  <node id="103000050025" lat="49.89261863052" lon="125.78510871511">
    <tag k="local_x" v="304699.1605"/>
    <tag k="local_y" v="2768154.1495"/>
    <tag k="ele" v="8.9"/>
  </node>
  <node id="103000050026" lat="49.89261509966" lon="125.78510547155">
    <tag k="local_x" v="304698.9499"/>
    <tag k="local_y" v="2768153.7439"/>
    <tag k="ele" v="8.9"/>
  </node>
  <node id="103000050027" lat="49.89261143828" lon="125.78510136966">
    <tag k="local_x" v="304698.6785"/>
    <tag k="local_y" v="2768153.3203"/>
    <tag k="ele" v="8.9"/>
  </node>
  <node id="103000050028" lat="49.89260747868" lon="125.78509691007">
    <tag k="local_x" v="304698.3833"/>
    <tag k="local_y" v="2768152.8621"/>
    <tag k="ele" v="8.9"/>
  </node>
  <node id="103000050029" lat="49.89260408599" lon="125.78509245012">
    <tag k="local_x" v="304698.0845"/>
    <tag k="local_y" v="2768152.4669"/>
    <tag k="ele" v="8.9"/>
  </node>
  <node id="103000050030" lat="49.89260062619" lon="125.78508822525">
    <tag k="local_x" v="304697.803"/>
    <tag k="local_y" v="2768152.0652"/>
    <tag k="ele" v="8.9"/>
  </node>
  <node id="103000050031" lat="49.89259676028" lon="125.78508408172">
    <tag k="local_x" v="304697.5299"/>
    <tag k="local_y" v="2768151.6187"/>
    <tag k="ele" v="8.9"/>
  </node>
  <node id="103000050032" lat="49.89259293736" lon="125.78508099917">
    <tag k="local_x" v="304697.3327"/>
    <tag k="local_y" v="2768151.1813"/>
    <tag k="ele" v="8.9"/>
  </node>
  <node id="103000050033" lat="49.89258887994" lon="125.78507763694">
    <tag k="local_x" v="304697.1169"/>
    <tag k="local_y" v="2768150.7167"/>
    <tag k="ele" v="8.9"/>
  </node>
  <node id="103000050034" lat="49.89258448456" lon="125.78507438711">
    <tag k="local_x" v="304696.9113"/>
    <tag k="local_y" v="2768150.215"/>
    <tag k="ele" v="8.9"/>
  </node>
  <node id="103000050035" lat="49.89257936987" lon="125.7850714655">
    <tag k="local_x" v="304696.7338"/>
    <tag k="local_y" v="2768149.6347"/>
    <tag k="ele" v="8.9"/>
  </node>
  <node id="103000050036" lat="49.89257340278" lon="125.78506845231">
    <tag k="local_x" v="304696.5551"/>
    <tag k="local_y" v="2768148.9593"/>
    <tag k="ele" v="8.9"/>
  </node>
  <node id="103000050037" lat="49.89256811894" lon="125.78506634044">
    <tag k="local_x" v="304696.4368"/>
    <tag k="local_y" v="2768148.3635"/>
    <tag k="ele" v="8.9"/>
  </node>
  <node id="103000050038" lat="49.89256344785" lon="125.78506474483">
    <tag k="local_x" v="304696.3517"/>
    <tag k="local_y" v="2768147.8379"/>
    <tag k="ele" v="8.9"/>
  </node>
  <node id="103000050039" lat="49.89255849606" lon="125.78506366361">
    <tag k="local_x" v="304696.3053"/>
    <tag k="local_y" v="2768147.2832"/>
    <tag k="ele" v="8.9"/>
  </node>
  <node id="103000050040" lat="49.89255243019" lon="125.78506302637">
    <tag k="local_x" v="304696.2978"/>
    <tag k="local_y" v="2768146.6065"/>
    <tag k="ele" v="8.9"/>
  </node>
  <node id="103000050041" lat="49.8925471204" lon="125.78506277591">
    <tag k="local_x" v="304696.3133"/>
    <tag k="local_y" v="2768146.0154"/>
    <tag k="ele" v="8.9"/>
  </node>
  <node id="103000050042" lat="49.89254083264" lon="125.78506257049">
    <tag k="local_x" v="304696.3382"/>
    <tag k="local_y" v="2768145.3158"/>
    <tag k="ele" v="8.9"/>
  </node>
  <node id="103000050043" lat="49.89253481669" lon="125.78506273159">
    <tag k="local_x" v="304696.3877"/>
    <tag k="local_y" v="2768144.6479"/>
    <tag k="ele" v="8.9"/>
  </node>
  <node id="103000050044" lat="49.89252883147" lon="125.78506303607">
    <tag k="local_x" v="304696.4473"/>
    <tag k="local_y" v="2768143.984"/>
    <tag k="ele" v="8.9"/>
  </node>
  <node id="103000050045" lat="49.89252327753" lon="125.78506392305">
    <tag k="local_x" v="304696.546"/>
    <tag k="local_y" v="2768143.3704"/>
    <tag k="ele" v="8.9"/>
  </node>
  <node id="103000050046" lat="49.89251719848" lon="125.78506546174">
    <tag k="local_x" v="304696.6948"/>
    <tag k="local_y" v="2768142.7011"/>
    <tag k="ele" v="8.9"/>
  </node>
  <node id="103000050047" lat="49.89251279722" lon="125.78506620203">
    <tag k="local_x" v="304696.7757"/>
    <tag k="local_y" v="2768142.215"/>
    <tag k="ele" v="8.9"/>
  </node>
  <node id="103000050048" lat="49.89250841661" lon="125.78506637861">
    <tag k="local_x" v="304696.816"/>
    <tag k="local_y" v="2768141.7289"/>
    <tag k="ele" v="8.9"/>
  </node>
  <node id="103000050049" lat="49.89250409753" lon="125.7850661288">
    <tag k="local_x" v="304696.8253"/>
    <tag k="local_y" v="2768141.2479"/>
    <tag k="ele" v="8.9"/>
  </node>
  <node id="103000050050" lat="49.89249930698" lon="125.78506553394">
    <tag k="local_x" v="304696.8128"/>
    <tag k="local_y" v="2768140.7131"/>
    <tag k="ele" v="8.9"/>
  </node>
  <node id="103000050051" lat="49.89249479048" lon="125.78506445892">
    <tag k="local_x" v="304696.7641"/>
    <tag k="local_y" v="2768140.2068"/>
    <tag k="ele" v="8.9"/>
  </node>
  <node id="103000050052" lat="49.89249050748" lon="125.78506251296">
    <tag k="local_x" v="304696.6514"/>
    <tag k="local_y" v="2768139.7229"/>
    <tag k="ele" v="8.9"/>
  </node>
  <node id="103000050053" lat="49.89248617462" lon="125.7850597422">
    <tag k="local_x" v="304696.4798"/>
    <tag k="local_y" v="2768139.2301"/>
    <tag k="ele" v="8.9"/>
  </node>
  <node id="103000050054" lat="49.89248191226" lon="125.7850563982">
    <tag k="local_x" v="304696.2666"/>
    <tag k="local_y" v="2768138.7428"/>
    <tag k="ele" v="8.9"/>
  </node>
  <node id="103000050055" lat="49.89247772099" lon="125.78505244061">
    <tag k="local_x" v="304696.0089"/>
    <tag k="local_y" v="2768138.2609"/>
    <tag k="ele" v="8.9"/>
  </node>
  <node id="103000050056" lat="49.8924729342" lon="125.78504698072">
    <tag k="local_x" v="304695.6471"/>
    <tag k="local_y" v="2768137.7067"/>
    <tag k="ele" v="8.9"/>
  </node>
  <node id="103000050057" lat="49.89246891906" lon="125.78504280877">
    <tag k="local_x" v="304695.3729"/>
    <tag k="local_y" v="2768137.2435"/>
    <tag k="ele" v="8.9"/>
  </node>
  <node id="103000050058" lat="49.89246519276" lon="125.78503895609">
    <tag k="local_x" v="304695.1198"/>
    <tag k="local_y" v="2768136.8137"/>
    <tag k="ele" v="8.9"/>
  </node>
  <node id="103000050059" lat="49.89246114831" lon="125.78503551005">
    <tag k="local_x" v="304694.8979"/>
    <tag k="local_y" v="2768136.3502"/>
    <tag k="ele" v="8.9"/>
  </node>
  <node id="103000050060" lat="49.89245701713" lon="125.78503273613">
    <tag k="local_x" v="304694.7248"/>
    <tag k="local_y" v="2768135.8798"/>
    <tag k="ele" v="8.9"/>
  </node>
  <node id="103000050061" lat="49.89245315024" lon="125.78503046039">
    <tag k="local_x" v="304694.5858"/>
    <tag k="local_y" v="2768135.4408"/>
    <tag k="ele" v="8.9"/>
  </node>
  <node id="103000050062" lat="49.89244825887" lon="125.78502805009">
    <tag k="local_x" v="304694.4436"/>
    <tag k="local_y" v="2768134.8874"/>
    <tag k="ele" v="8.9"/>
  </node>
  <node id="103000050063" lat="49.89244350856" lon="125.78502689743">
    <tag k="local_x" v="304694.3908"/>
    <tag k="local_y" v="2768134.3548"/>
    <tag k="ele" v="8.9"/>
  </node>
  <node id="103000050064" lat="49.89244006841" lon="125.78502662872">
    <tag k="local_x" v="304694.3932"/>
    <tag k="local_y" v="2768133.9714"/>
    <tag k="ele" v="8.9"/>
  </node>
  <node id="103000050065" lat="49.89243708589" lon="125.78502656734">
    <tag k="local_x" v="304694.4076"/>
    <tag k="local_y" v="2768133.6397"/>
    <tag k="ele" v="8.9"/>
  </node>
  <node id="103000050066" lat="49.89243359303" lon="125.78502700019">
    <tag k="local_x" v="304694.4607"/>
    <tag k="local_y" v="2768133.2533"/>
    <tag k="ele" v="8.9"/>
  </node>
  <node id="103000050067" lat="49.89242976385" lon="125.78502781997">
    <tag k="local_x" v="304694.5437"/>
    <tag k="local_y" v="2768132.8311"/>
    <tag k="ele" v="8.9"/>
  </node>
  <node id="103000050068" lat="49.8924254143" lon="125.78502928492">
    <tag k="local_x" v="304694.6763"/>
    <tag k="local_y" v="2768132.3537"/>
    <tag k="ele" v="8.9"/>
  </node>
  <node id="103000050069" lat="49.89242143349" lon="125.78503080455">
    <tag k="local_x" v="304694.8105"/>
    <tag k="local_y" v="2768131.9175"/>
    <tag k="ele" v="8.9"/>
  </node>
  <node id="103000050070" lat="49.89241750792" lon="125.78503229002">
    <tag k="local_x" v="304694.9419"/>
    <tag k="local_y" v="2768131.4873"/>
    <tag k="ele" v="8.9"/>
  </node>
  <node id="103000050071" lat="49.89241343297" lon="125.78503348101">
    <tag k="local_x" v="304695.0531"/>
    <tag k="local_y" v="2768131.0393"/>
    <tag k="ele" v="8.9"/>
  </node>
  <node id="103000050072" lat="49.89241033968" lon="125.78503371634">
    <tag k="local_x" v="304695.0895"/>
    <tag k="local_y" v="2768130.6965"/>
    <tag k="ele" v="8.9"/>
  </node>
  <node id="103000050073" lat="49.89240608005" lon="125.78503366119">
    <tag k="local_x" v="304695.1124"/>
    <tag k="local_y" v="2768130.2229"/>
    <tag k="ele" v="8.9"/>
  </node>
  <node id="103000050074" lat="49.89240188502" lon="125.78503319385">
    <tag k="local_x" v="304695.1053"/>
    <tag k="local_y" v="2768129.7548"/>
    <tag k="ele" v="8.9"/>
  </node>
  <node id="103000050075" lat="49.89239756634" lon="125.78503234375">
    <tag k="local_x" v="304695.0715"/>
    <tag k="local_y" v="2768129.2714"/>
    <tag k="ele" v="8.9"/>
  </node>
  <node id="103000050076" lat="49.89239367887" lon="125.7850312432">
    <tag k="local_x" v="304695.017"/>
    <tag k="local_y" v="2768128.8349"/>
    <tag k="ele" v="8.9"/>
  </node>
  <node id="103000050077" lat="49.89238979816" lon="125.78502998305">
    <tag k="local_x" v="304694.951"/>
    <tag k="local_y" v="2768128.3985"/>
    <tag k="ele" v="8.9"/>
  </node>
  <node id="103000050078" lat="49.89238611496" lon="125.78502861211">
    <tag k="local_x" v="304694.8758"/>
    <tag k="local_y" v="2768127.9836"/>
    <tag k="ele" v="8.9"/>
  </node>
  <node id="103000050079" lat="49.89238279543" lon="125.78502740961">
    <tag k="local_x" v="304694.8104"/>
    <tag k="local_y" v="2768127.6098"/>
    <tag k="ele" v="8.9"/>
  </node>
  <node id="103000050080" lat="49.89237800881" lon="125.78502577461">
    <tag k="local_x" v="304694.7232"/>
    <tag k="local_y" v="2768127.0712"/>
    <tag k="ele" v="8.9"/>
  </node>
  <node id="103000050081" lat="49.89237418073" lon="125.78502528797">
    <tag k="local_x" v="304694.7124"/>
    <tag k="local_y" v="2768126.6438"/>
    <tag k="ele" v="8.9"/>
  </node>
  <node id="103000050082" lat="49.89237043218" lon="125.78502557718">
    <tag k="local_x" v="304694.7568"/>
    <tag k="local_y" v="2768126.2284"/>
    <tag k="ele" v="8.9"/>
  </node>
  <node id="103000050083" lat="49.89236643677" lon="125.78502695484">
    <tag k="local_x" v="304694.8809"/>
    <tag k="local_y" v="2768125.79"/>
    <tag k="ele" v="8.9"/>
  </node>
  <node id="103000050084" lat="49.89236173868" lon="125.78503019575">
    <tag k="local_x" v="304695.1432"/>
    <tag k="local_y" v="2768125.2811"/>
    <tag k="ele" v="8.9"/>
  </node>
  <node id="103000050085" lat="49.89235770641" lon="125.78503429743">
    <tag k="local_x" v="304695.4631"/>
    <tag k="local_y" v="2768124.8497"/>
    <tag k="ele" v="8.9"/>
  </node>
  <node id="103000050086" lat="49.89235419873" lon="125.7850386207">
    <tag k="local_x" v="304695.7956"/>
    <tag k="local_y" v="2768124.4775"/>
    <tag k="ele" v="8.9"/>
  </node>
  <node id="103000050087" lat="49.89234368185" lon="125.78505009647">
    <tag k="local_x" v="304696.6858"/>
    <tag k="local_y" v="2768123.3555"/>
    <tag k="ele" v="8.9"/>
  </node>
  <node id="103000050088" lat="49.89233910044" lon="125.78505356631">
    <tag k="local_x" v="304696.9638"/>
    <tag k="local_y" v="2768122.8605"/>
    <tag k="ele" v="8.9"/>
  </node>
  <node id="103000050089" lat="49.89233552622" lon="125.78505567879">
    <tag k="local_x" v="304697.138"/>
    <tag k="local_y" v="2768122.4719"/>
    <tag k="ele" v="8.9"/>
  </node>
  <node id="103000050090" lat="49.89233211976" lon="125.78505684771">
    <tag k="local_x" v="304697.2434"/>
    <tag k="local_y" v="2768122.0981"/>
    <tag k="ele" v="8.9"/>
  </node>
  <node id="103000050091" lat="49.8923288316" lon="125.7850574406">
    <tag k="local_x" v="304697.3067"/>
    <tag k="local_y" v="2768121.7351"/>
    <tag k="ele" v="8.9"/>
  </node>
  <node id="103000050092" lat="49.89232539718" lon="125.78505762926">
    <tag k="local_x" v="304697.3419"/>
    <tag k="local_y" v="2768121.3542"/>
    <tag k="ele" v="8.9"/>
  </node>
  <node id="103000050093" lat="49.89232156113" lon="125.7850570653">
    <tag k="local_x" v="304697.3256"/>
    <tag k="local_y" v="2768120.9256"/>
    <tag k="ele" v="8.9"/>
  </node>
  <node id="103000050094" lat="49.8923177119" lon="125.78505595278">
    <tag k="local_x" v="304697.27"/>
    <tag k="local_y" v="2768120.4933"/>
    <tag k="ele" v="8.9"/>
  </node>
  <node id="103000050095" lat="49.89231449259" lon="125.78505447076">
    <tag k="local_x" v="304697.1839"/>
    <tag k="local_y" v="2768120.1295"/>
    <tag k="ele" v="8.9"/>
  </node>
  <node id="103000050096" lat="49.89231088947" lon="125.78505246195">
    <tag k="local_x" v="304697.0624"/>
    <tag k="local_y" v="2768119.7209"/>
    <tag k="ele" v="8.9"/>
  </node>
  <node id="103000050097" lat="49.89230799256" lon="125.7850503104">
    <tag k="local_x" v="304696.9262"/>
    <tag k="local_y" v="2768119.3902"/>
    <tag k="ele" v="8.9"/>
  </node>
  <node id="103000050098" lat="49.89230400818" lon="125.78504716494">
    <tag k="local_x" v="304696.7255"/>
    <tag k="local_y" v="2768118.9346"/>
    <tag k="ele" v="8.9"/>
  </node>
  <node id="103000050099" lat="49.89230096924" lon="125.78504429752">
    <tag k="local_x" v="304696.5388"/>
    <tag k="local_y" v="2768118.5852"/>
    <tag k="ele" v="8.9"/>
  </node>
  <node id="1030000500100" lat="49.89229862608" lon="125.78504189097">
    <tag k="local_x" v="304696.3808"/>
    <tag k="local_y" v="2768118.315"/>
    <tag k="ele" v="8.9"/>
  </node>
  <node id="10300005802" lat="49.89210857961" lon="125.7853635323">
    <tag k="local_x" v="304720.671"/>
    <tag k="local_y" v="2768098.5053"/>
    <tag k="ele" v="8.9"/>
  </node>
  <node id="10300005803" lat="49.8921185033" lon="125.78538272169">
    <tag k="local_x" v="304721.9861"/>
    <tag k="local_y" v="2768099.6863"/>
    <tag k="ele" v="8.9"/>
  </node>
  <node id="10300005804" lat="49.89212397194" lon="125.78539385755">
    <tag k="local_x" v="304722.7511"/>
    <tag k="local_y" v="2768100.3394"/>
    <tag k="ele" v="8.9"/>
  </node>
  <node id="10300005805" lat="49.89212696258" lon="125.78540088962">
    <tag k="local_x" v="304723.2371"/>
    <tag k="local_y" v="2768100.7004"/>
    <tag k="ele" v="8.9"/>
  </node>
  <node id="10300005806" lat="49.89213039783" lon="125.78540904859">
    <tag k="local_x" v="304723.8012"/>
    <tag k="local_y" v="2768101.1154"/>
    <tag k="ele" v="8.9"/>
  </node>
  <node id="10300005807" lat="49.892133183" lon="125.78541628548">
    <tag k="local_x" v="304724.3032"/>
    <tag k="local_y" v="2768101.4544"/>
    <tag k="ele" v="8.9"/>
  </node>
  <node id="10300005808" lat="49.8921352424" lon="125.78542245574">
    <tag k="local_x" v="304724.7332"/>
    <tag k="local_y" v="2768101.7084"/>
    <tag k="ele" v="8.9"/>
  </node>
  <node id="10300005809" lat="49.89213770365" lon="125.78542969204">
    <tag k="local_x" v="304725.2372"/>
    <tag k="local_y" v="2768102.0114"/>
    <tag k="ele" v="8.9"/>
  </node>
  <node id="103000058010" lat="49.89213916375" lon="125.78543429143">
    <tag k="local_x" v="304725.5582"/>
    <tag k="local_y" v="2768102.1924"/>
    <tag k="ele" v="8.9"/>
  </node>
  <node id="103000058011" lat="49.8921418556" lon="125.78544306761">
    <tag k="local_x" v="304726.1713"/>
    <tag k="local_y" v="2768102.5273"/>
    <tag k="ele" v="8.9"/>
  </node>
  <node id="103000058012" lat="49.89214428611" lon="125.78545138766">
    <tag k="local_x" v="304726.7533"/>
    <tag k="local_y" v="2768102.8313"/>
    <tag k="ele" v="8.9"/>
  </node>
  <node id="103000058013" lat="49.89214668653" lon="125.78546126508">
    <tag k="local_x" v="304727.4473"/>
    <tag k="local_y" v="2768103.1383"/>
    <tag k="ele" v="8.9"/>
  </node>
  <node id="103000058014" lat="49.892148322" lon="125.78546866564">
    <tag k="local_x" v="304727.9683"/>
    <tag k="local_y" v="2768103.3502"/>
    <tag k="ele" v="8.9"/>
  </node>
  <node id="103000058015" lat="49.89214980263" lon="125.78547638689">
    <tag k="local_x" v="304728.5133"/>
    <tag k="local_y" v="2768103.5462"/>
    <tag k="ele" v="8.9"/>
  </node>
  <node id="103000058016" lat="49.89215098638" lon="125.78548459742">
    <tag k="local_x" v="304729.0953"/>
    <tag k="local_y" v="2768103.7112"/>
    <tag k="ele" v="8.9"/>
  </node>
  <node id="10300001202" lat="49.89252097216" lon="125.78610425529">
    <tag k="local_x" v="304771.2493"/>
    <tag k="local_y" v="2768147.3526"/>
    <tag k="ele" v="8.9"/>
  </node>
  <node id="10300001203" lat="49.89251798164" lon="125.78610112321">
    <tag k="local_x" v="304771.0433"/>
    <tag k="local_y" v="2768147.0075"/>
    <tag k="ele" v="8.9"/>
  </node>
  <node id="10300001204" lat="49.89251485729" lon="125.7860982301">
    <tag k="local_x" v="304770.8553"/>
    <tag k="local_y" v="2768146.6485"/>
    <tag k="ele" v="8.9"/>
  </node>
  <node id="10300001205" lat="49.89251167291" lon="125.78609574679">
    <tag k="local_x" v="304770.6971"/>
    <tag k="local_y" v="2768146.2845"/>
    <tag k="ele" v="8.9"/>
  </node>
  <node id="10300001206" lat="49.89250755219" lon="125.78609327734">
    <tag k="local_x" v="304770.5458"/>
    <tag k="local_y" v="2768145.8165"/>
    <tag k="ele" v="8.9"/>
  </node>
  <node id="10300001207" lat="49.89250446255" lon="125.7860918916">
    <tag k="local_x" v="304770.4658"/>
    <tag k="local_y" v="2768145.4675"/>
    <tag k="ele" v="8.9"/>
  </node>
  <node id="10300001208" lat="49.89250215001" lon="125.78609090842">
    <tag k="local_x" v="304770.4098"/>
    <tag k="local_y" v="2768145.2065"/>
    <tag k="ele" v="8.9"/>
  </node>
  <node id="10300001209" lat="49.89249883887" lon="125.7860902136">
    <tag k="local_x" v="304770.3808"/>
    <tag k="local_y" v="2768144.8357"/>
    <tag k="ele" v="8.9"/>
  </node>
  <node id="103000012010" lat="49.89249461092" lon="125.78608946608">
    <tag k="local_x" v="304770.3538"/>
    <tag k="local_y" v="2768144.3628"/>
    <tag k="ele" v="8.9"/>
  </node>
  <node id="103000012011" lat="49.89248975923" lon="125.78608926272">
    <tag k="local_x" v="304770.3698"/>
    <tag k="local_y" v="2768143.8228"/>
    <tag k="ele" v="8.9"/>
  </node>
  <node id="103000012012" lat="49.89248574997" lon="125.78608939801">
    <tag k="local_x" v="304770.4048"/>
    <tag k="local_y" v="2768143.3778"/>
    <tag k="ele" v="8.9"/>
  </node>
  <node id="103000012013" lat="49.89248214388" lon="125.78609029303">
    <tag k="local_x" v="304770.4918"/>
    <tag k="local_y" v="2768142.9807"/>
    <tag k="ele" v="8.9"/>
  </node>
  <node id="103000012014" lat="49.89247833513" lon="125.78609136524">
    <tag k="local_x" v="304770.5928"/>
    <tag k="local_y" v="2768142.5618"/>
    <tag k="ele" v="8.9"/>
  </node>
  <node id="103000012015" lat="49.89247503272" lon="125.78609330374">
    <tag k="local_x" v="304770.7528"/>
    <tag k="local_y" v="2768142.2027"/>
    <tag k="ele" v="8.9"/>
  </node>
  <node id="103000012016" lat="49.89247216238" lon="125.78609464922">
    <tag k="local_x" v="304770.8675"/>
    <tag k="local_y" v="2768141.8892"/>
    <tag k="ele" v="8.9"/>
  </node>
  <node id="103000012017" lat="49.89246877059" lon="125.7860961049">
    <tag k="local_x" v="304770.9934"/>
    <tag k="local_y" v="2768141.5182"/>
    <tag k="ele" v="8.9"/>
  </node>
  <node id="103000012018" lat="49.89246498043" lon="125.78609743085">
    <tag k="local_x" v="304771.1125"/>
    <tag k="local_y" v="2768141.1024"/>
    <tag k="ele" v="8.9"/>
  </node>
  <node id="103000012019" lat="49.89246147128" lon="125.78609838174">
    <tag k="local_x" v="304771.2029"/>
    <tag k="local_y" v="2768140.7163"/>
    <tag k="ele" v="8.9"/>
  </node>
  <node id="103000012020" lat="49.89245748289" lon="125.78609917492">
    <tag k="local_x" v="304771.285"/>
    <tag k="local_y" v="2768140.2763"/>
    <tag k="ele" v="8.9"/>
  </node>
  <node id="103000012021" lat="49.89245330186" lon="125.78609982302">
    <tag k="local_x" v="304771.3579"/>
    <tag k="local_y" v="2768139.8143"/>
    <tag k="ele" v="8.9"/>
  </node>
  <node id="103000012022" lat="49.89244831725" lon="125.78610007878">
    <tag k="local_x" v="304771.4077"/>
    <tag k="local_y" v="2768139.2614"/>
    <tag k="ele" v="8.9"/>
  </node>
  <node id="103000012023" lat="49.89244415353" lon="125.7860999846">
    <tag k="local_x" v="304771.4272"/>
    <tag k="local_y" v="2768138.7983"/>
    <tag k="ele" v="8.9"/>
  </node>
  <node id="103000012024" lat="49.8924401191" lon="125.78609948113">
    <tag k="local_x" v="304771.4165"/>
    <tag k="local_y" v="2768138.3479"/>
    <tag k="ele" v="8.9"/>
  </node>
  <node id="103000012025" lat="49.89243624526" lon="125.78609850008">
    <tag k="local_x" v="304771.3705"/>
    <tag k="local_y" v="2768137.9134"/>
    <tag k="ele" v="8.9"/>
  </node>
  <node id="103000012026" lat="49.89243322308" lon="125.78609758132">
    <tag k="local_x" v="304771.3236"/>
    <tag k="local_y" v="2768137.5738"/>
    <tag k="ele" v="8.9"/>
  </node>
  <node id="103000012027" lat="49.89243184635" lon="125.78609721243">
    <tag k="local_x" v="304771.3058"/>
    <tag k="local_y" v="2768137.4193"/>
    <tag k="ele" v="8.9"/>
  </node>
  <node id="103000012028" lat="49.89243090838" lon="125.78609707432">
    <tag k="local_x" v="304771.3018"/>
    <tag k="local_y" v="2768137.3145"/>
    <tag k="ele" v="8.9"/>
  </node>
  <node id="10300004802" lat="49.89238882601" lon="125.78608822365">
    <tag k="local_x" v="304770.9318"/>
    <tag k="local_y" v="2768132.6018"/>
    <tag k="ele" v="8.9"/>
  </node>
  <node id="10300004803" lat="49.89239288319" lon="125.78608746856">
    <tag k="local_x" v="304770.852"/>
    <tag k="local_y" v="2768133.0496"/>
    <tag k="ele" v="8.9"/>
  </node>
  <node id="10300004804" lat="49.89239617017" lon="125.7860874481">
    <tag k="local_x" v="304770.8298"/>
    <tag k="local_y" v="2768133.4148"/>
    <tag k="ele" v="8.9"/>
  </node>
  <node id="10300004805" lat="49.89240007334" lon="125.786087752">
    <tag k="local_x" v="304770.827"/>
    <tag k="local_y" v="2768133.8498"/>
    <tag k="ele" v="8.9"/>
  </node>
  <node id="10300004806" lat="49.89240609277" lon="125.78608882125">
    <tag k="local_x" v="304770.8658"/>
    <tag k="local_y" v="2768134.5231"/>
    <tag k="ele" v="8.9"/>
  </node>
  <node id="10300004807" lat="49.89241132935" lon="125.78609023402">
    <tag k="local_x" v="304770.9342"/>
    <tag k="local_y" v="2768135.1108"/>
    <tag k="ele" v="8.9"/>
  </node>
  <node id="10300004808" lat="49.89241628683" lon="125.7860918716">
    <tag k="local_x" v="304771.0205"/>
    <tag k="local_y" v="2768135.6684"/>
    <tag k="ele" v="8.9"/>
  </node>
  <node id="10300004809" lat="49.89242268849" lon="125.78609397732">
    <tag k="local_x" v="304771.1313"/>
    <tag k="local_y" v="2768136.3884"/>
    <tag k="ele" v="8.9"/>
  </node>
  <node id="103000048010" lat="49.89242941511" lon="125.78609666873">
    <tag k="local_x" v="304771.2821"/>
    <tag k="local_y" v="2768137.1469"/>
    <tag k="ele" v="8.9"/>
  </node>
  <node id="10300000902" lat="49.89243312729" lon="125.78609771497">
    <tag k="local_x" v="304771.3338"/>
    <tag k="local_y" v="2768137.5637"/>
    <tag k="ele" v="8.9"/>
  </node>
  <node id="10300000903" lat="49.89244001149" lon="125.78610015837">
    <tag k="local_x" v="304771.4658"/>
    <tag k="local_y" v="2768138.3387"/>
    <tag k="ele" v="8.9"/>
  </node>
  <node id="10300000904" lat="49.89244430296" lon="125.78610214278">
    <tag k="local_x" v="304771.5812"/>
    <tag k="local_y" v="2768138.8237"/>
    <tag k="ele" v="8.9"/>
  </node>
  <node id="10300000905" lat="49.89244929608" lon="125.78610506634">
    <tag k="local_x" v="304771.7596"/>
    <tag k="local_y" v="2768139.3905"/>
    <tag k="ele" v="8.9"/>
  </node>
  <node id="10300000906" lat="49.89245330257" lon="125.78610942426">
    <tag k="local_x" v="304772.0472"/>
    <tag k="local_y" v="2768139.8535"/>
    <tag k="ele" v="8.9"/>
  </node>
  <node id="10300000907" lat="49.89245550102" lon="125.7861137891">
    <tag k="local_x" v="304772.3467"/>
    <tag k="local_y" v="2768140.1156"/>
    <tag k="ele" v="8.9"/>
  </node>
  <node id="10300000908" lat="49.89245729642" lon="125.78611839711">
    <tag k="local_x" v="304772.6662"/>
    <tag k="local_y" v="2768140.3339"/>
    <tag k="ele" v="8.9"/>
  </node>
  <node id="10300000909" lat="49.89245882189" lon="125.7861233728">
    <tag k="local_x" v="304773.0138"/>
    <tag k="local_y" v="2768140.5237"/>
    <tag k="ele" v="8.9"/>
  </node>
  <node id="103000009010" lat="49.89246018902" lon="125.78612881374">
    <tag k="local_x" v="304773.3958"/>
    <tag k="local_y" v="2768140.6978"/>
    <tag k="ele" v="8.9"/>
  </node>
  <node id="103000009011" lat="49.89246181226" lon="125.78613423957">
    <tag k="local_x" v="304773.7751"/>
    <tag k="local_y" v="2768140.9003"/>
    <tag k="ele" v="8.9"/>
  </node>
  <node id="103000009012" lat="49.89246377799" lon="125.7861393807">
    <tag k="local_x" v="304774.1318"/>
    <tag k="local_y" v="2768141.1397"/>
    <tag k="ele" v="8.9"/>
  </node>
  <node id="103000009013" lat="49.89246549891" lon="125.78614435128">
    <tag k="local_x" v="304774.4778"/>
    <tag k="local_y" v="2768141.3512"/>
    <tag k="ele" v="8.9"/>
  </node>
  <node id="103000009014" lat="49.89246776909" lon="125.78615017102">
    <tag k="local_x" v="304774.8813"/>
    <tag k="local_y" v="2768141.6272"/>
    <tag k="ele" v="8.9"/>
  </node>
  <node id="103000009015" lat="49.89246980149" lon="125.78615479428">
    <tag k="local_x" v="304775.2004"/>
    <tag k="local_y" v="2768141.8719"/>
    <tag k="ele" v="8.9"/>
  </node>
  <node id="103000009016" lat="49.89247212106" lon="125.78615899705">
    <tag k="local_x" v="304775.4875"/>
    <tag k="local_y" v="2768142.1468"/>
    <tag k="ele" v="8.9"/>
  </node>
  <node id="103000009017" lat="49.8924749358" lon="125.78616272655">
    <tag k="local_x" v="304775.7375"/>
    <tag k="local_y" v="2768142.4748"/>
    <tag k="ele" v="8.9"/>
  </node>
  <node id="103000009018" lat="49.89247798738" lon="125.78616564113">
    <tag k="local_x" v="304775.9275"/>
    <tag k="local_y" v="2768142.8258"/>
    <tag k="ele" v="8.9"/>
  </node>
  <node id="103000009019" lat="49.8924816064" lon="125.78616878664">
    <tag k="local_x" v="304776.1305"/>
    <tag k="local_y" v="2768143.2408"/>
    <tag k="ele" v="8.9"/>
  </node>
  <node id="103000009020" lat="49.89248460424" lon="125.78617095826">
    <tag k="local_x" v="304776.2675"/>
    <tag k="local_y" v="2768143.5828"/>
    <tag k="ele" v="8.9"/>
  </node>
  <node id="103000009021" lat="49.89248823115" lon="125.78617290658">
    <tag k="local_x" v="304776.3845"/>
    <tag k="local_y" v="2768143.9938"/>
    <tag k="ele" v="8.9"/>
  </node>
  <node id="103000009022" lat="49.89249205038" lon="125.78617427285">
    <tag k="local_x" v="304776.4585"/>
    <tag k="local_y" v="2768144.4238"/>
    <tag k="ele" v="8.9"/>
  </node>
  <node id="103000009023" lat="49.89249549473" lon="125.78617528582">
    <tag k="local_x" v="304776.5095"/>
    <tag k="local_y" v="2768144.8107"/>
    <tag k="ele" v="8.9"/>
  </node>
  <node id="103000009024" lat="49.892499067" lon="125.78617597573">
    <tag k="local_x" v="304776.5365"/>
    <tag k="local_y" v="2768145.2105"/>
    <tag k="ele" v="8.9"/>
  </node>
  <node id="103000009025" lat="49.89250169355" lon="125.78617624827">
    <tag k="local_x" v="304776.5395"/>
    <tag k="local_y" v="2768145.5035"/>
    <tag k="ele" v="8.9"/>
  </node>
  <node id="103000009026" lat="49.89250518747" lon="125.78617617914">
    <tag k="local_x" v="304776.5125"/>
    <tag k="local_y" v="2768145.8915"/>
    <tag k="ele" v="8.9"/>
  </node>
  <node id="103000009027" lat="49.89250782999" lon="125.78617577057">
    <tag k="local_x" v="304776.4665"/>
    <tag k="local_y" v="2768146.1835"/>
    <tag k="ele" v="8.9"/>
  </node>
  <node id="103000009028" lat="49.89251165045" lon="125.78617489439">
    <tag k="local_x" v="304776.3795"/>
    <tag k="local_y" v="2768146.6045"/>
    <tag k="ele" v="8.9"/>
  </node>
  <node id="103000009029" lat="49.89251444431" lon="125.78617403946">
    <tag k="local_x" v="304776.3005"/>
    <tag k="local_y" v="2768146.9115"/>
    <tag k="ele" v="8.9"/>
  </node>
  <node id="103000009030" lat="49.89251668665" lon="125.78617301071">
    <tag k="local_x" v="304776.2125"/>
    <tag k="local_y" v="2768147.1565"/>
    <tag k="ele" v="8.9"/>
  </node>
  <node id="103000009031" lat="49.89251949229" lon="125.78617109822">
    <tag k="local_x" v="304776.0575"/>
    <tag k="local_y" v="2768147.4605"/>
    <tag k="ele" v="8.9"/>
  </node>
  <node id="103000009032" lat="49.89252018985" lon="125.78617047977">
    <tag k="local_x" v="304776.0087"/>
    <tag k="local_y" v="2768147.5355"/>
    <tag k="ele" v="8.9"/>
  </node>
  <node id="10300001502" lat="49.8925213069" lon="125.78616948866">
    <tag k="local_x" v="304775.9305"/>
    <tag k="local_y" v="2768147.6556"/>
    <tag k="ele" v="8.9"/>
  </node>
  <node id="10300001503" lat="49.89252382659" lon="125.78616577929">
    <tag k="local_x" v="304775.6483"/>
    <tag k="local_y" v="2768147.9205"/>
    <tag k="ele" v="8.9"/>
  </node>
  <node id="10300001504" lat="49.89252608314" lon="125.78616104949">
    <tag k="local_x" v="304775.2945"/>
    <tag k="local_y" v="2768148.152"/>
    <tag k="ele" v="8.9"/>
  </node>
  <node id="10300001505" lat="49.89252827894" lon="125.78615478635">
    <tag k="local_x" v="304774.831"/>
    <tag k="local_y" v="2768148.3705"/>
    <tag k="ele" v="8.9"/>
  </node>
  <node id="10300001506" lat="49.89253005989" lon="125.78614739474">
    <tag k="local_x" v="304774.2891"/>
    <tag k="local_y" v="2768148.5383"/>
    <tag k="ele" v="8.9"/>
  </node>
  <node id="10300001507" lat="49.89253096571" lon="125.78613876457">
    <tag k="local_x" v="304773.6638"/>
    <tag k="local_y" v="2768148.6038"/>
    <tag k="ele" v="8.9"/>
  </node>
  <node id="10300001508" lat="49.89253085794" lon="125.78613144522">
    <tag k="local_x" v="304773.139"/>
    <tag k="local_y" v="2768148.562"/>
    <tag k="ele" v="8.9"/>
  </node>
  <node id="10300001509" lat="49.89253004086" lon="125.78612467224">
    <tag k="local_x" v="304772.6579"/>
    <tag k="local_y" v="2768148.4436"/>
    <tag k="ele" v="8.9"/>
  </node>
  <node id="103000015010" lat="49.89252876528" lon="125.78611837853">
    <tag k="local_x" v="304772.2141"/>
    <tag k="local_y" v="2768148.2762"/>
    <tag k="ele" v="8.9"/>
  </node>
  <node id="103000015011" lat="49.89252657584" lon="125.78611241823">
    <tag k="local_x" v="304771.8"/>
    <tag k="local_y" v="2768148.0086"/>
    <tag k="ele" v="8.9"/>
  </node>
  <node id="103000015012" lat="49.89252379403" lon="125.78610779041">
    <tag k="local_x" v="304771.4853"/>
    <tag k="local_y" v="2768147.6806"/>
    <tag k="ele" v="8.9"/>
  </node>
  <node id="10300007002" lat="49.89238995588" lon="125.78610354716">
    <tag k="local_x" v="304772.0248"/>
    <tag k="local_y" v="2768132.7898"/>
    <tag k="ele" v="8.9"/>
  </node>
  <node id="10300007003" lat="49.89239541278" lon="125.78610275485">
    <tag k="local_x" v="304771.9335"/>
    <tag k="local_y" v="2768133.393"/>
    <tag k="ele" v="8.9"/>
  </node>
  <node id="10300007004" lat="49.89240106375" lon="125.78610246153">
    <tag k="local_x" v="304771.8768"/>
    <tag k="local_y" v="2768134.0198"/>
    <tag k="ele" v="8.9"/>
  </node>
  <node id="10300007005" lat="49.8924074135" lon="125.78610357791">
    <tag k="local_x" v="304771.9169"/>
    <tag k="local_y" v="2768134.73"/>
    <tag k="ele" v="8.9"/>
  </node>
  <node id="10300007006" lat="49.89241395886" lon="125.78610564192">
    <tag k="local_x" v="304772.0238"/>
    <tag k="local_y" v="2768135.4658"/>
    <tag k="ele" v="8.9"/>
  </node>
  <node id="10300007007" lat="49.89242198071" lon="125.78610893742">
    <tag k="local_x" v="304772.2098"/>
    <tag k="local_y" v="2768136.3707"/>
    <tag k="ele" v="8.9"/>
  </node>
  <node id="10300007008" lat="49.89242915427" lon="125.78611210269">
    <tag k="local_x" v="304772.3918"/>
    <tag k="local_y" v="2768137.1808"/>
    <tag k="ele" v="8.9"/>
  </node>
  <node id="10300001002" lat="49.89243627286" lon="125.78611625207">
    <tag k="local_x" v="304772.6448"/>
    <tag k="local_y" v="2768137.9888"/>
    <tag k="ele" v="8.9"/>
  </node>
  <node id="10300001003" lat="49.89244316128" lon="125.78612226164">
    <tag k="local_x" v="304773.0328"/>
    <tag k="local_y" v="2768138.7788"/>
    <tag k="ele" v="8.9"/>
  </node>
  <node id="10300001004" lat="49.89244976056" lon="125.78612903975">
    <tag k="local_x" v="304773.4778"/>
    <tag k="local_y" v="2768139.5398"/>
    <tag k="ele" v="8.9"/>
  </node>
  <node id="10300001005" lat="49.89245565937" lon="125.78613698206">
    <tag k="local_x" v="304774.0108"/>
    <tag k="local_y" v="2768140.2277"/>
    <tag k="ele" v="8.9"/>
  </node>
  <node id="10300001006" lat="49.89245991549" lon="125.78614486364">
    <tag k="local_x" v="304774.5498"/>
    <tag k="local_y" v="2768140.7328"/>
    <tag k="ele" v="8.9"/>
  </node>
  <node id="10300001007" lat="49.89246395515" lon="125.78615428067">
    <tag k="local_x" v="304775.2004"/>
    <tag k="local_y" v="2768141.2201"/>
    <tag k="ele" v="8.9"/>
  </node>
  <node id="10300001008" lat="49.89246760223" lon="125.78616392507">
    <tag k="local_x" v="304775.8698"/>
    <tag k="local_y" v="2768141.6647"/>
    <tag k="ele" v="8.9"/>
  </node>
  <node id="10300001009" lat="49.89246998229" lon="125.78616846605">
    <tag k="local_x" v="304776.1808"/>
    <tag k="local_y" v="2768141.9477"/>
    <tag k="ele" v="8.9"/>
  </node>
  <node id="103000010010" lat="49.89247207479" lon="125.78617127826">
    <tag k="local_x" v="304776.3695"/>
    <tag k="local_y" v="2768142.1917"/>
    <tag k="ele" v="8.9"/>
  </node>
  <node id="103000010011" lat="49.89247463121" lon="125.78617395433">
    <tag k="local_x" v="304776.5455"/>
    <tag k="local_y" v="2768142.4867"/>
    <tag k="ele" v="8.9"/>
  </node>
  <node id="103000010012" lat="49.89247790462" lon="125.78617717534">
    <tag k="local_x" v="304776.7561"/>
    <tag k="local_y" v="2768142.8636"/>
    <tag k="ele" v="8.9"/>
  </node>
  <node id="103000010013" lat="49.89248272471" lon="125.78618047372">
    <tag k="local_x" v="304776.9625"/>
    <tag k="local_y" v="2768143.4127"/>
    <tag k="ele" v="8.9"/>
  </node>
  <node id="103000010014" lat="49.89248753432" lon="125.78618302738">
    <tag k="local_x" v="304777.1155"/>
    <tag k="local_y" v="2768143.9576"/>
    <tag k="ele" v="8.9"/>
  </node>
  <node id="103000010015" lat="49.89249238066" lon="125.78618487389">
    <tag k="local_x" v="304777.2175"/>
    <tag k="local_y" v="2768144.5037"/>
    <tag k="ele" v="8.9"/>
  </node>
  <node id="103000010016" lat="49.89249664624" lon="125.78618606766">
    <tag k="local_x" v="304777.2763"/>
    <tag k="local_y" v="2768144.9826"/>
    <tag k="ele" v="8.9"/>
  </node>
  <node id="103000010017" lat="49.89250097081" lon="125.78618675681">
    <tag k="local_x" v="304777.2985"/>
    <tag k="local_y" v="2768145.466"/>
    <tag k="ele" v="8.9"/>
  </node>
  <node id="103000010018" lat="49.89250516884" lon="125.78618674954">
    <tag k="local_x" v="304777.2715"/>
    <tag k="local_y" v="2768145.9325"/>
    <tag k="ele" v="8.9"/>
  </node>
  <node id="103000010019" lat="49.8925080202" lon="125.78618628967">
    <tag k="local_x" v="304777.2205"/>
    <tag k="local_y" v="2768146.2475"/>
    <tag k="ele" v="8.9"/>
  </node>
  <node id="103000010020" lat="49.89251128424" lon="125.78618512782">
    <tag k="local_x" v="304777.1165"/>
    <tag k="local_y" v="2768146.6055"/>
    <tag k="ele" v="8.9"/>
  </node>
  <node id="103000010021" lat="49.89251453441" lon="125.78618385332">
    <tag k="local_x" v="304777.0045"/>
    <tag k="local_y" v="2768146.9615"/>
    <tag k="ele" v="8.9"/>
  </node>
  <node id="103000010022" lat="49.89251940934" lon="125.78618170475">
    <tag k="local_x" v="304776.8195"/>
    <tag k="local_y" v="2768147.4945"/>
    <tag k="ele" v="8.9"/>
  </node>
  <node id="103000010023" lat="49.89252221174" lon="125.78618012626">
    <tag k="local_x" v="304776.6885"/>
    <tag k="local_y" v="2768147.7995"/>
    <tag k="ele" v="8.9"/>
  </node>
  <node id="10300001302" lat="49.89252134045" lon="125.78616960444">
    <tag k="local_x" v="304775.9386"/>
    <tag k="local_y" v="2768147.6598"/>
    <tag k="ele" v="8.9"/>
  </node>
  <node id="10300001303" lat="49.89252398245" lon="125.78616587238">
    <tag k="local_x" v="304775.654"/>
    <tag k="local_y" v="2768147.9382"/>
    <tag k="ele" v="8.9"/>
  </node>
  <node id="10300001304" lat="49.89252760574" lon="125.7861607041">
    <tag k="local_x" v="304775.2601"/>
    <tag k="local_y" v="2768148.3198"/>
    <tag k="ele" v="8.9"/>
  </node>
  <node id="10300001305" lat="49.89253226764" lon="125.78615545713">
    <tag k="local_x" v="304774.854"/>
    <tag k="local_y" v="2768148.8165"/>
    <tag k="ele" v="8.9"/>
  </node>
  <node id="10300001306" lat="49.89253761073" lon="125.78615084806">
    <tag k="local_x" v="304774.4894"/>
    <tag k="local_y" v="2768149.3915"/>
    <tag k="ele" v="8.9"/>
  </node>
  <node id="10300001307" lat="49.89254333419" lon="125.78614830742">
    <tag k="local_x" v="304774.2709"/>
    <tag k="local_y" v="2768150.0172"/>
    <tag k="ele" v="8.9"/>
  </node>
  <node id="10300001308" lat="49.89255026761" lon="125.78614798469">
    <tag k="local_x" v="304774.204"/>
    <tag k="local_y" v="2768150.7864"/>
    <tag k="ele" v="8.9"/>
  </node>
  <node id="10300001309" lat="49.89255757536" lon="125.78614950283">
    <tag k="local_x" v="304774.2669"/>
    <tag k="local_y" v="2768151.6047"/>
    <tag k="ele" v="8.9"/>
  </node>
  <node id="103000013010" lat="49.89256187992" lon="125.78615125299">
    <tag k="local_x" v="304774.3654"/>
    <tag k="local_y" v="2768152.0902"/>
    <tag k="ele" v="8.9"/>
  </node>
  <node id="103000013011" lat="49.89256451612" lon="125.78615239136">
    <tag k="local_x" v="304774.4305"/>
    <tag k="local_y" v="2768152.3878"/>
    <tag k="ele" v="8.9"/>
  </node>
  <node id="103000013012" lat="49.89256640219" lon="125.78615322565">
    <tag k="local_x" v="304774.4785"/>
    <tag k="local_y" v="2768152.6008"/>
    <tag k="ele" v="8.9"/>
  </node>
  <node id="10300000802" lat="49.89252481661" lon="125.78617878115">
    <tag k="local_x" v="304776.5755"/>
    <tag k="local_y" v="2768148.0835"/>
    <tag k="ele" v="8.9"/>
  </node>
  <node id="10300000803" lat="49.89252830476" lon="125.78617715147">
    <tag k="local_x" v="304776.4365"/>
    <tag k="local_y" v="2768148.4645"/>
    <tag k="ele" v="8.9"/>
  </node>
  <node id="10300000804" lat="49.89253650109" lon="125.78617365109">
    <tag k="local_x" v="304776.1335"/>
    <tag k="local_y" v="2768149.3611"/>
    <tag k="ele" v="8.9"/>
  </node>
  <node id="10300000805" lat="49.89254448042" lon="125.78617120974">
    <tag k="local_x" v="304775.9079"/>
    <tag k="local_y" v="2768150.2379"/>
    <tag k="ele" v="8.9"/>
  </node>
  <node id="10300000806" lat="49.89255210132" lon="125.78616983171">
    <tag k="local_x" v="304775.7609"/>
    <tag k="local_y" v="2768151.0792"/>
    <tag k="ele" v="8.9"/>
  </node>
  <node id="10300000807" lat="49.89255753692" lon="125.78616920329">
    <tag k="local_x" v="304775.6815"/>
    <tag k="local_y" v="2768151.6807"/>
    <tag k="ele" v="8.9"/>
  </node>
  <node id="10300000808" lat="49.89256131532" lon="125.7861692288">
    <tag k="local_x" v="304775.6595"/>
    <tag k="local_y" v="2768152.1007"/>
    <tag k="ele" v="8.9"/>
  </node>
  <node id="10900001001" lat="49.89223552446" lon="125.78518326858">
    <tag k="local_x" v="304706.9287"/>
    <tag k="local_y" v="2768111.8784"/>
    <tag k="ele" v="8.9"/>
  </node>
  <node id="10900001002" lat="49.89223269114" lon="125.78518380113">
    <tag k="local_x" v="304706.9848"/>
    <tag k="local_y" v="2768111.5657"/>
    <tag k="ele" v="8.9"/>
  </node>
  <node id="10900001003" lat="49.89222942565" lon="125.78518379986">
    <tag k="local_x" v="304707.0053"/>
    <tag k="local_y" v="2768111.2028"/>
    <tag k="ele" v="8.9"/>
  </node>
  <node id="10900001004" lat="49.89222657272" lon="125.78518253526">
    <tag k="local_x" v="304706.9325"/>
    <tag k="local_y" v="2768110.8806"/>
    <tag k="ele" v="8.9"/>
  </node>
  <node id="10900001005" lat="49.89222422223" lon="125.78518079525">
    <tag k="local_x" v="304706.8224"/>
    <tag k="local_y" v="2768110.6123"/>
    <tag k="ele" v="8.9"/>
  </node>
  <node id="10900001006" lat="49.89222070589" lon="125.78517673816">
    <tag k="local_x" v="304706.5533"/>
    <tag k="local_y" v="2768110.205"/>
    <tag k="ele" v="8.9"/>
  </node>
  <node id="10900001007" lat="49.8922190515" lon="125.78517385445">
    <tag k="local_x" v="304706.3567"/>
    <tag k="local_y" v="2768110.0094"/>
    <tag k="ele" v="8.9"/>
  </node>
  <node id="10900001008" lat="49.89221730742" lon="125.78516993213">
    <tag k="local_x" v="304706.0861"/>
    <tag k="local_y" v="2768109.7996"/>
    <tag k="ele" v="8.9"/>
  </node>
  <node id="109000010021" lat="49.89224157522" lon="125.78511907003">
    <tag k="local_x" v="304702.2815"/>
    <tag k="local_y" v="2768112.2893"/>
    <tag k="ele" v="8.9"/>
  </node>
  <node id="109000010022" lat="49.89224667696" lon="125.78511772966">
    <tag k="local_x" v="304702.1531"/>
    <tag k="local_y" v="2768112.8508"/>
    <tag k="ele" v="8.9"/>
  </node>
  <node id="109000010023" lat="49.89225217563" lon="125.78511751617">
    <tag k="local_x" v="304702.1031"/>
    <tag k="local_y" v="2768113.461"/>
    <tag k="ele" v="8.9"/>
  </node>
  <node id="109000010024" lat="49.89225596631" lon="125.78511843411">
    <tag k="local_x" v="304702.1451"/>
    <tag k="local_y" v="2768113.886"/>
    <tag k="ele" v="8.9"/>
  </node>
  <node id="109000010025" lat="49.8922589015" lon="125.78512108767">
    <tag k="local_x" v="304702.3171"/>
    <tag k="local_y" v="2768114.223"/>
    <tag k="ele" v="8.9"/>
  </node>
  <node id="109000010026" lat="49.89226097098" lon="125.78512452878">
    <tag k="local_x" v="304702.5511"/>
    <tag k="local_y" v="2768114.467"/>
    <tag k="ele" v="8.9"/>
  </node>
  <node id="10900001101" lat="49.89219017219" lon="125.78561440848">
    <tag k="local_x" v="304738.1678"/>
    <tag k="local_y" v="2768108.5948"/>
    <tag k="ele" v="8.9"/>
  </node>
  <node id="10900001102" lat="49.89218607669" lon="125.78561341079">
    <tag k="local_x" v="304738.122"/>
    <tag k="local_y" v="2768108.1356"/>
    <tag k="ele" v="8.9"/>
  </node>
  <node id="10900001103" lat="49.89218255932" lon="125.78561117408">
    <tag k="local_x" v="304737.9836"/>
    <tag k="local_y" v="2768107.7356"/>
    <tag k="ele" v="8.9"/>
  </node>
  <node id="10900001104" lat="49.89217954614" lon="125.78560775174">
    <tag k="local_x" v="304737.7569"/>
    <tag k="local_y" v="2768107.3868"/>
    <tag k="ele" v="8.9"/>
  </node>
  <node id="10900001105" lat="49.89217682001" lon="125.78560327374">
    <tag k="local_x" v="304737.4526"/>
    <tag k="local_y" v="2768107.0656"/>
    <tag k="ele" v="8.9"/>
  </node>
  <node id="10900001106" lat="49.89217486754" lon="125.78559816309">
    <tag k="local_x" v="304737.098"/>
    <tag k="local_y" v="2768106.8278"/>
    <tag k="ele" v="8.9"/>
  </node>
  <node id="109000012025" lat="49.89218449682" lon="125.78569754405">
    <tag k="local_x" v="304744.1722"/>
    <tag k="local_y" v="2768108.3028"/>
    <tag k="ele" v="8.9"/>
  </node>
  <node id="109000012026" lat="49.89218543812" lon="125.78568868166">
    <tag k="local_x" v="304743.53"/>
    <tag k="local_y" v="2768108.3713"/>
    <tag k="ele" v="8.9"/>
  </node>
  <node id="109000012027" lat="49.89218625369" lon="125.78568312607">
    <tag k="local_x" v="304743.126"/>
    <tag k="local_y" v="2768108.4393"/>
    <tag k="ele" v="8.9"/>
  </node>
  <node id="109000012028" lat="49.89218739788" lon="125.78567793363">
    <tag k="local_x" v="304742.746"/>
    <tag k="local_y" v="2768108.5453"/>
    <tag k="ele" v="8.9"/>
  </node>
  <node id="109000012029" lat="49.89218900308" lon="125.78567216882">
    <tag k="local_x" v="304742.322"/>
    <tag k="local_y" v="2768108.7002"/>
    <tag k="ele" v="8.9"/>
  </node>
  <node id="109000012030" lat="49.89219075079" lon="125.78566759769">
    <tag k="local_x" v="304741.9828"/>
    <tag k="local_y" v="2768108.8758"/>
    <tag k="ele" v="8.9"/>
  </node>
  <node id="109000012031" lat="49.89219347565" lon="125.78566248839">
    <tag k="local_x" v="304741.5988"/>
    <tag k="local_y" v="2768109.1578"/>
    <tag k="ele" v="8.9"/>
  </node>
  <node id="109000012032" lat="49.89219527868" lon="125.78565920635">
    <tag k="local_x" v="304741.3518"/>
    <tag k="local_y" v="2768109.3448"/>
    <tag k="ele" v="8.9"/>
  </node>
  <node id="109000012033" lat="49.89219744399" lon="125.78565659687">
    <tag k="local_x" v="304741.1508"/>
    <tag k="local_y" v="2768109.5748"/>
    <tag k="ele" v="8.9"/>
  </node>
  <node id="109000012034" lat="49.892200314" lon="125.78565391">
    <tag k="local_x" v="304740.9398"/>
    <tag k="local_y" v="2768109.8828"/>
    <tag k="ele" v="8.9"/>
  </node>
  <node id="10900001301" lat="49.8922729813" lon="125.78593418968">
    <tag k="local_x" v="304760.6038"/>
    <tag k="local_y" v="2768119.1003"/>
    <tag k="ele" v="8.9"/>
  </node>
  <node id="10900001302" lat="49.89226674561" lon="125.78594466377">
    <tag k="local_x" v="304761.3951"/>
    <tag k="local_y" v="2768118.45"/>
    <tag k="ele" v="8.9"/>
  </node>
  <node id="10900001303" lat="49.89226266993" lon="125.78595009594">
    <tag k="local_x" v="304761.8108"/>
    <tag k="local_y" v="2768118.0192"/>
    <tag k="ele" v="8.9"/>
  </node>
  <node id="10900001304" lat="49.89225811415" lon="125.78595448585">
    <tag k="local_x" v="304762.1547"/>
    <tag k="local_y" v="2768117.5308"/>
    <tag k="ele" v="8.9"/>
  </node>
  <node id="10900001305" lat="49.89225400243" lon="125.78595694941">
    <tag k="local_x" v="304762.3575"/>
    <tag k="local_y" v="2768117.0839"/>
    <tag k="ele" v="8.9"/>
  </node>
  <node id="10900001401" lat="49.89239037799" lon="125.78604599257">
    <tag k="local_x" v="304767.8901"/>
    <tag k="local_y" v="2768132.6022"/>
    <tag k="ele" v="8.9"/>
  </node>
  <node id="10900001402" lat="49.89238639135" lon="125.78605498443">
    <tag k="local_x" v="304768.5608"/>
    <tag k="local_y" v="2768132.1958"/>
    <tag k="ele" v="8.9"/>
  </node>
  <node id="10900001403" lat="49.89238358362" lon="125.78606063525">
    <tag k="local_x" v="304768.9842"/>
    <tag k="local_y" v="2768131.9068"/>
    <tag k="ele" v="8.9"/>
  </node>
  <node id="10900001502" lat="49.89238208747" lon="125.78606364617">
    <tag k="local_x" v="304769.2098"/>
    <tag k="local_y" v="2768131.7528"/>
    <tag k="ele" v="8.9"/>
  </node>
  <node id="10900001503" lat="49.89237766391" lon="125.78606919125">
    <tag k="local_x" v="304769.6358"/>
    <tag k="local_y" v="2768131.2838"/>
    <tag k="ele" v="8.9"/>
  </node>
  <node id="109000016016" lat="49.8924723501" lon="125.78609581206">
    <tag k="local_x" v="304770.9498"/>
    <tag k="local_y" v="2768141.9148"/>
    <tag k="ele" v="8.9"/>
  </node>
  <node id="109000016017" lat="49.89247007951" lon="125.786098078">
    <tag k="local_x" v="304771.1268"/>
    <tag k="local_y" v="2768141.6717"/>
    <tag k="ele" v="8.9"/>
  </node>
  <node id="109000016018" lat="49.8924678614" lon="125.78610117035">
    <tag k="local_x" v="304771.3628"/>
    <tag k="local_y" v="2768141.4378"/>
    <tag k="ele" v="8.9"/>
  </node>
  <node id="109000016019" lat="49.89246616204" lon="125.78610454507">
    <tag k="local_x" v="304771.6158"/>
    <tag k="local_y" v="2768141.2627"/>
    <tag k="ele" v="8.9"/>
  </node>
  <node id="109000016020" lat="49.89246427432" lon="125.78610893397">
    <tag k="local_x" v="304771.9428"/>
    <tag k="local_y" v="2768141.0708"/>
    <tag k="ele" v="8.9"/>
  </node>
  <node id="109000016021" lat="49.89246284689" lon="125.78611497907">
    <tag k="local_x" v="304772.3858"/>
    <tag k="local_y" v="2768140.9368"/>
    <tag k="ele" v="8.9"/>
  </node>
  <node id="109000016022" lat="49.8924621507" lon="125.78612145055">
    <tag k="local_x" v="304772.8548"/>
    <tag k="local_y" v="2768140.8858"/>
    <tag k="ele" v="8.9"/>
  </node>
  <node id="109000016023" lat="49.8924620533" lon="125.78612754285">
    <tag k="local_x" v="304773.2928"/>
    <tag k="local_y" v="2768140.8998"/>
    <tag k="ele" v="8.9"/>
  </node>
  <node id="109000016024" lat="49.89246259458" lon="125.78613388626">
    <tag k="local_x" v="304773.7448"/>
    <tag k="local_y" v="2768140.9858"/>
    <tag k="ele" v="8.9"/>
  </node>
  <node id="10900001807" lat="49.89270681769" lon="125.78602566475">
    <tag k="local_x" v="304764.4349"/>
    <tag k="local_y" v="2768167.6855"/>
    <tag k="ele" v="8.9"/>
  </node>
  <node id="10900001808" lat="49.89270349665" lon="125.78602732584">
    <tag k="local_x" v="304764.5751"/>
    <tag k="local_y" v="2768167.3232"/>
    <tag k="ele" v="8.9"/>
  </node>
  <node id="10900001809" lat="49.89270097023" lon="125.78602815134">
    <tag k="local_x" v="304764.6503"/>
    <tag k="local_y" v="2768167.0458"/>
    <tag k="ele" v="8.9"/>
  </node>
  <node id="109000018010" lat="49.89269803479" lon="125.78602854813">
    <tag k="local_x" v="304764.6973"/>
    <tag k="local_y" v="2768166.7212"/>
    <tag k="ele" v="8.9"/>
  </node>
  <node id="109000018011" lat="49.89269499124" lon="125.78602813867">
    <tag k="local_x" v="304764.6871"/>
    <tag k="local_y" v="2768166.3813"/>
    <tag k="ele" v="8.9"/>
  </node>
  <node id="109000018012" lat="49.89269178751" lon="125.78602677216">
    <tag k="local_x" v="304764.6092"/>
    <tag k="local_y" v="2768166.0197"/>
    <tag k="ele" v="8.9"/>
  </node>
  <node id="109000018013" lat="49.8926892173" lon="125.78602459492">
    <tag k="local_x" v="304764.4691"/>
    <tag k="local_y" v="2768165.7252"/>
    <tag k="ele" v="8.9"/>
  </node>
  <node id="109000018014" lat="49.89268717057" lon="125.7860220068">
    <tag k="local_x" v="304764.2962"/>
    <tag k="local_y" v="2768165.4872"/>
    <tag k="ele" v="8.9"/>
  </node>
  <node id="109000018015" lat="49.89268551012" lon="125.78601946097">
    <tag k="local_x" v="304764.1239"/>
    <tag k="local_y" v="2768165.2923"/>
    <tag k="ele" v="8.9"/>
  </node>
  <node id="10900001901" lat="49.89267996681" lon="125.78602560416">
    <tag k="local_x" v="304764.5999"/>
    <tag k="local_y" v="2768164.7013"/>
    <tag k="ele" v="8.9"/>
  </node>
  <node id="10900001902" lat="49.8926815751" lon="125.78603543861">
    <tag k="local_x" v="304765.2958"/>
    <tag k="local_y" v="2768164.9201"/>
    <tag k="ele" v="8.9"/>
  </node>
  <node id="10900001903" lat="49.89268283868" lon="125.78605121411">
    <tag k="local_x" v="304766.4204"/>
    <tag k="local_y" v="2768165.1248"/>
    <tag k="ele" v="8.9"/>
  </node>
  <node id="10900001904" lat="49.89268293371" lon="125.78606567931">
    <tag k="local_x" v="304767.4583"/>
    <tag k="local_y" v="2768165.1943"/>
    <tag k="ele" v="8.9"/>
  </node>
  <node id="10900001905" lat="49.89268237239" lon="125.7860783137">
    <tag k="local_x" v="304768.3689"/>
    <tag k="local_y" v="2768165.1834"/>
    <tag k="ele" v="8.9"/>
  </node>
  <node id="10900001906" lat="49.89268127421" lon="125.78608752733">
    <tag k="local_x" v="304769.0373"/>
    <tag k="local_y" v="2768165.0989"/>
    <tag k="ele" v="8.9"/>
  </node>
  <node id="10900002004" lat="49.8926511954" lon="125.78614126919">
    <tag k="local_x" v="304773.0853"/>
    <tag k="local_y" v="2768161.9752"/>
    <tag k="ele" v="8.9"/>
  </node>
  <node id="10900002005" lat="49.89264795966" lon="125.78613805149">
    <tag k="local_x" v="304772.8747"/>
    <tag k="local_y" v="2768161.6025"/>
    <tag k="ele" v="8.9"/>
  </node>
  <node id="10900002006" lat="49.89264304648" lon="125.78613010101">
    <tag k="local_x" v="304772.3349"/>
    <tag k="local_y" v="2768161.0241"/>
    <tag k="ele" v="8.9"/>
  </node>
  <node id="10900002007" lat="49.89263835929" lon="125.78611912831">
    <tag k="local_x" v="304771.5767"/>
    <tag k="local_y" v="2768160.4585"/>
    <tag k="ele" v="8.9"/>
  </node>
  <node id="109000025011" lat="49.89258039813" lon="125.78626484748">
    <tag k="local_x" v="304782.4039"/>
    <tag k="local_y" v="2768154.611"/>
    <tag k="ele" v="8.9"/>
  </node>
  <node id="109000025012" lat="49.89257227628" lon="125.78626354334">
    <tag k="local_x" v="304782.3615"/>
    <tag k="local_y" v="2768153.7031"/>
    <tag k="ele" v="8.9"/>
  </node>
  <node id="109000025013" lat="49.89256350822" lon="125.78626148181">
    <tag k="local_x" v="304782.2688"/>
    <tag k="local_y" v="2768152.7203"/>
    <tag k="ele" v="8.9"/>
  </node>
  <node id="10900002702" lat="49.89236894096" lon="125.7861254636">
    <tag k="local_x" v="304773.7308"/>
    <tag k="local_y" v="2768130.5437"/>
    <tag k="ele" v="8.9"/>
  </node>
  <node id="10900002703" lat="49.8923743775" lon="125.78611612137">
    <tag k="local_x" v="304773.0258"/>
    <tag k="local_y" v="2768131.1098"/>
    <tag k="ele" v="8.9"/>
  </node>
  <node id="10900002704" lat="49.89238116193" lon="125.78610842554">
    <tag k="local_x" v="304772.4305"/>
    <tag k="local_y" v="2768131.8324"/>
    <tag k="ele" v="8.9"/>
  </node>
  <node id="10900002705" lat="49.89238543888" lon="125.78610552938">
    <tag k="local_x" v="304772.1956"/>
    <tag k="local_y" v="2768132.2959"/>
    <tag k="ele" v="8.9"/>
  </node>
  <node id="10900002801" lat="49.89223681059" lon="125.7853567368">
    <tag k="local_x" v="304719.3745"/>
    <tag k="local_y" v="2768112.728"/>
    <tag k="ele" v="8.9"/>
  </node>
  <node id="10900002802" lat="49.89223285759" lon="125.78535393811">
    <tag k="local_x" v="304719.1985"/>
    <tag k="local_y" v="2768112.2773"/>
    <tag k="ele" v="8.9"/>
  </node>
  <node id="10900002803" lat="49.89222852945" lon="125.78535074433">
    <tag k="local_x" v="304718.9965"/>
    <tag k="local_y" v="2768111.7833"/>
    <tag k="ele" v="8.9"/>
  </node>
  <node id="10900002804" lat="49.89222486238" lon="125.78534667538">
    <tag k="local_x" v="304718.7275"/>
    <tag k="local_y" v="2768111.3592"/>
    <tag k="ele" v="8.9"/>
  </node>
  <node id="10900002805" lat="49.89222192275" lon="125.78534122173">
    <tag k="local_x" v="304718.3545"/>
    <tag k="local_y" v="2768111.0103"/>
    <tag k="ele" v="8.9"/>
  </node>
  <node id="10900002806" lat="49.89221871182" lon="125.78533357136">
    <tag k="local_x" v="304717.8255"/>
    <tag k="local_y" v="2768110.6223"/>
    <tag k="ele" v="8.9"/>
  </node>
  <node id="10900002807" lat="49.89221735948" lon="125.78532860953">
    <tag k="local_x" v="304717.4778"/>
    <tag k="local_y" v="2768110.4518"/>
    <tag k="ele" v="8.9"/>
  </node>
  <node id="10900002808" lat="49.89221646565" lon="125.78532164601">
    <tag k="local_x" v="304716.9835"/>
    <tag k="local_y" v="2768110.3241"/>
    <tag k="ele" v="8.9"/>
  </node>
  <node id="10900002809" lat="49.89221625467" lon="125.78531191213">
    <tag k="local_x" v="304716.286"/>
    <tag k="local_y" v="2768110.261"/>
    <tag k="ele" v="8.9"/>
  </node>
  <node id="109000028013" lat="49.89222515844" lon="125.78526375531">
    <tag k="local_x" v="304712.7725"/>
    <tag k="local_y" v="2768111.0543"/>
    <tag k="ele" v="8.9"/>
  </node>
  <node id="109000028014" lat="49.89223051592" lon="125.7852477063">
    <tag k="local_x" v="304711.5865"/>
    <tag k="local_y" v="2768111.5843"/>
    <tag k="ele" v="8.9"/>
  </node>
  <node id="109000028015" lat="49.89223450739" lon="125.78523968567">
    <tag k="local_x" v="304710.9855"/>
    <tag k="local_y" v="2768111.9952"/>
    <tag k="ele" v="8.9"/>
  </node>
  <node id="109000028016" lat="49.8922384544" lon="125.78523415438">
    <tag k="local_x" v="304710.5635"/>
    <tag k="local_y" v="2768112.4113"/>
    <tag k="ele" v="8.9"/>
  </node>
  <node id="109000028017" lat="49.89224282097" lon="125.7852298439">
    <tag k="local_x" v="304710.2265"/>
    <tag k="local_y" v="2768112.879"/>
    <tag k="ele" v="8.9"/>
  </node>
  <node id="109000028018" lat="49.89224772223" lon="125.78522648575">
    <tag k="local_x" v="304709.9545"/>
    <tag k="local_y" v="2768113.41"/>
    <tag k="ele" v="8.9"/>
  </node>
  <node id="10900002901" lat="49.8925612101" lon="125.7863001569">
    <tag k="local_x" v="304785.0599"/>
    <tag k="local_y" v="2768152.6225"/>
    <tag k="ele" v="8.9"/>
  </node>
  <node id="10900002902" lat="49.89256960145" lon="125.78631730239">
    <tag k="local_x" v="304786.2379"/>
    <tag k="local_y" v="2768153.6249"/>
    <tag k="ele" v="8.9"/>
  </node>
  <node id="10900002905" lat="49.89258341063" lon="125.78634929853">
    <tag k="local_x" v="304788.4479"/>
    <tag k="local_y" v="2768155.2899"/>
    <tag k="ele" v="8.9"/>
  </node>
  <node id="10900002906" lat="49.89258507546" lon="125.78635454696">
    <tag k="local_x" v="304788.8142"/>
    <tag k="local_y" v="2768155.4963"/>
    <tag k="ele" v="8.9"/>
  </node>
  <node id="10900000301" lat="49.89250189017" lon="125.78620548976">
    <tag k="local_x" v="304778.6376"/>
    <tag k="local_y" v="2768145.6445"/>
    <tag k="ele" v="8.9"/>
  </node>
  <node id="10900000302" lat="49.89250275681" lon="125.78620229679">
    <tag k="local_x" v="304778.4029"/>
    <tag k="local_y" v="2768145.7278"/>
    <tag k="ele" v="8.9"/>
  </node>
  <node id="10900000303" lat="49.89250396087" lon="125.78619957082">
    <tag k="local_x" v="304778.1996"/>
    <tag k="local_y" v="2768145.8505"/>
    <tag k="ele" v="8.9"/>
  </node>
  <node id="10900000304" lat="49.89250586602" lon="125.78619571274">
    <tag k="local_x" v="304777.9106"/>
    <tag k="local_y" v="2768146.0465"/>
    <tag k="ele" v="8.9"/>
  </node>
  <node id="10900000305" lat="49.89250797325" lon="125.78619223318">
    <tag k="local_x" v="304777.6475"/>
    <tag k="local_y" v="2768146.2665"/>
    <tag k="ele" v="8.9"/>
  </node>
  <node id="10900000306" lat="49.89250991886" lon="125.78618948043">
    <tag k="local_x" v="304777.4376"/>
    <tag k="local_y" v="2768146.4715"/>
    <tag k="ele" v="8.9"/>
  </node>
  <node id="10900000307" lat="49.89251203307" lon="125.78618728294">
    <tag k="local_x" v="304777.2665"/>
    <tag k="local_y" v="2768146.6975"/>
    <tag k="ele" v="8.9"/>
  </node>
  <node id="10900000308" lat="49.89251471685" lon="125.78618501291">
    <tag k="local_x" v="304777.0866"/>
    <tag k="local_y" v="2768146.9865"/>
    <tag k="ele" v="8.9"/>
  </node>
  <node id="10900000309" lat="49.89251691021" lon="125.78618338092">
    <tag k="local_x" v="304776.9556"/>
    <tag k="local_y" v="2768147.2236"/>
    <tag k="ele" v="8.9"/>
  </node>
  <node id="10900003002" lat="49.89258878259" lon="125.78636623448">
    <tag k="local_x" v="304789.6299"/>
    <tag k="local_y" v="2768155.9559"/>
    <tag k="ele" v="8.9"/>
  </node>
  <node id="10900003003" lat="49.89259594079" lon="125.78638923044">
    <tag k="local_x" v="304791.2357"/>
    <tag k="local_y" v="2768156.8451"/>
    <tag k="ele" v="8.9"/>
  </node>
  <node id="10900003108" lat="49.89228003202" lon="125.78499607563">
    <tag k="local_x" v="304693.2088"/>
    <tag k="local_y" v="2768116.062"/>
    <tag k="ele" v="8.9"/>
  </node>
  <node id="10900003109" lat="49.89227977264" lon="125.78499109837">
    <tag k="local_x" v="304692.8531"/>
    <tag k="local_y" v="2768116.0129"/>
    <tag k="ele" v="8.9"/>
  </node>
  <node id="109000031010" lat="49.89228054664" lon="125.7849860865">
    <tag k="local_x" v="304692.4884"/>
    <tag k="local_y" v="2768116.0785"/>
    <tag k="ele" v="8.9"/>
  </node>
  <node id="109000031011" lat="49.89228270754" lon="125.78498016014">
    <tag k="local_x" v="304692.0493"/>
    <tag k="local_y" v="2768116.2945"/>
    <tag k="ele" v="8.9"/>
  </node>
  <node id="109000031012" lat="49.89228663523" lon="125.78497294593">
    <tag k="local_x" v="304691.5066"/>
    <tag k="local_y" v="2768116.7016"/>
    <tag k="ele" v="8.9"/>
  </node>
  <node id="109000031013" lat="49.89229178348" lon="125.78496604087">
    <tag k="local_x" v="304690.9784"/>
    <tag k="local_y" v="2768117.2456"/>
    <tag k="ele" v="8.9"/>
  </node>
  <node id="10900003204" lat="49.89230675343" lon="125.78506619466">
    <tag k="local_x" v="304698.0744"/>
    <tag k="local_y" v="2768119.3172"/>
    <tag k="ele" v="8.9"/>
  </node>
  <node id="10900003205" lat="49.89230934923" lon="125.78507064448">
    <tag k="local_x" v="304698.3775"/>
    <tag k="local_y" v="2768119.6238"/>
    <tag k="ele" v="8.9"/>
  </node>
  <node id="10900003206" lat="49.89231108178" lon="125.78507461176">
    <tag k="local_x" v="304698.6514"/>
    <tag k="local_y" v="2768119.8325"/>
    <tag k="ele" v="8.9"/>
  </node>
  <node id="10900003207" lat="49.89231262905" lon="125.78507909206">
    <tag k="local_x" v="304698.9633"/>
    <tag k="local_y" v="2768120.0227"/>
    <tag k="ele" v="8.9"/>
  </node>
  <node id="10900003208" lat="49.89231353764" lon="125.78508371405">
    <tag k="local_x" v="304699.2894"/>
    <tag k="local_y" v="2768120.1425"/>
    <tag k="ele" v="8.9"/>
  </node>
  <node id="10900003209" lat="49.89231407222" lon="125.78508918629">
    <tag k="local_x" v="304699.6789"/>
    <tag k="local_y" v="2768120.2242"/>
    <tag k="ele" v="8.9"/>
  </node>
  <node id="10900003301" lat="49.89241530385" lon="125.78506502289">
    <tag k="local_x" v="304697.3058"/>
    <tag k="local_y" v="2768131.3757"/>
    <tag k="ele" v="8.9"/>
  </node>
  <node id="10900003302" lat="49.89241584215" lon="125.78506162974">
    <tag k="local_x" v="304697.0588"/>
    <tag k="local_y" v="2768131.4217"/>
    <tag k="ele" v="8.9"/>
  </node>
  <node id="10900003303" lat="49.89241651399" lon="125.78505879154">
    <tag k="local_x" v="304696.8508"/>
    <tag k="local_y" v="2768131.4848"/>
    <tag k="ele" v="8.9"/>
  </node>
  <node id="10900003304" lat="49.89241806504" lon="125.78505472404">
    <tag k="local_x" v="304696.549"/>
    <tag k="local_y" v="2768131.6406"/>
    <tag k="ele" v="8.9"/>
  </node>
  <node id="10900003305" lat="49.89242030939" lon="125.7850502522">
    <tag k="local_x" v="304696.2138"/>
    <tag k="local_y" v="2768131.8718"/>
    <tag k="ele" v="8.9"/>
  </node>
  <node id="10900003306" lat="49.89242274141" lon="125.78504696966">
    <tag k="local_x" v="304695.9628"/>
    <tag k="local_y" v="2768132.1287"/>
    <tag k="ele" v="8.9"/>
  </node>
  <node id="10900003307" lat="49.89242590951" lon="125.78504351497">
    <tag k="local_x" v="304695.6948"/>
    <tag k="local_y" v="2768132.4667"/>
    <tag k="ele" v="8.9"/>
  </node>
  <node id="109000033023" lat="49.89247514538" lon="125.78506666143">
    <tag k="local_x" v="304697.0461"/>
    <tag k="local_y" v="2768138.0326"/>
    <tag k="ele" v="8.9"/>
  </node>
  <node id="109000033024" lat="49.89247776157" lon="125.78507293635">
    <tag k="local_x" v="304697.4801"/>
    <tag k="local_y" v="2768138.3489"/>
    <tag k="ele" v="8.9"/>
  </node>
  <node id="109000033025" lat="49.89247950081" lon="125.78507883199">
    <tag k="local_x" v="304697.8924"/>
    <tag k="local_y" v="2768138.5662"/>
    <tag k="ele" v="8.9"/>
  </node>
  <node id="109000033026" lat="49.89248042909" lon="125.78508456168">
    <tag k="local_x" v="304698.2979"/>
    <tag k="local_y" v="2768138.6927"/>
    <tag k="ele" v="8.9"/>
  </node>
  <node id="109000033027" lat="49.89248045738" lon="125.78509169436">
    <tag k="local_x" v="304698.8098"/>
    <tag k="local_y" v="2768138.7249"/>
    <tag k="ele" v="8.9"/>
  </node>
  <node id="109000033028" lat="49.89247975815" lon="125.78509861829">
    <tag k="local_x" v="304699.3113"/>
    <tag k="local_y" v="2768138.6754"/>
    <tag k="ele" v="8.9"/>
  </node>
  <node id="109000033029" lat="49.89247800771" lon="125.78510549863">
    <tag k="local_x" v="304699.8163"/>
    <tag k="local_y" v="2768138.5089"/>
    <tag k="ele" v="8.9"/>
  </node>
  <node id="109000033030" lat="49.89247579165" lon="125.78511116248">
    <tag k="local_x" v="304700.2369"/>
    <tag k="local_y" v="2768138.2857"/>
    <tag k="ele" v="8.9"/>
  </node>
  <node id="109000033031" lat="49.89247273403" lon="125.78511663541">
    <tag k="local_x" v="304700.6491"/>
    <tag k="local_y" v="2768137.9682"/>
    <tag k="ele" v="8.9"/>
  </node>
  <node id="109000033032" lat="49.89246938668" lon="125.78512080701">
    <tag k="local_x" v="304700.9697"/>
    <tag k="local_y" v="2768137.6132"/>
    <tag k="ele" v="8.9"/>
  </node>
  <node id="109000033033" lat="49.89246512128" lon="125.78512471412">
    <tag k="local_x" v="304701.2771"/>
    <tag k="local_y" v="2768137.1551"/>
    <tag k="ele" v="8.9"/>
  </node>
  <node id="10900003401" lat="49.89253171769" lon="125.78503518661">
    <tag k="local_x" v="304694.4297"/>
    <tag k="local_y" v="2768144.1913"/>
    <tag k="ele" v="8.9"/>
  </node>
  <node id="10900003402" lat="49.89252792038" lon="125.78504132307">
    <tag k="local_x" v="304694.8942"/>
    <tag k="local_y" v="2768143.7943"/>
    <tag k="ele" v="8.9"/>
  </node>
  <node id="10900003403" lat="49.89252328312" lon="125.78504602212">
    <tag k="local_x" v="304695.2608"/>
    <tag k="local_y" v="2768143.2981"/>
    <tag k="ele" v="8.9"/>
  </node>
  <node id="109000034012" lat="49.8924674145" lon="125.78502564996">
    <tag k="local_x" v="304694.1505"/>
    <tag k="local_y" v="2768137.0064"/>
    <tag k="ele" v="8.9"/>
  </node>
  <node id="109000034013" lat="49.89246331835" lon="125.78501921999">
    <tag k="local_x" v="304693.7147"/>
    <tag k="local_y" v="2768136.525"/>
    <tag k="ele" v="8.9"/>
  </node>
  <node id="109000034014" lat="49.8924600875" lon="125.78501333961">
    <tag k="local_x" v="304693.3129"/>
    <tag k="local_y" v="2768136.142"/>
    <tag k="ele" v="8.9"/>
  </node>
  <node id="109000034015" lat="49.89245747225" lon="125.78500753001">
    <tag k="local_x" v="304692.9123"/>
    <tag k="local_y" v="2768135.8277"/>
    <tag k="ele" v="8.9"/>
  </node>
  <node id="109000034016" lat="49.89245543382" lon="125.78500265276">
    <tag k="local_x" v="304692.575"/>
    <tag k="local_y" v="2768135.5813"/>
    <tag k="ele" v="8.9"/>
  </node>
  <node id="109000034017" lat="49.89245369335" lon="125.78499769861">
    <tag k="local_x" v="304692.2303"/>
    <tag k="local_y" v="2768135.3677"/>
    <tag k="ele" v="8.9"/>
  </node>
  <node id="109000034018" lat="49.89245179144" lon="125.78499069249">
    <tag k="local_x" v="304691.7393"/>
    <tag k="local_y" v="2768135.1278"/>
    <tag k="ele" v="8.9"/>
  </node>
  <node id="10900003501" lat="49.89247248937" lon="125.78514022338">
    <tag k="local_x" v="304702.3441"/>
    <tag k="local_y" v="2768138.0371"/>
    <tag k="ele" v="8.9"/>
  </node>
  <node id="10900003502" lat="49.89247481944" lon="125.78513113051">
    <tag k="local_x" v="304701.6766"/>
    <tag k="local_y" v="2768138.259"/>
    <tag k="ele" v="8.9"/>
  </node>
  <node id="10900003503" lat="49.89247806618" lon="125.78512042439">
    <tag k="local_x" v="304700.8875"/>
    <tag k="local_y" v="2768138.5762"/>
    <tag k="ele" v="8.9"/>
  </node>
  <node id="10900003504" lat="49.89248114412" lon="125.78511228586">
    <tag k="local_x" v="304700.2838"/>
    <tag k="local_y" v="2768138.8851"/>
    <tag k="ele" v="8.9"/>
  </node>
  <node id="10900003505" lat="49.892485373" lon="125.7851032135">
    <tag k="local_x" v="304699.6058"/>
    <tag k="local_y" v="2768139.3181"/>
    <tag k="ele" v="8.9"/>
  </node>
  <node id="10900003506" lat="49.89248976357" lon="125.78509709434">
    <tag k="local_x" v="304699.1388"/>
    <tag k="local_y" v="2768139.7811"/>
    <tag k="ele" v="8.9"/>
  </node>
  <node id="10900003507" lat="49.8924942161" lon="125.78509272172">
    <tag k="local_x" v="304698.7968"/>
    <tag k="local_y" v="2768140.2581"/>
    <tag k="ele" v="8.9"/>
  </node>
  <node id="10900003508" lat="49.89250003117" lon="125.78508824592">
    <tag k="local_x" v="304698.4388"/>
    <tag k="local_y" v="2768140.8861"/>
    <tag k="ele" v="8.9"/>
  </node>
  <node id="10900003509" lat="49.89250655272" lon="125.78508465119">
    <tag k="local_x" v="304698.1396"/>
    <tag k="local_y" v="2768141.5962"/>
    <tag k="ele" v="8.9"/>
  </node>
  <node id="109000035023" lat="49.89262194999" lon="125.78512872306">
    <tag k="local_x" v="304700.576"/>
    <tag k="local_y" v="2768154.5999"/>
    <tag k="ele" v="8.9"/>
  </node>
  <node id="109000035024" lat="49.89262654075" lon="125.7851351366">
    <tag k="local_x" v="304701.0075"/>
    <tag k="local_y" v="2768155.1362"/>
    <tag k="ele" v="8.9"/>
  </node>
  <node id="109000035025" lat="49.89262982132" lon="125.78514069127">
    <tag k="local_x" v="304701.3856"/>
    <tag k="local_y" v="2768155.5234"/>
    <tag k="ele" v="8.9"/>
  </node>
  <node id="109000035026" lat="49.89263344142" lon="125.78514820213">
    <tag k="local_x" v="304701.902"/>
    <tag k="local_y" v="2768155.9563"/>
    <tag k="ele" v="8.9"/>
  </node>
  <node id="109000035027" lat="49.8926385453" lon="125.78515861099">
    <tag k="local_x" v="304702.6171"/>
    <tag k="local_y" v="2768156.5659"/>
    <tag k="ele" v="8.9"/>
  </node>
  <node id="10900003602" lat="49.89266929003" lon="125.78618653306">
    <tag k="local_x" v="304776.2208"/>
    <tag k="local_y" v="2768164.1705"/>
    <tag k="ele" v="8.9"/>
  </node>
  <node id="10900003603" lat="49.89267404561" lon="125.7861870999">
    <tag k="local_x" v="304776.2315"/>
    <tag k="local_y" v="2768164.7013"/>
    <tag k="ele" v="8.9"/>
  </node>
  <node id="10900003604" lat="49.89267824461" lon="125.78618841596">
    <tag k="local_x" v="304776.2995"/>
    <tag k="local_y" v="2768165.1733"/>
    <tag k="ele" v="8.9"/>
  </node>
  <node id="10900003605" lat="49.89268211414" lon="125.78619052072">
    <tag k="local_x" v="304776.4262"/>
    <tag k="local_y" v="2768165.6119"/>
    <tag k="ele" v="8.9"/>
  </node>
  <node id="10900003606" lat="49.89268698392" lon="125.78619369116">
    <tag k="local_x" v="304776.6231"/>
    <tag k="local_y" v="2768166.166"/>
    <tag k="ele" v="8.9"/>
  </node>
  <node id="10900003701" lat="49.89270130469" lon="125.78617249304">
    <tag k="local_x" v="304775.0109"/>
    <tag k="local_y" v="2768167.6711"/>
    <tag k="ele" v="8.9"/>
  </node>
  <node id="10900003702" lat="49.8926983943" lon="125.78616162906">
    <tag k="local_x" v="304774.2493"/>
    <tag k="local_y" v="2768167.3034"/>
    <tag k="ele" v="8.9"/>
  </node>
  <node id="10900003703" lat="49.89269670292" lon="125.78615177895">
    <tag k="local_x" v="304773.5528"/>
    <tag k="local_y" v="2768167.0753"/>
    <tag k="ele" v="8.9"/>
  </node>
  <node id="10900003704" lat="49.89269577061" lon="125.78614012348">
    <tag k="local_x" v="304772.7219"/>
    <tag k="local_y" v="2768166.9242"/>
    <tag k="ele" v="8.9"/>
  </node>
  <node id="10900003705" lat="49.89269571772" lon="125.78613317246">
    <tag k="local_x" v="304772.2232"/>
    <tag k="local_y" v="2768166.89"/>
    <tag k="ele" v="8.9"/>
  </node>
  <node id="10900003706" lat="49.89269589179" lon="125.78612852295">
    <tag k="local_x" v="304771.8883"/>
    <tag k="local_y" v="2768166.8904"/>
    <tag k="ele" v="8.9"/>
  </node>
  <node id="10900003707" lat="49.89269625985" lon="125.78612363836">
    <tag k="local_x" v="304771.5353"/>
    <tag k="local_y" v="2768166.9114"/>
    <tag k="ele" v="8.9"/>
  </node>
  <node id="10900003801" lat="49.89234463231" lon="125.7849823604">
    <tag k="local_x" v="304691.8168"/>
    <tag k="local_y" v="2768123.1852"/>
    <tag k="ele" v="8.9"/>
  </node>
  <node id="10900003802" lat="49.89234709053" lon="125.78498732325">
    <tag k="local_x" v="304692.1576"/>
    <tag k="local_y" v="2768123.4786"/>
    <tag k="ele" v="8.9"/>
  </node>
  <node id="10900003803" lat="49.89234950913" lon="125.78499412819">
    <tag k="local_x" v="304692.6309"/>
    <tag k="local_y" v="2768123.7751"/>
    <tag k="ele" v="8.9"/>
  </node>
  <node id="10900003804" lat="49.89235132889" lon="125.78500168145">
    <tag k="local_x" v="304693.1617"/>
    <tag k="local_y" v="2768124.0081"/>
    <tag k="ele" v="8.9"/>
  </node>
  <node id="10900003805" lat="49.89235219967" lon="125.78500949541">
    <tag k="local_x" v="304693.7172"/>
    <tag k="local_y" v="2768124.1367"/>
    <tag k="ele" v="8.9"/>
  </node>
  <node id="10900003806" lat="49.89235232702" lon="125.78501468673">
    <tag k="local_x" v="304694.0891"/>
    <tag k="local_y" v="2768124.172"/>
    <tag k="ele" v="8.9"/>
  </node>
  <node id="10900003807" lat="49.89235183075" lon="125.78502039437">
    <tag k="local_x" v="304694.502"/>
    <tag k="local_y" v="2768124.1401"/>
    <tag k="ele" v="8.9"/>
  </node>
  <node id="10900003808" lat="49.89235071629" lon="125.78502480107">
    <tag k="local_x" v="304694.8254"/>
    <tag k="local_y" v="2768124.0342"/>
    <tag k="ele" v="8.9"/>
  </node>
  <node id="10900003901" lat="49.89229720395" lon="125.78596345094">
    <tag k="local_x" v="304762.5518"/>
    <tag k="local_y" v="2768121.9114"/>
    <tag k="ele" v="8.9"/>
  </node>
  <node id="10900003902" lat="49.89229477605" lon="125.7859665959">
    <tag k="local_x" v="304762.7929"/>
    <tag k="local_y" v="2768121.6544"/>
    <tag k="ele" v="8.9"/>
  </node>
  <node id="10900003903" lat="49.89229275025" lon="125.78596859084">
    <tag k="local_x" v="304762.9489"/>
    <tag k="local_y" v="2768121.4374"/>
    <tag k="ele" v="8.9"/>
  </node>
  <node id="10900003904" lat="49.89229073228" lon="125.78597012681">
    <tag k="local_x" v="304763.0719"/>
    <tag k="local_y" v="2768121.2194"/>
    <tag k="ele" v="8.9"/>
  </node>
  <node id="10900003905" lat="49.89228907825" lon="125.78597081723">
    <tag k="local_x" v="304763.1319"/>
    <tag k="local_y" v="2768121.0384"/>
    <tag k="ele" v="8.9"/>
  </node>
  <node id="10900003906" lat="49.89228656887" lon="125.78597053968">
    <tag k="local_x" v="304763.1278"/>
    <tag k="local_y" v="2768120.7584"/>
    <tag k="ele" v="8.9"/>
  </node>
  <node id="109000039010" lat="49.89227855417" lon="125.78596236139">
    <tag k="local_x" v="304762.5912"/>
    <tag k="local_y" v="2768119.8344"/>
    <tag k="ele" v="8.9"/>
  </node>
  <node id="109000039011" lat="49.89227758257" lon="125.78596002375">
    <tag k="local_x" v="304762.4295"/>
    <tag k="local_y" v="2768119.7169"/>
    <tag k="ele" v="8.9"/>
  </node>
  <node id="109000039012" lat="49.89227666512" lon="125.78595660163">
    <tag k="local_x" v="304762.1896"/>
    <tag k="local_y" v="2768119.601"/>
    <tag k="ele" v="8.9"/>
  </node>
  <node id="109000039013" lat="49.89227641375" lon="125.78595175042">
    <tag k="local_x" v="304761.8429"/>
    <tag k="local_y" v="2768119.5533"/>
    <tag k="ele" v="8.9"/>
  </node>
  <node id="109000039014" lat="49.89227717532" lon="125.78594521366">
    <tag k="local_x" v="304761.3688"/>
    <tag k="local_y" v="2768119.6113"/>
    <tag k="ele" v="8.9"/>
  </node>
  <node id="109000039015" lat="49.89227837526" lon="125.7859394829">
    <tag k="local_x" v="304760.9498"/>
    <tag k="local_y" v="2768119.7213"/>
    <tag k="ele" v="8.9"/>
  </node>
  <node id="10900000403" lat="49.89219451085" lon="125.78537539105">
    <tag k="local_x" v="304720.9805"/>
    <tag k="local_y" v="2768108.1032"/>
    <tag k="ele" v="8.9"/>
  </node>
  <node id="10900000404" lat="49.89220262946" lon="125.78537118729">
    <tag k="local_x" v="304720.6275"/>
    <tag k="local_y" v="2768108.9883"/>
    <tag k="ele" v="8.9"/>
  </node>
  <node id="10900000405" lat="49.8922095698" lon="125.78536866291">
    <tag k="local_x" v="304720.4025"/>
    <tag k="local_y" v="2768109.7493"/>
    <tag k="ele" v="8.9"/>
  </node>
  <node id="10900000406" lat="49.89221624149" lon="125.78536683924">
    <tag k="local_x" v="304720.2295"/>
    <tag k="local_y" v="2768110.4833"/>
    <tag k="ele" v="8.9"/>
  </node>
  <node id="10900000407" lat="49.89222348716" lon="125.78536528884">
    <tag k="local_x" v="304720.0725"/>
    <tag k="local_y" v="2768111.2822"/>
    <tag k="ele" v="8.9"/>
  </node>
  <node id="10900000408" lat="49.89223131632" lon="125.78536507811">
    <tag k="local_x" v="304720.008"/>
    <tag k="local_y" v="2768112.1514"/>
    <tag k="ele" v="8.9"/>
  </node>
  <node id="10900000409" lat="49.89223896769" lon="125.78536613322">
    <tag k="local_x" v="304720.0355"/>
    <tag k="local_y" v="2768113.006"/>
    <tag k="ele" v="8.9"/>
  </node>
  <node id="10900004006" lat="49.89231729412" lon="125.78599888323">
    <tag k="local_x" v="304764.9689"/>
    <tag k="local_y" v="2768124.2884"/>
    <tag k="ele" v="8.9"/>
  </node>
  <node id="10900004007" lat="49.89231296043" lon="125.78598676051">
    <tag k="local_x" v="304764.1259"/>
    <tag k="local_y" v="2768123.7574"/>
    <tag k="ele" v="8.9"/>
  </node>
  <node id="10900004008" lat="49.89231100934" lon="125.78597910932">
    <tag k="local_x" v="304763.5889"/>
    <tag k="local_y" v="2768123.5094"/>
    <tag k="ele" v="8.9"/>
  </node>
  <node id="10900004009" lat="49.89231001989" lon="125.78597296335">
    <tag k="local_x" v="304763.1539"/>
    <tag k="local_y" v="2768123.3744"/>
    <tag k="ele" v="8.9"/>
  </node>
  <node id="109000040010" lat="49.89230973341" lon="125.78596899633">
    <tag k="local_x" v="304762.8709"/>
    <tag k="local_y" v="2768123.3264"/>
    <tag k="ele" v="8.9"/>
  </node>
  <node id="10900004205" lat="49.89241719858" lon="125.78607625665">
    <tag k="local_x" v="304769.8937"/>
    <tag k="local_y" v="2768135.7061"/>
    <tag k="ele" v="8.9"/>
  </node>
  <node id="10900004206" lat="49.89241429188" lon="125.78607299823">
    <tag k="local_x" v="304769.6781"/>
    <tag k="local_y" v="2768135.3698"/>
    <tag k="ele" v="8.9"/>
  </node>
  <node id="10900004207" lat="49.89241227085" lon="125.78606946382">
    <tag k="local_x" v="304769.4371"/>
    <tag k="local_y" v="2768135.1308"/>
    <tag k="ele" v="8.9"/>
  </node>
  <node id="10900004208" lat="49.89241096924" lon="125.78606454262">
    <tag k="local_x" v="304769.092"/>
    <tag k="local_y" v="2768134.9661"/>
    <tag k="ele" v="8.9"/>
  </node>
  <node id="10900004209" lat="49.89241046827" lon="125.78605923489">
    <tag k="local_x" v="304768.7141"/>
    <tag k="local_y" v="2768134.8888"/>
    <tag k="ele" v="8.9"/>
  </node>
  <node id="109000042010" lat="49.8924107141" lon="125.78605245642">
    <tag k="local_x" v="304768.2259"/>
    <tag k="local_y" v="2768134.8885"/>
    <tag k="ele" v="8.9"/>
  </node>
  <node id="10900004301" lat="49.8925801408" lon="125.78503123686">
    <tag k="local_x" v="304693.8408"/>
    <tag k="local_y" v="2768149.5565"/>
    <tag k="ele" v="8.9"/>
  </node>
  <node id="10900004302" lat="49.89257716303" lon="125.78503539079">
    <tag k="local_x" v="304694.1578"/>
    <tag k="local_y" v="2768149.2425"/>
    <tag k="ele" v="8.9"/>
  </node>
  <node id="10900004303" lat="49.89257347838" lon="125.78503919013">
    <tag k="local_x" v="304694.4538"/>
    <tag k="local_y" v="2768148.8485"/>
    <tag k="ele" v="8.9"/>
  </node>
  <node id="10900004304" lat="49.89256993569" lon="125.78504211187">
    <tag k="local_x" v="304694.6859"/>
    <tag k="local_y" v="2768148.4667"/>
    <tag k="ele" v="8.9"/>
  </node>
  <node id="10900004305" lat="49.89256700154" lon="125.78504409394">
    <tag k="local_x" v="304694.8467"/>
    <tag k="local_y" v="2768148.1487"/>
    <tag k="ele" v="8.9"/>
  </node>
  <node id="10900004306" lat="49.89256353795" lon="125.78504574117">
    <tag k="local_x" v="304694.9868"/>
    <tag k="local_y" v="2768147.7705"/>
    <tag k="ele" v="8.9"/>
  </node>
  <node id="109000043010" lat="49.89254722884" lon="125.78504756811">
    <tag k="local_x" v="304695.2208"/>
    <tag k="local_y" v="2768145.9655"/>
    <tag k="ele" v="8.9"/>
  </node>
  <node id="109000043011" lat="49.89254437137" lon="125.78504623068">
    <tag k="local_x" v="304695.1428"/>
    <tag k="local_y" v="2768145.6425"/>
    <tag k="ele" v="8.9"/>
  </node>
  <node id="109000043012" lat="49.89254189813" lon="125.78504423056">
    <tag k="local_x" v="304695.0148"/>
    <tag k="local_y" v="2768145.3595"/>
    <tag k="ele" v="8.9"/>
  </node>
  <node id="109000043013" lat="49.89253867879" lon="125.78504090852">
    <tag k="local_x" v="304694.7966"/>
    <tag k="local_y" v="2768144.9882"/>
    <tag k="ele" v="8.9"/>
  </node>
  <node id="109000043014" lat="49.89253556053" lon="125.78503585982">
    <tag k="local_x" v="304694.4538"/>
    <tag k="local_y" v="2768144.6211"/>
    <tag k="ele" v="8.9"/>
  </node>
  <node id="10900004401" lat="49.89265144279" lon="125.78504247193">
    <tag k="local_x" v="304694.1978"/>
    <tag k="local_y" v="2768157.5261"/>
    <tag k="ele" v="8.9"/>
  </node>
  <node id="10900004402" lat="49.89265299796" lon="125.7850475714">
    <tag k="local_x" v="304694.5541"/>
    <tag k="local_y" v="2768157.7197"/>
    <tag k="ele" v="8.9"/>
  </node>
  <node id="10900004403" lat="49.89265353755" lon="125.7850541835">
    <tag k="local_x" v="304695.0254"/>
    <tag k="local_y" v="2768157.8066"/>
    <tag k="ele" v="8.9"/>
  </node>
  <node id="10900004404" lat="49.89265314779" lon="125.78506248434">
    <tag k="local_x" v="304695.6238"/>
    <tag k="local_y" v="2768157.7971"/>
    <tag k="ele" v="8.9"/>
  </node>
  <node id="10900004405" lat="49.89265170344" lon="125.78507117728">
    <tag k="local_x" v="304696.257"/>
    <tag k="local_y" v="2768157.672"/>
    <tag k="ele" v="8.9"/>
  </node>
  <node id="10900004406" lat="49.89264942754" lon="125.78507918571">
    <tag k="local_x" v="304696.8463"/>
    <tag k="local_y" v="2768157.4517"/>
    <tag k="ele" v="8.9"/>
  </node>
  <node id="10900004407" lat="49.89264709006" lon="125.78508605073">
    <tag k="local_x" v="304697.3539"/>
    <tag k="local_y" v="2768157.2199"/>
    <tag k="ele" v="8.9"/>
  </node>
  <node id="10900004408" lat="49.89264457617" lon="125.7850913458">
    <tag k="local_x" v="304697.7499"/>
    <tag k="local_y" v="2768156.9621"/>
    <tag k="ele" v="8.9"/>
  </node>
  <node id="109000044026" lat="49.89260551424" lon="125.78507624251">
    <tag k="local_x" v="304696.9119"/>
    <tag k="local_y" v="2768152.5596"/>
    <tag k="ele" v="8.9"/>
  </node>
  <node id="109000044027" lat="49.89260428814" lon="125.78507407195">
    <tag k="local_x" v="304696.7638"/>
    <tag k="local_y" v="2768152.4145"/>
    <tag k="ele" v="8.9"/>
  </node>
  <node id="109000044028" lat="49.89260272847" lon="125.78507100989">
    <tag k="local_x" v="304696.5538"/>
    <tag k="local_y" v="2768152.2287"/>
    <tag k="ele" v="8.9"/>
  </node>
  <node id="109000044029" lat="49.892600449" lon="125.78506612957">
    <tag k="local_x" v="304696.2178"/>
    <tag k="local_y" v="2768151.9555"/>
    <tag k="ele" v="8.9"/>
  </node>
  <node id="109000044030" lat="49.89259837971" lon="125.78506047375">
    <tag k="local_x" v="304695.8248"/>
    <tag k="local_y" v="2768151.7025"/>
    <tag k="ele" v="8.9"/>
  </node>
  <node id="109000044031" lat="49.89259763951" lon="125.78505808261">
    <tag k="local_x" v="304695.6578"/>
    <tag k="local_y" v="2768151.6105"/>
    <tag k="ele" v="8.9"/>
  </node>
  <node id="109000044032" lat="49.89259701717" lon="125.78505561825">
    <tag k="local_x" v="304695.4848"/>
    <tag k="local_y" v="2768151.5313"/>
    <tag k="ele" v="8.9"/>
  </node>
  <node id="109000044033" lat="49.89259677815" lon="125.7850532767">
    <tag k="local_x" v="304695.3182"/>
    <tag k="local_y" v="2768151.4952"/>
    <tag k="ele" v="8.9"/>
  </node>
  <node id="109000044034" lat="49.89259682409" lon="125.78505067324">
    <tag k="local_x" v="304695.131"/>
    <tag k="local_y" v="2768151.4897"/>
    <tag k="ele" v="8.9"/>
  </node>
  <node id="109000044035" lat="49.89259710404" lon="125.78504828952">
    <tag k="local_x" v="304694.9581"/>
    <tag k="local_y" v="2768151.5111"/>
    <tag k="ele" v="8.9"/>
  </node>
  <node id="10900004507" lat="49.89268281905" lon="125.78506364177">
    <tag k="local_x" v="304695.5198"/>
    <tag k="local_y" v="2768161.0992"/>
    <tag k="ele" v="8.9"/>
  </node>
  <node id="10900004508" lat="49.89267959282" lon="125.78506229981">
    <tag k="local_x" v="304695.4438"/>
    <tag k="local_y" v="2768160.7352"/>
    <tag k="ele" v="8.9"/>
  </node>
  <node id="10900004509" lat="49.89267609146" lon="125.7850603626">
    <tag k="local_x" v="304695.3268"/>
    <tag k="local_y" v="2768160.3382"/>
    <tag k="ele" v="8.9"/>
  </node>
  <node id="109000045010" lat="49.89267320662" lon="125.78505871633">
    <tag k="local_x" v="304695.2268"/>
    <tag k="local_y" v="2768160.0109"/>
    <tag k="ele" v="8.9"/>
  </node>
  <node id="109000045011" lat="49.8926703191" lon="125.7850567996">
    <tag k="local_x" v="304695.1074"/>
    <tag k="local_y" v="2768159.6822"/>
    <tag k="ele" v="8.9"/>
  </node>
  <node id="109000045012" lat="49.89266741288" lon="125.78505455808">
    <tag k="local_x" v="304694.9648"/>
    <tag k="local_y" v="2768159.3501"/>
    <tag k="ele" v="8.9"/>
  </node>
  <node id="109000045013" lat="49.89266420289" lon="125.78505198762">
    <tag k="local_x" v="304694.8005"/>
    <tag k="local_y" v="2768158.9829"/>
    <tag k="ele" v="8.9"/>
  </node>
  <node id="109000045014" lat="49.89266112304" lon="125.78504878786">
    <tag k="local_x" v="304694.5902"/>
    <tag k="local_y" v="2768158.6276"/>
    <tag k="ele" v="8.9"/>
  </node>
  <node id="109000045015" lat="49.89265906047" lon="125.78504569834">
    <tag k="local_x" v="304694.3814"/>
    <tag k="local_y" v="2768158.3858"/>
    <tag k="ele" v="8.9"/>
  </node>
  <node id="109000045016" lat="49.8926572653" lon="125.78504196651">
    <tag k="local_x" v="304694.1248"/>
    <tag k="local_y" v="2768158.1711"/>
    <tag k="ele" v="8.9"/>
  </node>
  <node id="109000045017" lat="49.89265580747" lon="125.78503828659">
    <tag k="local_x" v="304693.8698"/>
    <tag k="local_y" v="2768157.9941"/>
    <tag k="ele" v="8.9"/>
  </node>
  <node id="10900004601" lat="49.89276878422" lon="125.78597778706">
    <tag k="local_x" v="304760.6068"/>
    <tag k="local_y" v="2768174.3768"/>
    <tag k="ele" v="8.9"/>
  </node>
  <node id="10900004602" lat="49.8927490359" lon="125.78597617754">
    <tag k="local_x" v="304760.6158"/>
    <tag k="local_y" v="2768172.1756"/>
    <tag k="ele" v="8.9"/>
  </node>
  <node id="10900004603" lat="49.8927403282" lon="125.78597512006">
    <tag k="local_x" v="304760.5948"/>
    <tag k="local_y" v="2768171.2036"/>
    <tag k="ele" v="8.9"/>
  </node>
  <node id="10900004604" lat="49.89273885593" lon="125.78598116125">
    <tag k="local_x" v="304761.0378"/>
    <tag k="local_y" v="2768171.0646"/>
    <tag k="ele" v="8.9"/>
  </node>
  <node id="10900004708" lat="49.8927542426" lon="125.78603615482">
    <tag k="local_x" v="304764.8889"/>
    <tag k="local_y" v="2768172.9986"/>
    <tag k="ele" v="8.9"/>
  </node>
  <node id="10900004709" lat="49.89275930307" lon="125.78603704511">
    <tag k="local_x" v="304764.9209"/>
    <tag k="local_y" v="2768173.5646"/>
    <tag k="ele" v="8.9"/>
  </node>
  <node id="109000047010" lat="49.89276630124" lon="125.78603618344">
    <tag k="local_x" v="304764.8149"/>
    <tag k="local_y" v="2768174.3388"/>
    <tag k="ele" v="8.9"/>
  </node>
  <node id="10900004801" lat="49.89249725751" lon="125.78603625343">
    <tag k="local_x" v="304766.5168"/>
    <tag k="local_y" v="2768144.4401"/>
    <tag k="ele" v="8.9"/>
  </node>
  <node id="10900004802" lat="49.8924946861" lon="125.78604184005">
    <tag k="local_x" v="304766.9341"/>
    <tag k="local_y" v="2768144.1771"/>
    <tag k="ele" v="8.9"/>
  </node>
  <node id="10900004803" lat="49.89249219068" lon="125.78604535377">
    <tag k="local_x" v="304767.2021"/>
    <tag k="local_y" v="2768143.9141"/>
    <tag k="ele" v="8.9"/>
  </node>
  <node id="10900004804" lat="49.89248915111" lon="125.78604947435">
    <tag k="local_x" v="304767.5171"/>
    <tag k="local_y" v="2768143.5931"/>
    <tag k="ele" v="8.9"/>
  </node>
  <node id="10900004805" lat="49.89248559092" lon="125.78605346143">
    <tag k="local_x" v="304767.8258"/>
    <tag k="local_y" v="2768143.2137"/>
    <tag k="ele" v="8.9"/>
  </node>
  <node id="10900004809" lat="49.8924713741" lon="125.78605739402">
    <tag k="local_x" v="304768.1978"/>
    <tag k="local_y" v="2768141.6498"/>
    <tag k="ele" v="8.9"/>
  </node>
  <node id="109000048010" lat="49.89246796982" lon="125.78605572992">
    <tag k="local_x" v="304768.0998"/>
    <tag k="local_y" v="2768141.2647"/>
    <tag k="ele" v="8.9"/>
  </node>
  <node id="109000048011" lat="49.89246595475" lon="125.78605350535">
    <tag k="local_x" v="304767.9528"/>
    <tag k="local_y" v="2768141.0317"/>
    <tag k="ele" v="8.9"/>
  </node>
  <node id="109000048012" lat="49.89246426697" lon="125.7860514349">
    <tag k="local_x" v="304767.8148"/>
    <tag k="local_y" v="2768140.8357"/>
    <tag k="ele" v="8.9"/>
  </node>
  <node id="109000048013" lat="49.89246259187" lon="125.78604830696">
    <tag k="local_x" v="304767.6008"/>
    <tag k="local_y" v="2768140.6368"/>
    <tag k="ele" v="8.9"/>
  </node>
  <node id="109000048014" lat="49.89246090079" lon="125.78604411762">
    <tag k="local_x" v="304767.3107"/>
    <tag k="local_y" v="2768140.4318"/>
    <tag k="ele" v="8.9"/>
  </node>
  <node id="10900004901" lat="49.8925391844" lon="125.7860653709">
    <tag k="local_x" v="304768.3428"/>
    <tag k="local_y" v="2768149.2181"/>
    <tag k="ele" v="8.9"/>
  </node>
  <node id="10900004902" lat="49.8925370092" lon="125.78606736664">
    <tag k="local_x" v="304768.4998"/>
    <tag k="local_y" v="2768148.9845"/>
    <tag k="ele" v="8.9"/>
  </node>
  <node id="10900004903" lat="49.89253500223" lon="125.78606884787">
    <tag k="local_x" v="304768.6188"/>
    <tag k="local_y" v="2768148.7675"/>
    <tag k="ele" v="8.9"/>
  </node>
  <node id="10900004904" lat="49.89253213591" lon="125.78606996109">
    <tag k="local_x" v="304768.7168"/>
    <tag k="local_y" v="2768148.4535"/>
    <tag k="ele" v="8.9"/>
  </node>
  <node id="10900004905" lat="49.89252932838" lon="125.78607045268">
    <tag k="local_x" v="304768.7698"/>
    <tag k="local_y" v="2768148.1435"/>
    <tag k="ele" v="8.9"/>
  </node>
  <node id="10900004906" lat="49.89252691949" lon="125.7860701338">
    <tag k="local_x" v="304768.7621"/>
    <tag k="local_y" v="2768147.8745"/>
    <tag k="ele" v="8.9"/>
  </node>
  <node id="10900004909" lat="49.89251910721" lon="125.78606404307">
    <tag k="local_x" v="304768.3741"/>
    <tag k="local_y" v="2768146.9815"/>
    <tag k="ele" v="8.9"/>
  </node>
  <node id="109000049010" lat="49.89251589165" lon="125.78605921976">
    <tag k="local_x" v="304768.0481"/>
    <tag k="local_y" v="2768146.6045"/>
    <tag k="ele" v="8.9"/>
  </node>
  <node id="109000049011" lat="49.89251311637" lon="125.78605343225">
    <tag k="local_x" v="304767.6501"/>
    <tag k="local_y" v="2768146.2725"/>
    <tag k="ele" v="8.9"/>
  </node>
  <node id="109000049012" lat="49.89251095114" lon="125.78604818585">
    <tag k="local_x" v="304767.2871"/>
    <tag k="local_y" v="2768146.0105"/>
    <tag k="ele" v="8.9"/>
  </node>
  <node id="109000049013" lat="49.89250934081" lon="125.78604326676">
    <tag k="local_x" v="304766.9441"/>
    <tag k="local_y" v="2768145.8115"/>
    <tag k="ele" v="8.9"/>
  </node>
  <node id="109000049014" lat="49.89250813954" lon="125.78603798943">
    <tag k="local_x" v="304766.5728"/>
    <tag k="local_y" v="2768145.6565"/>
    <tag k="ele" v="8.9"/>
  </node>
  <node id="10900005001" lat="49.89245173665" lon="125.7860477294">
    <tag k="local_x" v="304767.6278"/>
    <tag k="local_y" v="2768139.4281"/>
    <tag k="ele" v="8.9"/>
  </node>
  <node id="10900005002" lat="49.89245164908" lon="125.78605568903">
    <tag k="local_x" v="304768.1998"/>
    <tag k="local_y" v="2768139.4508"/>
    <tag k="ele" v="8.9"/>
  </node>
  <node id="10900005003" lat="49.89245121765" lon="125.78606249856">
    <tag k="local_x" v="304768.6914"/>
    <tag k="local_y" v="2768139.4306"/>
    <tag k="ele" v="8.9"/>
  </node>
  <node id="10900005004" lat="49.89245060829" lon="125.78606809876">
    <tag k="local_x" v="304769.0973"/>
    <tag k="local_y" v="2768139.3857"/>
    <tag k="ele" v="8.9"/>
  </node>
  <node id="10900005005" lat="49.89244866921" lon="125.78607420755">
    <tag k="local_x" v="304769.5481"/>
    <tag k="local_y" v="2768139.1951"/>
    <tag k="ele" v="8.9"/>
  </node>
  <node id="10900005006" lat="49.89244668773" lon="125.78607818428">
    <tag k="local_x" v="304769.8461"/>
    <tag k="local_y" v="2768138.9911"/>
    <tag k="ele" v="8.9"/>
  </node>
  <node id="10900005103" lat="49.892565265" lon="125.78613196633">
    <tag k="local_x" v="304772.9594"/>
    <tag k="local_y" v="2768152.3878"/>
    <tag k="ele" v="8.9"/>
  </node>
  <node id="10900005104" lat="49.89256319585" lon="125.78612949881">
    <tag k="local_x" v="304772.7953"/>
    <tag k="local_y" v="2768152.1478"/>
    <tag k="ele" v="8.9"/>
  </node>
  <node id="10900005105" lat="49.89256149726" lon="125.78612723239">
    <tag k="local_x" v="304772.6433"/>
    <tag k="local_y" v="2768151.9498"/>
    <tag k="ele" v="8.9"/>
  </node>
  <node id="10900005106" lat="49.8925595387" lon="125.78612346667">
    <tag k="local_x" v="304772.3853"/>
    <tag k="local_y" v="2768151.7168"/>
    <tag k="ele" v="8.9"/>
  </node>
  <node id="10900005107" lat="49.89255824514" lon="125.78612026499">
    <tag k="local_x" v="304772.1636"/>
    <tag k="local_y" v="2768151.56"/>
    <tag k="ele" v="8.9"/>
  </node>
  <node id="10900005108" lat="49.89255737121" lon="125.78611747207">
    <tag k="local_x" v="304771.9686"/>
    <tag k="local_y" v="2768151.4515"/>
    <tag k="ele" v="8.9"/>
  </node>
  <node id="10900005109" lat="49.89255656041" lon="125.78611418466">
    <tag k="local_x" v="304771.7377"/>
    <tag k="local_y" v="2768151.348"/>
    <tag k="ele" v="8.9"/>
  </node>
  <node id="109000051010" lat="49.8925560082" lon="125.7861110105">
    <tag k="local_x" v="304771.5133"/>
    <tag k="local_y" v="2768151.2737"/>
    <tag k="ele" v="8.9"/>
  </node>
  <node id="109000051011" lat="49.89255556226" lon="125.78610574798">
    <tag k="local_x" v="304771.1383"/>
    <tag k="local_y" v="2768151.2027"/>
    <tag k="ele" v="8.9"/>
  </node>
  <node id="109000051012" lat="49.8925555482" lon="125.78610073234">
    <tag k="local_x" v="304770.7783"/>
    <tag k="local_y" v="2768151.1807"/>
    <tag k="ele" v="8.9"/>
  </node>
  <node id="109000051013" lat="49.89255573665" lon="125.78609559241">
    <tag k="local_x" v="304770.4081"/>
    <tag k="local_y" v="2768151.1807"/>
    <tag k="ele" v="8.9"/>
  </node>
  <node id="109000051014" lat="49.89255628431" lon="125.78608850892">
    <tag k="local_x" v="304769.8961"/>
    <tag k="local_y" v="2768151.2127"/>
    <tag k="ele" v="8.9"/>
  </node>
  <node id="10900005201" lat="49.89261656622" lon="125.78612727043">
    <tag k="local_x" v="304772.2987"/>
    <tag k="local_y" v="2768158.0698"/>
    <tag k="ele" v="8.9"/>
  </node>
  <node id="10900005202" lat="49.89261590116" lon="125.78613394803">
    <tag k="local_x" v="304772.7823"/>
    <tag k="local_y" v="2768158.0231"/>
    <tag k="ele" v="8.9"/>
  </node>
  <node id="10900005203" lat="49.89261466744" lon="125.78613888192">
    <tag k="local_x" v="304773.1443"/>
    <tag k="local_y" v="2768157.9061"/>
    <tag k="ele" v="8.9"/>
  </node>
  <node id="10900005204" lat="49.89261230407" lon="125.78614370263">
    <tag k="local_x" v="304773.5053"/>
    <tag k="local_y" v="2768157.6631"/>
    <tag k="ele" v="8.9"/>
  </node>
  <node id="10900005205" lat="49.89261016642" lon="125.7861462449">
    <tag k="local_x" v="304773.7013"/>
    <tag k="local_y" v="2768157.4359"/>
    <tag k="ele" v="8.9"/>
  </node>
  <node id="10900005206" lat="49.8926064398" lon="125.78614873394">
    <tag k="local_x" v="304773.9035"/>
    <tag k="local_y" v="2768157.0319"/>
    <tag k="ele" v="8.9"/>
  </node>
  <node id="10900005309" lat="49.89247088186" lon="125.78617490361">
    <tag k="local_x" v="304776.6373"/>
    <tag k="local_y" v="2768142.0739"/>
    <tag k="ele" v="8.9"/>
  </node>
  <node id="109000053010" lat="49.89247191407" lon="125.78618258275">
    <tag k="local_x" v="304777.1821"/>
    <tag k="local_y" v="2768142.2199"/>
    <tag k="ele" v="8.9"/>
  </node>
  <node id="109000053011" lat="49.89247161186" lon="125.78618981873">
    <tag k="local_x" v="304777.7035"/>
    <tag k="local_y" v="2768142.2158"/>
    <tag k="ele" v="8.9"/>
  </node>
  <node id="109000053012" lat="49.89247021519" lon="125.78619796978">
    <tag k="local_x" v="304778.2975"/>
    <tag k="local_y" v="2768142.0938"/>
    <tag k="ele" v="8.9"/>
  </node>
  <node id="10900005601" lat="49.8920302903" lon="125.78528398527">
    <tag k="local_x" v="304715.4537"/>
    <tag k="local_y" v="2768089.4809"/>
    <tag k="ele" v="8.9"/>
  </node>
  <node id="10900005602" lat="49.89203741529" lon="125.78528697897">
    <tag k="local_x" v="304715.6237"/>
    <tag k="local_y" v="2768090.2849"/>
    <tag k="ele" v="8.9"/>
  </node>
  <node id="10900005603" lat="49.89204463398" lon="125.78529060769">
    <tag k="local_x" v="304715.8387"/>
    <tag k="local_y" v="2768091.1019"/>
    <tag k="ele" v="8.9"/>
  </node>
  <node id="10900005604" lat="49.89205102995" lon="125.78529483274">
    <tag k="local_x" v="304716.1017"/>
    <tag k="local_y" v="2768091.8299"/>
    <tag k="ele" v="8.9"/>
  </node>
  <node id="10900005605" lat="49.89205664074" lon="125.78529916989">
    <tag k="local_x" v="304716.3777"/>
    <tag k="local_y" v="2768092.4711"/>
    <tag k="ele" v="8.9"/>
  </node>
  <node id="10900005606" lat="49.89206345268" lon="125.78530554864">
    <tag k="local_x" v="304716.7927"/>
    <tag k="local_y" v="2768093.2541"/>
    <tag k="ele" v="8.9"/>
  </node>
  <node id="10900005607" lat="49.89206795792" lon="125.78530980262">
    <tag k="local_x" v="304717.0697"/>
    <tag k="local_y" v="2768093.7721"/>
    <tag k="ele" v="8.9"/>
  </node>
  <node id="10900005608" lat="49.89207286233" lon="125.78531470453">
    <tag k="local_x" v="304717.3907"/>
    <tag k="local_y" v="2768094.3371"/>
    <tag k="ele" v="8.9"/>
  </node>
  <node id="10900005609" lat="49.89207668921" lon="125.78531924994">
    <tag k="local_x" v="304717.6929"/>
    <tag k="local_y" v="2768094.7809"/>
    <tag k="ele" v="8.9"/>
  </node>
  <node id="10900005701" lat="49.89244140508" lon="125.78499556355">
    <tag k="local_x" v="304692.1545"/>
    <tag k="local_y" v="2768133.9934"/>
    <tag k="ele" v="8.9"/>
  </node>
  <node id="10900005702" lat="49.89244055342" lon="125.78499856981">
    <tag k="local_x" v="304692.3757"/>
    <tag k="local_y" v="2768133.911"/>
    <tag k="ele" v="8.9"/>
  </node>
  <node id="10900005703" lat="49.8924389696" lon="125.78500169006">
    <tag k="local_x" v="304692.6097"/>
    <tag k="local_y" v="2768133.7477"/>
    <tag k="ele" v="8.9"/>
  </node>
  <node id="10900005704" lat="49.89243702863" lon="125.78500434158">
    <tag k="local_x" v="304692.8123"/>
    <tag k="local_y" v="2768133.5428"/>
    <tag k="ele" v="8.9"/>
  </node>
  <node id="10900005705" lat="49.89243356053" lon="125.78500812511">
    <tag k="local_x" v="304693.1058"/>
    <tag k="local_y" v="2768133.1728"/>
    <tag k="ele" v="8.9"/>
  </node>
  <node id="10900005706" lat="49.89242996965" lon="125.78501182124">
    <tag k="local_x" v="304693.3938"/>
    <tag k="local_y" v="2768132.7888"/>
    <tag k="ele" v="8.9"/>
  </node>
  <node id="10900005707" lat="49.89242550536" lon="125.78501528744">
    <tag k="local_x" v="304693.6708"/>
    <tag k="local_y" v="2768132.3068"/>
    <tag k="ele" v="8.9"/>
  </node>
  <node id="109000057020" lat="49.89237628064" lon="125.78500607507">
    <tag k="local_x" v="304693.3198"/>
    <tag k="local_y" v="2768126.7989"/>
    <tag k="ele" v="8.9"/>
  </node>
  <node id="109000057021" lat="49.89237248304" lon="125.78500212979">
    <tag k="local_x" v="304693.0605"/>
    <tag k="local_y" v="2768126.3608"/>
    <tag k="ele" v="8.9"/>
  </node>
  <node id="109000057022" lat="49.89236981254" lon="125.78499878493">
    <tag k="local_x" v="304692.8372"/>
    <tag k="local_y" v="2768126.0504"/>
    <tag k="ele" v="8.9"/>
  </node>
  <node id="109000057023" lat="49.89236751717" lon="125.78499487825">
    <tag k="local_x" v="304692.5712"/>
    <tag k="local_y" v="2768125.7794"/>
    <tag k="ele" v="8.9"/>
  </node>
  <node id="109000057024" lat="49.89236614909" lon="125.7849912536">
    <tag k="local_x" v="304692.3196"/>
    <tag k="local_y" v="2768125.6126"/>
    <tag k="ele" v="8.9"/>
  </node>
  <node id="109000057025" lat="49.89236522555" lon="125.78498748134">
    <tag k="local_x" v="304692.0546"/>
    <tag k="local_y" v="2768125.4946"/>
    <tag k="ele" v="8.9"/>
  </node>
  <node id="109000057026" lat="49.89236477072" lon="125.78498466955">
    <tag k="local_x" v="304691.8556"/>
    <tag k="local_y" v="2768125.4326"/>
    <tag k="ele" v="8.9"/>
  </node>
  <node id="109000057027" lat="49.89236464216" lon="125.78498203964">
    <tag k="local_x" v="304691.6676"/>
    <tag k="local_y" v="2768125.4076"/>
    <tag k="ele" v="8.9"/>
  </node>
  <node id="109000057028" lat="49.89236475323" lon="125.78497950041">
    <tag k="local_x" v="304691.4846"/>
    <tag k="local_y" v="2768125.4096"/>
    <tag k="ele" v="8.9"/>
  </node>
  <node id="109000057029" lat="49.89236498091" lon="125.78497697143">
    <tag k="local_x" v="304691.3016"/>
    <tag k="local_y" v="2768125.4246"/>
    <tag k="ele" v="8.9"/>
  </node>
  <node id="109000057030" lat="49.89236538606" lon="125.78497500126">
    <tag k="local_x" v="304691.1576"/>
    <tag k="local_y" v="2768125.4616"/>
    <tag k="ele" v="8.9"/>
  </node>
  <node id="109000057031" lat="49.89236622469" lon="125.78497249807">
    <tag k="local_x" v="304690.9726"/>
    <tag k="local_y" v="2768125.5446"/>
    <tag k="ele" v="8.9"/>
  </node>
  <node id="109000057032" lat="49.89236744601" lon="125.78496937385">
    <tag k="local_x" v="304690.7406"/>
    <tag k="local_y" v="2768125.6676"/>
    <tag k="ele" v="8.9"/>
  </node>
  <node id="109000057033" lat="49.89236877993" lon="125.78496759668">
    <tag k="local_x" v="304690.6046"/>
    <tag k="local_y" v="2768125.8086"/>
    <tag k="ele" v="8.9"/>
  </node>
  <node id="109000057034" lat="49.89237062461" lon="125.7849658783">
    <tag k="local_x" v="304690.4696"/>
    <tag k="local_y" v="2768126.0066"/>
    <tag k="ele" v="8.9"/>
  </node>
  <node id="109000057035" lat="49.89237310338" lon="125.78496453597">
    <tag k="local_x" v="304690.3576"/>
    <tag k="local_y" v="2768126.2766"/>
    <tag k="ele" v="8.9"/>
  </node>
  <node id="109000057036" lat="49.8923753027" lon="125.78496369839">
    <tag k="local_x" v="304690.2836"/>
    <tag k="local_y" v="2768126.5176"/>
    <tag k="ele" v="8.9"/>
  </node>
  <node id="109000057037" lat="49.89237789128" lon="125.78496279751">
    <tag k="local_x" v="304690.2026"/>
    <tag k="local_y" v="2768126.8016"/>
    <tag k="ele" v="8.9"/>
  </node>
  <node id="10900005801" lat="49.89213253141" lon="125.78492918737">
    <tag k="local_x" v="304689.3367"/>
    <tag k="local_y" v="2768099.3977"/>
    <tag k="ele" v="8.9"/>
  </node>
  <node id="10900005802" lat="49.89213810996" lon="125.78494081198">
    <tag k="local_x" v="304690.1361"/>
    <tag k="local_y" v="2768100.065"/>
    <tag k="ele" v="8.9"/>
  </node>
  <node id="10900005803" lat="49.89214146214" lon="125.78495096797">
    <tag k="local_x" v="304690.8441"/>
    <tag k="local_y" v="2768100.4789"/>
    <tag k="ele" v="8.9"/>
  </node>
  <node id="10900005804" lat="49.89214435485" lon="125.78496217006">
    <tag k="local_x" v="304691.6301"/>
    <tag k="local_y" v="2768100.846"/>
    <tag k="ele" v="8.9"/>
  </node>
  <node id="10900005805" lat="49.89214621752" lon="125.78497149879">
    <tag k="local_x" v="304692.2881"/>
    <tag k="local_y" v="2768101.091"/>
    <tag k="ele" v="8.9"/>
  </node>
  <node id="10900005806" lat="49.89214803888" lon="125.78498271543">
    <tag k="local_x" v="304693.0819"/>
    <tag k="local_y" v="2768101.3391"/>
    <tag k="ele" v="8.9"/>
  </node>
  <node id="10900005807" lat="49.89214940771" lon="125.78499397868">
    <tag k="local_x" v="304693.8819"/>
    <tag k="local_y" v="2768101.5371"/>
    <tag k="ele" v="8.9"/>
  </node>
  <node id="10900005808" lat="49.89215064874" lon="125.78500553714">
    <tag k="local_x" v="304694.7039"/>
    <tag k="local_y" v="2768101.7221"/>
    <tag k="ele" v="8.9"/>
  </node>
  <node id="109000058033" lat="49.89208012683" lon="125.78520360183">
    <tag k="local_x" v="304709.3684"/>
    <tag k="local_y" v="2768094.6918"/>
    <tag k="ele" v="8.9"/>
  </node>
  <node id="109000058034" lat="49.89207489874" lon="125.78520998445">
    <tag k="local_x" v="304709.8596"/>
    <tag k="local_y" v="2768094.1368"/>
    <tag k="ele" v="8.9"/>
  </node>
  <node id="109000058035" lat="49.89206966996" lon="125.7852156246">
    <tag k="local_x" v="304710.2975"/>
    <tag k="local_y" v="2768093.5787"/>
    <tag k="ele" v="8.9"/>
  </node>
  <node id="109000058036" lat="49.89206451063" lon="125.78522064684">
    <tag k="local_x" v="304710.6906"/>
    <tag k="local_y" v="2768093.0258"/>
    <tag k="ele" v="8.9"/>
  </node>
  <node id="109000058037" lat="49.89205876242" lon="125.78522501704">
    <tag k="local_x" v="304711.0406"/>
    <tag k="local_y" v="2768092.4048"/>
    <tag k="ele" v="8.9"/>
  </node>
  <node id="109000058038" lat="49.89205217087" lon="125.78522956387">
    <tag k="local_x" v="304711.4086"/>
    <tag k="local_y" v="2768091.6908"/>
    <tag k="ele" v="8.9"/>
  </node>
  <node id="109000058039" lat="49.89204516652" lon="125.78523329444">
    <tag k="local_x" v="304711.7206"/>
    <tag k="local_y" v="2768090.9276"/>
    <tag k="ele" v="8.9"/>
  </node>
  <node id="109000058040" lat="49.89203889629" lon="125.78523668555">
    <tag k="local_x" v="304712.0036"/>
    <tag k="local_y" v="2768090.2446"/>
    <tag k="ele" v="8.9"/>
  </node>
  <node id="109000058041" lat="49.89202940255" lon="125.78524037854">
    <tag k="local_x" v="304712.3286"/>
    <tag k="local_y" v="2768089.2046"/>
    <tag k="ele" v="8.9"/>
  </node>
  <node id="109000059019" lat="49.8921945356" lon="125.78516648206">
    <tag k="local_x" v="304705.982"/>
    <tag k="local_y" v="2768107.2549"/>
    <tag k="ele" v="8.9"/>
  </node>
  <node id="109000059020" lat="49.89219152007" lon="125.78515671637">
    <tag k="local_x" v="304705.2999"/>
    <tag k="local_y" v="2768106.88"/>
    <tag k="ele" v="8.9"/>
  </node>
  <node id="109000059021" lat="49.89218941644" lon="125.7851510158">
    <tag k="local_x" v="304704.9039"/>
    <tag k="local_y" v="2768106.623"/>
    <tag k="ele" v="8.9"/>
  </node>
  <node id="109000059022" lat="49.89218683252" lon="125.78514516162">
    <tag k="local_x" v="304704.4999"/>
    <tag k="local_y" v="2768106.312"/>
    <tag k="ele" v="8.9"/>
  </node>
  <node id="109000059023" lat="49.89218472159" lon="125.78514223781">
    <tag k="local_x" v="304704.3033"/>
    <tag k="local_y" v="2768106.0655"/>
    <tag k="ele" v="8.9"/>
  </node>
  <node id="109000059024" lat="49.89218297667" lon="125.78513927094">
    <tag k="local_x" v="304704.1013"/>
    <tag k="local_y" v="2768105.8595"/>
    <tag k="ele" v="8.9"/>
  </node>
  <node id="109000059025" lat="49.89218032856" lon="125.78513597819">
    <tag k="local_x" v="304703.8816"/>
    <tag k="local_y" v="2768105.5518"/>
    <tag k="ele" v="8.9"/>
  </node>
  <node id="109000059026" lat="49.89217655056" lon="125.78513319212">
    <tag k="local_x" v="304703.7054"/>
    <tag k="local_y" v="2768105.1206"/>
    <tag k="ele" v="8.9"/>
  </node>
  <node id="109000059027" lat="49.8921739207" lon="125.78513170894">
    <tag k="local_x" v="304703.6155"/>
    <tag k="local_y" v="2768104.8223"/>
    <tag k="ele" v="8.9"/>
  </node>
  <node id="109000059028" lat="49.89216784601" lon="125.78512799824">
    <tag k="local_x" v="304703.3874"/>
    <tag k="local_y" v="2768104.1321"/>
    <tag k="ele" v="8.9"/>
  </node>
  <node id="109000059029" lat="49.89216528262" lon="125.7851279667">
    <tag k="local_x" v="304703.4013"/>
    <tag k="local_y" v="2768103.8471"/>
    <tag k="ele" v="8.9"/>
  </node>
  <node id="109000059030" lat="49.89215853924" lon="125.78512551076">
    <tag k="local_x" v="304703.2675"/>
    <tag k="local_y" v="2768103.0877"/>
    <tag k="ele" v="8.9"/>
  </node>
  <node id="109000059031" lat="49.89215253752" lon="125.7851247928">
    <tag k="local_x" v="304703.2538"/>
    <tag k="local_y" v="2768102.4178"/>
    <tag k="ele" v="8.9"/>
  </node>
  <node id="109000059032" lat="49.89214667901" lon="125.78512748326">
    <tag k="local_x" v="304703.4839"/>
    <tag k="local_y" v="2768101.7777"/>
    <tag k="ele" v="8.9"/>
  </node>
  <node id="10900000601" lat="49.89227580751" lon="125.78510395944">
    <tag k="local_x" v="304700.9808"/>
    <tag k="local_y" v="2768116.032"/>
    <tag k="ele" v="8.9"/>
  </node>
  <node id="10900000602" lat="49.89227264725" lon="125.78509517136">
    <tag k="local_x" v="304700.3698"/>
    <tag k="local_y" v="2768115.645"/>
    <tag k="ele" v="8.9"/>
  </node>
  <node id="10900000603" lat="49.89227089687" lon="125.78508695284">
    <tag k="local_x" v="304699.7908"/>
    <tag k="local_y" v="2768115.417"/>
    <tag k="ele" v="8.9"/>
  </node>
  <node id="10900000604" lat="49.89227047698" lon="125.78508092935">
    <tag k="local_x" v="304699.361"/>
    <tag k="local_y" v="2768115.3458"/>
    <tag k="ele" v="8.9"/>
  </node>
  <node id="10900000605" lat="49.89227089219" lon="125.78507480649">
    <tag k="local_x" v="304698.9188"/>
    <tag k="local_y" v="2768115.367"/>
    <tag k="ele" v="8.9"/>
  </node>
  <node id="109000060025" lat="49.89215871895" lon="125.78505106321">
    <tag k="local_x" v="304697.9215"/>
    <tag k="local_y" v="2768102.8044"/>
    <tag k="ele" v="8.9"/>
  </node>
  <node id="109000060026" lat="49.89215894733" lon="125.78505845718">
    <tag k="local_x" v="304698.4509"/>
    <tag k="local_y" v="2768102.8599"/>
    <tag k="ele" v="8.9"/>
  </node>
  <node id="109000060027" lat="49.89215957817" lon="125.78506702307">
    <tag k="local_x" v="304699.0619"/>
    <tag k="local_y" v="2768102.9649"/>
    <tag k="ele" v="8.9"/>
  </node>
  <node id="109000060028" lat="49.89215989879" lon="125.78507128698">
    <tag k="local_x" v="304699.366"/>
    <tag k="local_y" v="2768103.0179"/>
    <tag k="ele" v="8.9"/>
  </node>
  <node id="109000060029" lat="49.892161079" lon="125.78508155866">
    <tag k="local_x" v="304700.096"/>
    <tag k="local_y" v="2768103.1909"/>
    <tag k="ele" v="8.9"/>
  </node>
  <node id="109000060030" lat="49.89216422792" lon="125.78509279161">
    <tag k="local_x" v="304700.8826"/>
    <tag k="local_y" v="2768103.5866"/>
    <tag k="ele" v="8.9"/>
  </node>
  <node id="109000060031" lat="49.89216815858" lon="125.78510474231">
    <tag k="local_x" v="304701.7158"/>
    <tag k="local_y" v="2768104.0721"/>
    <tag k="ele" v="8.9"/>
  </node>
  <node id="109000060032" lat="49.89217145098" lon="125.78511041636">
    <tag k="local_x" v="304702.1024"/>
    <tag k="local_y" v="2768104.4611"/>
    <tag k="ele" v="8.9"/>
  </node>
  <node id="109000060033" lat="49.89217418853" lon="125.78511477972">
    <tag k="local_x" v="304702.3984"/>
    <tag k="local_y" v="2768104.7831"/>
    <tag k="ele" v="8.9"/>
  </node>
  <node id="109000060034" lat="49.89217694395" lon="125.78511799274">
    <tag k="local_x" v="304702.6117"/>
    <tag k="local_y" v="2768105.1024"/>
    <tag k="ele" v="8.9"/>
  </node>
  <node id="109000060035" lat="49.89217942114" lon="125.78511932044">
    <tag k="local_x" v="304702.6914"/>
    <tag k="local_y" v="2768105.3831"/>
    <tag k="ele" v="8.9"/>
  </node>
  <node id="109000060036" lat="49.89218168292" lon="125.78512021553">
    <tag k="local_x" v="304702.7414"/>
    <tag k="local_y" v="2768105.6381"/>
    <tag k="ele" v="8.9"/>
  </node>
  <node id="109000060037" lat="49.89218551362" lon="125.78512158829">
    <tag k="local_x" v="304702.8158"/>
    <tag k="local_y" v="2768106.0694"/>
    <tag k="ele" v="8.9"/>
  </node>
  <node id="109000060038" lat="49.89218860913" lon="125.78512104672">
    <tag k="local_x" v="304702.7574"/>
    <tag k="local_y" v="2768106.4112"/>
    <tag k="ele" v="8.9"/>
  </node>
  <node id="109000060039" lat="49.89219217418" lon="125.78512051018">
    <tag k="local_x" v="304702.6964"/>
    <tag k="local_y" v="2768106.8052"/>
    <tag k="ele" v="8.9"/>
  </node>
  <node id="109000060040" lat="49.89219654655" lon="125.78511930633">
    <tag k="local_x" v="304702.5824"/>
    <tag k="local_y" v="2768107.2862"/>
    <tag k="ele" v="8.9"/>
  </node>
  <node id="109000060041" lat="49.89220044485" lon="125.78511809844">
    <tag k="local_x" v="304702.4711"/>
    <tag k="local_y" v="2768107.7145"/>
    <tag k="ele" v="8.9"/>
  </node>
  <node id="109000060042" lat="49.89220532293" lon="125.78511618267">
    <tag k="local_x" v="304702.3028"/>
    <tag k="local_y" v="2768108.2488"/>
    <tag k="ele" v="8.9"/>
  </node>
  <node id="10900006104" lat="49.892152073" lon="125.78552393027">
    <tag k="local_x" v="304731.9123"/>
    <tag k="local_y" v="2768103.9922"/>
    <tag k="ele" v="8.9"/>
  </node>
  <node id="10900006105" lat="49.89215107466" lon="125.78553324452">
    <tag k="local_x" v="304732.5873"/>
    <tag k="local_y" v="2768103.9192"/>
    <tag k="ele" v="8.9"/>
  </node>
  <node id="10900006106" lat="49.89214930754" lon="125.78554364732">
    <tag k="local_x" v="304733.3453"/>
    <tag k="local_y" v="2768103.7652"/>
    <tag k="ele" v="8.9"/>
  </node>
  <node id="10900006107" lat="49.89214652181" lon="125.78555436876">
    <tag k="local_x" v="304734.1326"/>
    <tag k="local_y" v="2768103.4993"/>
    <tag k="ele" v="8.9"/>
  </node>
  <node id="10900006108" lat="49.89214334302" lon="125.7855647172">
    <tag k="local_x" v="304734.8956"/>
    <tag k="local_y" v="2768103.1882"/>
    <tag k="ele" v="8.9"/>
  </node>
  <node id="10900006109" lat="49.89214035886" lon="125.78557250592">
    <tag k="local_x" v="304735.4736"/>
    <tag k="local_y" v="2768102.8883"/>
    <tag k="ele" v="8.9"/>
  </node>
  <node id="109000061010" lat="49.89213631151" lon="125.78557954659">
    <tag k="local_x" v="304736.0046"/>
    <tag k="local_y" v="2768102.4672"/>
    <tag k="ele" v="8.9"/>
  </node>
  <node id="109000061011" lat="49.89213229172" lon="125.78558613003">
    <tag k="local_x" v="304736.5026"/>
    <tag k="local_y" v="2768102.0473"/>
    <tag k="ele" v="8.9"/>
  </node>
  <node id="10900006201" lat="49.89213996856" lon="125.78561626375">
    <tag k="local_x" v="304738.6176"/>
    <tag k="local_y" v="2768103.0232"/>
    <tag k="ele" v="8.9"/>
  </node>
  <node id="10900006202" lat="49.89214844503" lon="125.78561798334">
    <tag k="local_x" v="304738.6876"/>
    <tag k="local_y" v="2768103.9722"/>
    <tag k="ele" v="8.9"/>
  </node>
  <node id="10900006203" lat="49.89215591716" lon="125.78562245479">
    <tag k="local_x" v="304738.9615"/>
    <tag k="local_y" v="2768104.8208"/>
    <tag k="ele" v="8.9"/>
  </node>
  <node id="10900006204" lat="49.89216124487" lon="125.78562778811">
    <tag k="local_x" v="304739.3108"/>
    <tag k="local_y" v="2768105.4346"/>
    <tag k="ele" v="8.9"/>
  </node>
  <node id="109000062015" lat="49.89216420398" lon="125.78573059462">
    <tag k="local_x" v="304746.673"/>
    <tag k="local_y" v="2768106.1823"/>
    <tag k="ele" v="8.9"/>
  </node>
  <node id="109000062016" lat="49.89215959892" lon="125.78574548392">
    <tag k="local_x" v="304747.771"/>
    <tag k="local_y" v="2768105.7312"/>
    <tag k="ele" v="8.9"/>
  </node>
  <node id="109000062017" lat="49.89215240006" lon="125.7857634047">
    <tag k="local_x" v="304749.103"/>
    <tag k="local_y" v="2768105.0042"/>
    <tag k="ele" v="8.9"/>
  </node>
  <node id="109000062018" lat="49.89214333013" lon="125.78578157898">
    <tag k="local_x" v="304750.465"/>
    <tag k="local_y" v="2768104.0703"/>
    <tag k="ele" v="8.9"/>
  </node>
  <node id="109000062019" lat="49.89213374882" lon="125.78579674149">
    <tag k="local_x" v="304751.614"/>
    <tag k="local_y" v="2768103.0673"/>
    <tag k="ele" v="8.9"/>
  </node>
  <node id="10900006301" lat="49.89214141203" lon="125.78585144583">
    <tag k="local_x" v="304755.4931"/>
    <tag k="local_y" v="2768104.1418"/>
    <tag k="ele" v="8.9"/>
  </node>
  <node id="10900006302" lat="49.89214804292" lon="125.78585252698">
    <tag k="local_x" v="304755.5289"/>
    <tag k="local_y" v="2768104.8831"/>
    <tag k="ele" v="8.9"/>
  </node>
  <node id="10900006303" lat="49.89215515769" lon="125.78585459639">
    <tag k="local_x" v="304755.6326"/>
    <tag k="local_y" v="2768105.6822"/>
    <tag k="ele" v="8.9"/>
  </node>
  <node id="10900006304" lat="49.89216026152" lon="125.78585710202">
    <tag k="local_x" v="304755.7803"/>
    <tag k="local_y" v="2768106.2596"/>
    <tag k="ele" v="8.9"/>
  </node>
  <node id="10900006305" lat="49.89216585901" lon="125.78586089347">
    <tag k="local_x" v="304756.0172"/>
    <tag k="local_y" v="2768106.8971"/>
    <tag k="ele" v="8.9"/>
  </node>
  <node id="10900006306" lat="49.89217237796" lon="125.78586652507">
    <tag k="local_x" v="304756.3804"/>
    <tag k="local_y" v="2768107.6445"/>
    <tag k="ele" v="8.9"/>
  </node>
  <node id="10900006307" lat="49.89217722249" lon="125.78587175886">
    <tag k="local_x" v="304756.7256"/>
    <tag k="local_y" v="2768108.2042"/>
    <tag k="ele" v="8.9"/>
  </node>
  <node id="10900006308" lat="49.89217993013" lon="125.78587531734">
    <tag k="local_x" v="304756.964"/>
    <tag k="local_y" v="2768108.5196"/>
    <tag k="ele" v="8.9"/>
  </node>
  <node id="10900006309" lat="49.89218439264" lon="125.78588247875">
    <tag k="local_x" v="304757.45"/>
    <tag k="local_y" v="2768109.0447"/>
    <tag k="ele" v="8.9"/>
  </node>
  <node id="109000063010" lat="49.89218763263" lon="125.78588859954">
    <tag k="local_x" v="304757.869"/>
    <tag k="local_y" v="2768109.4297"/>
    <tag k="ele" v="8.9"/>
  </node>
  <node id="109000063017" lat="49.89219853028" lon="125.78592117804">
    <tag k="local_x" v="304760.1392"/>
    <tag k="local_y" v="2768110.7735"/>
    <tag k="ele" v="8.9"/>
  </node>
  <node id="109000063018" lat="49.89219976038" lon="125.78592785353">
    <tag k="local_x" v="304760.6107"/>
    <tag k="local_y" v="2768110.9374"/>
    <tag k="ele" v="8.9"/>
  </node>
  <node id="109000063019" lat="49.8922008154" lon="125.78593537723">
    <tag k="local_x" v="304761.1442"/>
    <tag k="local_y" v="2768111.0853"/>
    <tag k="ele" v="8.9"/>
  </node>
  <node id="109000063020" lat="49.89220133898" lon="125.78594136943">
    <tag k="local_x" v="304761.5711"/>
    <tag k="local_y" v="2768111.1679"/>
    <tag k="ele" v="8.9"/>
  </node>
  <node id="109000063021" lat="49.89220167201" lon="125.78594693817">
    <tag k="local_x" v="304761.9688"/>
    <tag k="local_y" v="2768111.2276"/>
    <tag k="ele" v="8.9"/>
  </node>
  <node id="109000063022" lat="49.8922019352" lon="125.78595254675">
    <tag k="local_x" v="304762.3698"/>
    <tag k="local_y" v="2768111.2797"/>
    <tag k="ele" v="8.9"/>
  </node>
  <node id="109000063023" lat="49.89220195689" lon="125.78595674122">
    <tag k="local_x" v="304762.6708"/>
    <tag k="local_y" v="2768111.2992"/>
    <tag k="ele" v="8.9"/>
  </node>
  <node id="109000063024" lat="49.89220181994" lon="125.78596256258">
    <tag k="local_x" v="304763.0896"/>
    <tag k="local_y" v="2768111.3077"/>
    <tag k="ele" v="8.9"/>
  </node>
  <node id="109000063025" lat="49.89220141115" lon="125.78596870549">
    <tag k="local_x" v="304763.5332"/>
    <tag k="local_y" v="2768111.2873"/>
    <tag k="ele" v="8.9"/>
  </node>
  <node id="109000063026" lat="49.89220091536" lon="125.78597425156">
    <tag k="local_x" v="304763.9345"/>
    <tag k="local_y" v="2768111.2548"/>
    <tag k="ele" v="8.9"/>
  </node>
  <node id="109000063027" lat="49.89220034262" lon="125.78597981038">
    <tag k="local_x" v="304764.3372"/>
    <tag k="local_y" v="2768111.2138"/>
    <tag k="ele" v="8.9"/>
  </node>
  <node id="109000063028" lat="49.89219945808" lon="125.78598516073">
    <tag k="local_x" v="304764.7269"/>
    <tag k="local_y" v="2768111.1373"/>
    <tag k="ele" v="8.9"/>
  </node>
  <node id="109000063029" lat="49.89219853728" lon="125.78599073911">
    <tag k="local_x" v="304765.1332"/>
    <tag k="local_y" v="2768111.0577"/>
    <tag k="ele" v="8.9"/>
  </node>
  <node id="109000063030" lat="49.89219687427" lon="125.78599874277">
    <tag k="local_x" v="304765.7183"/>
    <tag k="local_y" v="2768110.9055"/>
    <tag k="ele" v="8.9"/>
  </node>
  <node id="109000063031" lat="49.89219492084" lon="125.78600686298">
    <tag k="local_x" v="304766.3136"/>
    <tag k="local_y" v="2768110.7215"/>
    <tag k="ele" v="8.9"/>
  </node>
  <node id="109000063040" lat="49.8921591769" lon="125.7860862204">
    <tag k="local_x" v="304772.2364"/>
    <tag k="local_y" v="2768107.0726"/>
    <tag k="ele" v="8.9"/>
  </node>
  <node id="109000063041" lat="49.89215025466" lon="125.78610041421">
    <tag k="local_x" v="304773.3117"/>
    <tag k="local_y" v="2768106.1389"/>
    <tag k="ele" v="8.9"/>
  </node>
  <node id="109000063042" lat="49.89213756415" lon="125.78611771738">
    <tag k="local_x" v="304774.634"/>
    <tag k="local_y" v="2768104.7991"/>
    <tag k="ele" v="8.9"/>
  </node>
  <node id="109000063043" lat="49.89212466102" lon="125.78613195982">
    <tag k="local_x" v="304775.7379"/>
    <tag k="local_y" v="2768103.4232"/>
    <tag k="ele" v="8.9"/>
  </node>
  <node id="10900006901" lat="49.89231952967" lon="125.785087593">
    <tag k="local_x" v="304699.5301"/>
    <tag k="local_y" v="2768120.8242"/>
    <tag k="ele" v="8.9"/>
  </node>
  <node id="10900006902" lat="49.89232131887" lon="125.78508400051">
    <tag k="local_x" v="304699.2609"/>
    <tag k="local_y" v="2768121.0084"/>
    <tag k="ele" v="8.9"/>
  </node>
  <node id="10900006903" lat="49.89232431025" lon="125.78507898421">
    <tag k="local_x" v="304698.8819"/>
    <tag k="local_y" v="2768121.3204"/>
    <tag k="ele" v="8.9"/>
  </node>
  <node id="10900006904" lat="49.8923281846" lon="125.78507344652">
    <tag k="local_x" v="304698.4599"/>
    <tag k="local_y" v="2768121.7284"/>
    <tag k="ele" v="8.9"/>
  </node>
  <node id="10900006905" lat="49.89233134004" lon="125.78506960072">
    <tag k="local_x" v="304698.1639"/>
    <tag k="local_y" v="2768122.0634"/>
    <tag k="ele" v="8.9"/>
  </node>
  <node id="10900006906" lat="49.89233420139" lon="125.78506714984">
    <tag k="local_x" v="304697.9699"/>
    <tag k="local_y" v="2768122.3714"/>
    <tag k="ele" v="8.9"/>
  </node>
  <node id="10900006909" lat="49.89234097888" lon="125.78506514041">
    <tag k="local_x" v="304697.7829"/>
    <tag k="local_y" v="2768123.1164"/>
    <tag k="ele" v="8.9"/>
  </node>
  <node id="109000069010" lat="49.89234284689" lon="125.78506548555">
    <tag k="local_x" v="304697.7959"/>
    <tag k="local_y" v="2768123.3254"/>
    <tag k="ele" v="8.9"/>
  </node>
  <node id="109000069011" lat="49.89234496701" lon="125.78506656321">
    <tag k="local_x" v="304697.8599"/>
    <tag k="local_y" v="2768123.5654"/>
    <tag k="ele" v="8.9"/>
  </node>
  <node id="109000069012" lat="49.8923468092" lon="125.78506810396">
    <tag k="local_x" v="304697.9589"/>
    <tag k="local_y" v="2768123.7764"/>
    <tag k="ele" v="8.9"/>
  </node>
  <node id="109000069013" lat="49.89234850648" lon="125.78507016128">
    <tag k="local_x" v="304698.0959"/>
    <tag k="local_y" v="2768123.9734"/>
    <tag k="ele" v="8.9"/>
  </node>
  <node id="109000069014" lat="49.8923501827" lon="125.78507303856">
    <tag k="local_x" v="304698.2919"/>
    <tag k="local_y" v="2768124.1714"/>
    <tag k="ele" v="8.9"/>
  </node>
  <node id="10900007001" lat="49.89235653545" lon="125.78506572672">
    <tag k="local_x" v="304697.7269"/>
    <tag k="local_y" v="2768124.8476"/>
    <tag k="ele" v="8.9"/>
  </node>
  <node id="10900007002" lat="49.89235753504" lon="125.78506015801">
    <tag k="local_x" v="304697.3208"/>
    <tag k="local_y" v="2768124.936"/>
    <tag k="ele" v="8.9"/>
  </node>
  <node id="10900007003" lat="49.89235912633" lon="125.78505305338">
    <tag k="local_x" v="304696.8007"/>
    <tag k="local_y" v="2768125.0839"/>
    <tag k="ele" v="8.9"/>
  </node>
  <node id="10900007004" lat="49.89236069319" lon="125.78504936474">
    <tag k="local_x" v="304696.526"/>
    <tag k="local_y" v="2768125.243"/>
    <tag k="ele" v="8.9"/>
  </node>
  <node id="10900007005" lat="49.89236244169" lon="125.7850464651">
    <tag k="local_x" v="304696.3068"/>
    <tag k="local_y" v="2768125.4255"/>
    <tag k="ele" v="8.9"/>
  </node>
  <node id="10900007006" lat="49.89236425586" lon="125.78504422868">
    <tag k="local_x" v="304696.1348"/>
    <tag k="local_y" v="2768125.618"/>
    <tag k="ele" v="8.9"/>
  </node>
  <node id="109000070013" lat="49.89239218338" lon="125.78504400719">
    <tag k="local_x" v="304695.9428"/>
    <tag k="local_y" v="2768128.7207"/>
    <tag k="ele" v="8.9"/>
  </node>
  <node id="109000070014" lat="49.89239429289" lon="125.78504515356">
    <tag k="local_x" v="304696.0118"/>
    <tag k="local_y" v="2768128.9598"/>
    <tag k="ele" v="8.9"/>
  </node>
  <node id="109000070015" lat="49.89239706212" lon="125.78504717967">
    <tag k="local_x" v="304696.1398"/>
    <tag k="local_y" v="2768129.2758"/>
    <tag k="ele" v="8.9"/>
  </node>
  <node id="109000070016" lat="49.89239932631" lon="125.78504896642">
    <tag k="local_x" v="304696.2538"/>
    <tag k="local_y" v="2768129.5347"/>
    <tag k="ele" v="8.9"/>
  </node>
  <node id="109000070017" lat="49.89240162334" lon="125.785051355">
    <tag k="local_x" v="304696.4108"/>
    <tag k="local_y" v="2768129.7997"/>
    <tag k="ele" v="8.9"/>
  </node>
  <node id="109000070018" lat="49.89240420231" lon="125.785054423">
    <tag k="local_x" v="304696.6148"/>
    <tag k="local_y" v="2768130.0988"/>
    <tag k="ele" v="8.9"/>
  </node>
  <node id="109000070019" lat="49.89240662929" lon="125.78505748879">
    <tag k="local_x" v="304696.8196"/>
    <tag k="local_y" v="2768130.381"/>
    <tag k="ele" v="8.9"/>
  </node>
  <node id="109000070020" lat="49.89240897218" lon="125.7850607617">
    <tag k="local_x" v="304697.0398"/>
    <tag k="local_y" v="2768130.6547"/>
    <tag k="ele" v="8.9"/>
  </node>
  <node id="109000070021" lat="49.89241016392" lon="125.78506310892">
    <tag k="local_x" v="304697.2008"/>
    <tag k="local_y" v="2768130.7967"/>
    <tag k="ele" v="8.9"/>
  </node>
  <node id="109000070022" lat="49.8924108886" lon="125.78506494153">
    <tag k="local_x" v="304697.3278"/>
    <tag k="local_y" v="2768130.8847"/>
    <tag k="ele" v="8.9"/>
  </node>
  <node id="109000070023" lat="49.89241141577" lon="125.78506752289">
    <tag k="local_x" v="304697.5098"/>
    <tag k="local_y" v="2768130.9538"/>
    <tag k="ele" v="8.9"/>
  </node>
  <node id="10900007101" lat="49.89262669224" lon="125.78638470866">
    <tag k="local_x" v="304790.7171"/>
    <tag k="local_y" v="2768160.2441"/>
    <tag k="ele" v="8.9"/>
  </node>
  <node id="10900007102" lat="49.89262602042" lon="125.78636592497">
    <tag k="local_x" v="304789.3728"/>
    <tag k="local_y" v="2768160.0929"/>
    <tag k="ele" v="8.9"/>
  </node>
  <node id="10900007103" lat="49.89262548393" lon="125.78634207608">
    <tag k="local_x" v="304787.664"/>
    <tag k="local_y" v="2768159.9361"/>
    <tag k="ele" v="8.9"/>
  </node>
  <node id="10900007201" lat="49.89275909305" lon="125.78496145128">
    <tag k="local_x" v="304687.7023"/>
    <tag k="local_y" v="2768169.1593"/>
    <tag k="ele" v="8.9"/>
  </node>
  <node id="10900007202" lat="49.89276133212" lon="125.78496664844">
    <tag k="local_x" v="304688.0613"/>
    <tag k="local_y" v="2768169.4293"/>
    <tag k="ele" v="8.9"/>
  </node>
  <node id="10900007203" lat="49.89276292207" lon="125.78497234574">
    <tag k="local_x" v="304688.4603"/>
    <tag k="local_y" v="2768169.6292"/>
    <tag k="ele" v="8.9"/>
  </node>
  <node id="10900007204" lat="49.89276366699" lon="125.78497706344">
    <tag k="local_x" v="304688.7943"/>
    <tag k="local_y" v="2768169.7312"/>
    <tag k="ele" v="8.9"/>
  </node>
  <node id="10900007205" lat="49.89276373403" lon="125.78498279553">
    <tag k="local_x" v="304689.2054"/>
    <tag k="local_y" v="2768169.762"/>
    <tag k="ele" v="8.9"/>
  </node>
  <node id="10900007206" lat="49.89276294226" lon="125.78498880737">
    <tag k="local_x" v="304689.642"/>
    <tag k="local_y" v="2768169.6985"/>
    <tag k="ele" v="8.9"/>
  </node>
  <node id="10900007207" lat="49.89276116197" lon="125.78499537313">
    <tag k="local_x" v="304690.1246"/>
    <tag k="local_y" v="2768169.5274"/>
    <tag k="ele" v="8.9"/>
  </node>
  <node id="10900007208" lat="49.89275915296" lon="125.78500130453">
    <tag k="local_x" v="304690.5631"/>
    <tag k="local_y" v="2768169.3283"/>
    <tag k="ele" v="8.9"/>
  </node>
  <node id="10900007209" lat="49.89275651201" lon="125.7850084215">
    <tag k="local_x" v="304691.0907"/>
    <tag k="local_y" v="2768169.0638"/>
    <tag k="ele" v="8.9"/>
  </node>
  <node id="109000072010" lat="49.89275290596" lon="125.78501606658">
    <tag k="local_x" v="304691.6623"/>
    <tag k="local_y" v="2768168.6942"/>
    <tag k="ele" v="8.9"/>
  </node>
  <node id="109000073012" lat="49.89276516052" lon="125.78511309259">
    <tag k="local_x" v="304698.5508"/>
    <tag k="local_y" v="2768170.4513"/>
    <tag k="ele" v="8.9"/>
  </node>
  <node id="109000073013" lat="49.89277526114" lon="125.78512205576">
    <tag k="local_x" v="304699.1306"/>
    <tag k="local_y" v="2768171.6103"/>
    <tag k="ele" v="8.9"/>
  </node>
  <node id="109000073014" lat="49.89278255005" lon="125.78512973427">
    <tag k="local_x" v="304699.6359"/>
    <tag k="local_y" v="2768172.4516"/>
    <tag k="ele" v="8.9"/>
  </node>
  <node id="109000073015" lat="49.89278791047" lon="125.78513584494">
    <tag k="local_x" v="304700.0408"/>
    <tag k="local_y" v="2768173.0722"/>
    <tag k="ele" v="8.9"/>
  </node>
  <node id="109000073016" lat="49.89279261756" lon="125.78514320893">
    <tag k="local_x" v="304700.5398"/>
    <tag k="local_y" v="2768173.6253"/>
    <tag k="ele" v="8.9"/>
  </node>
  <node id="10900007406" lat="49.89277039542" lon="125.78502178276">
    <tag k="local_x" v="304691.9624"/>
    <tag k="local_y" v="2768170.6611"/>
    <tag k="ele" v="8.9"/>
  </node>
  <node id="10900007407" lat="49.89277395733" lon="125.78501249436">
    <tag k="local_x" v="304691.2731"/>
    <tag k="local_y" v="2768171.0191"/>
    <tag k="ele" v="8.9"/>
  </node>
  <node id="10900007408" lat="49.8927774424" lon="125.78500535124">
    <tag k="local_x" v="304690.7383"/>
    <tag k="local_y" v="2768171.3773"/>
    <tag k="ele" v="8.9"/>
  </node>
  <node id="10900007409" lat="49.89278727781" lon="125.78498764776">
    <tag k="local_x" v="304689.4053"/>
    <tag k="local_y" v="2768172.3982"/>
    <tag k="ele" v="8.9"/>
  </node>
  <node id="10900007501" lat="49.89279744802" lon="125.78511131797">
    <tag k="local_x" v="304698.2198"/>
    <tag k="local_y" v="2768174.0322"/>
    <tag k="ele" v="8.9"/>
  </node>
  <node id="10900007502" lat="49.8927922644" lon="125.78511096437">
    <tag k="local_x" v="304698.2271"/>
    <tag k="local_y" v="2768173.4547"/>
    <tag k="ele" v="8.9"/>
  </node>
  <node id="10900007503" lat="49.89278776725" lon="125.78510921409">
    <tag k="local_x" v="304698.1298"/>
    <tag k="local_y" v="2768172.9478"/>
    <tag k="ele" v="8.9"/>
  </node>
  <node id="10900007504" lat="49.89278406468" lon="125.78510653071">
    <tag k="local_x" v="304697.9605"/>
    <tag k="local_y" v="2768172.5254"/>
    <tag k="ele" v="8.9"/>
  </node>
  <node id="10900007505" lat="49.89277990081" lon="125.78510199744">
    <tag k="local_x" v="304697.6613"/>
    <tag k="local_y" v="2768172.0442"/>
    <tag k="ele" v="8.9"/>
  </node>
  <node id="10900007506" lat="49.89277534972" lon="125.78509565561">
    <tag k="local_x" v="304697.2347"/>
    <tag k="local_y" v="2768171.5126"/>
    <tag k="ele" v="8.9"/>
  </node>
  <node id="10900007507" lat="49.89277170783" lon="125.7850892056">
    <tag k="local_x" v="304696.7946"/>
    <tag k="local_y" v="2768171.0816"/>
    <tag k="ele" v="8.9"/>
  </node>
  <node id="10900007508" lat="49.89276872619" lon="125.78508236924">
    <tag k="local_x" v="304696.3226"/>
    <tag k="local_y" v="2768170.7224"/>
    <tag k="ele" v="8.9"/>
  </node>
  <node id="10900000801" lat="49.89226341388" lon="125.78492041169">
    <tag k="local_x" v="304687.8814"/>
    <tag k="local_y" v="2768113.907"/>
    <tag k="ele" v="8.9"/>
  </node>
  <node id="10900000802" lat="49.89224888785" lon="125.78493300206">
    <tag k="local_x" v="304688.8769"/>
    <tag k="local_y" v="2768112.344"/>
    <tag k="ele" v="8.9"/>
  </node>
  <node id="10900000803" lat="49.89223655297" lon="125.78494161458">
    <tag k="local_x" v="304689.573"/>
    <tag k="local_y" v="2768111.0083"/>
    <tag k="ele" v="8.9"/>
  </node>
  <node id="10900000804" lat="49.89222799791" lon="125.78494635952">
    <tag k="local_x" v="304689.9676"/>
    <tag k="local_y" v="2768110.0769"/>
    <tag k="ele" v="8.9"/>
  </node>
  <node id="10900000809" lat="49.89218082765" lon="125.7849472088">
    <tag k="local_x" v="304690.326"/>
    <tag k="local_y" v="2768104.8383"/>
    <tag k="ele" v="8.9"/>
  </node>
  <node id="109000008010" lat="49.89217271161" lon="125.78494400274">
    <tag k="local_x" v="304690.147"/>
    <tag k="local_y" v="2768103.9233"/>
    <tag k="ele" v="8.9"/>
  </node>
  <node id="109000008011" lat="49.89216371528" lon="125.78493925685">
    <tag k="local_x" v="304689.863"/>
    <tag k="local_y" v="2768102.9042"/>
    <tag k="ele" v="8.9"/>
  </node>
  <node id="109000008012" lat="49.89215547888" lon="125.78493442448">
    <tag k="local_x" v="304689.568"/>
    <tag k="local_y" v="2768101.9692"/>
    <tag k="ele" v="8.9"/>
  </node>
  <node id="109000008013" lat="49.89214727413" lon="125.78492710861">
    <tag k="local_x" v="304689.0945"/>
    <tag k="local_y" v="2768101.0276"/>
    <tag k="ele" v="8.9"/>
  </node>
  <node id="109000008014" lat="49.89213743484" lon="125.78491361802">
    <tag k="local_x" v="304688.188"/>
    <tag k="local_y" v="2768099.8792"/>
    <tag k="ele" v="8.9"/>
  </node>
  <node id="10900000901" lat="49.89265214308" lon="125.78515961031">
    <tag k="local_x" v="304702.6031"/>
    <tag k="local_y" v="2768158.0811"/>
    <tag k="ele" v="8.9"/>
  </node>
  <node id="10900000902" lat="49.89265197852" lon="125.78515452573">
    <tag k="local_x" v="304702.2391"/>
    <tag k="local_y" v="2768158.0421"/>
    <tag k="ele" v="8.9"/>
  </node>
  <node id="10900000903" lat="49.89265178745" lon="125.78514697339">
    <tag k="local_x" v="304701.6981"/>
    <tag k="local_y" v="2768157.9901"/>
    <tag k="ele" v="8.9"/>
  </node>
  <node id="10900000904" lat="49.89265183485" lon="125.78514376554">
    <tag k="local_x" v="304701.4675"/>
    <tag k="local_y" v="2768157.9823"/>
    <tag k="ele" v="8.9"/>
  </node>
  <node id="10900000905" lat="49.89265211617" lon="125.78514055874">
    <tag k="local_x" v="304701.2355"/>
    <tag k="local_y" v="2768158.0005"/>
    <tag k="ele" v="8.9"/>
  </node>
  <node id="10900000906" lat="49.8926526185" lon="125.785136576">
    <tag k="local_x" v="304700.9464"/>
    <tag k="local_y" v="2768158.0401"/>
    <tag k="ele" v="8.9"/>
  </node>
  <node id="10900000907" lat="49.89265327696" lon="125.78513233537">
    <tag k="local_x" v="304700.6378"/>
    <tag k="local_y" v="2768158.096"/>
    <tag k="ele" v="8.9"/>
  </node>
  <node id="10900000908" lat="49.89265420487" lon="125.7851281574">
    <tag k="local_x" v="304700.332"/>
    <tag k="local_y" v="2768158.1821"/>
    <tag k="ele" v="8.9"/>
  </node>
  <node id="10900000909" lat="49.8926551143" lon="125.78512495005">
    <tag k="local_x" v="304700.096"/>
    <tag k="local_y" v="2768158.2701"/>
    <tag k="ele" v="8.9"/>
  </node>
  <node id="109000009010" lat="49.89265675008" lon="125.78512009323">
    <tag k="local_x" v="304699.737"/>
    <tag k="local_y" v="2768158.4321"/>
    <tag k="ele" v="8.9"/>
  </node>
  <node id="109000009011" lat="49.89265834921" lon="125.78511623608">
    <tag k="local_x" v="304699.45"/>
    <tag k="local_y" v="2768158.5941"/>
    <tag k="ele" v="8.9"/>
  </node>
  <node id="109000009012" lat="49.89266212536" lon="125.78510981778">
    <tag k="local_x" v="304698.9654"/>
    <tag k="local_y" v="2768158.9876"/>
    <tag k="ele" v="8.9"/>
  </node>
  <node id="109000009013" lat="49.89266609146" lon="125.78510499292">
    <tag k="local_x" v="304698.594"/>
    <tag k="local_y" v="2768159.4087"/>
    <tag k="ele" v="8.9"/>
  </node>
  <node id="109000009014" lat="49.89267031643" lon="125.78510155027">
    <tag k="local_x" v="304698.3202"/>
    <tag k="local_y" v="2768159.8642"/>
    <tag k="ele" v="8.9"/>
  </node>
  <node id="109000009015" lat="49.89267401915" lon="125.78509914819">
    <tag k="local_x" v="304698.1244"/>
    <tag k="local_y" v="2768160.2659"/>
    <tag k="ele" v="8.9"/>
  </node>
  <node id="109000009016" lat="49.89267835732" lon="125.78509691337">
    <tag k="local_x" v="304697.9366"/>
    <tag k="local_y" v="2768160.7389"/>
    <tag k="ele" v="8.9"/>
  </node>
  <node id="109000009017" lat="49.89268168655" lon="125.78509527383">
    <tag k="local_x" v="304697.7979"/>
    <tag k="local_y" v="2768161.1022"/>
    <tag k="ele" v="8.9"/>
  </node>
  <node id="1030000620414" lat="49.89220878422" lon="125.78601497562">
    <tag k="local_x" v="304766.8086"/>
    <tag k="local_y" v="2768112.2952"/>
    <tag k="ele" v="8.9"/>
  </node>
  <node id="1030000620415" lat="49.89221894841" lon="125.78602767599">
    <tag k="local_x" v="304767.6563"/>
    <tag k="local_y" v="2768113.4765"/>
    <tag k="ele" v="8.9"/>
  </node>
  <node id="1030000620430" lat="49.89222246528" lon="125.78602104143">
    <tag k="local_x" v="304767.1578"/>
    <tag k="local_y" v="2768113.8403"/>
    <tag k="ele" v="8.9"/>
  </node>
  <node id="1030000620432" lat="49.89222098574" lon="125.78592660503">
    <tag k="local_x" v="304760.3872"/>
    <tag k="local_y" v="2768113.2911"/>
    <tag k="ele" v="8.9"/>
  </node>
  <node id="1030000620433" lat="49.89221227914" lon="125.78593324891">
    <tag k="local_x" v="304760.9191"/>
    <tag k="local_y" v="2768112.3506"/>
    <tag k="ele" v="8.9"/>
  </node>
  <node id="1030000620436" lat="49.89222539219" lon="125.78601464337">
    <tag k="local_x" v="304766.68"/>
    <tag k="local_y" v="2768114.1395"/>
    <tag k="ele" v="8.9"/>
  </node>
  <node id="1030000620437" lat="49.89222697329" lon="125.78600946285">
    <tag k="local_x" v="304766.2981"/>
    <tag k="local_y" v="2768114.2941"/>
    <tag k="ele" v="8.9"/>
  </node>
  <node id="1030000620438" lat="49.89222997332" lon="125.78599729075">
    <tag k="local_x" v="304765.4053"/>
    <tag k="local_y" v="2768114.5779"/>
    <tag k="ele" v="8.9"/>
  </node>
  <node id="1030000620439" lat="49.89223263472" lon="125.78598279483">
    <tag k="local_x" v="304764.3478"/>
    <tag k="local_y" v="2768114.8146"/>
    <tag k="ele" v="8.9"/>
  </node>
  <node id="1030000620440" lat="49.89223352996" lon="125.78596758102">
    <tag k="local_x" v="304763.2499"/>
    <tag k="local_y" v="2768114.8521"/>
    <tag k="ele" v="8.9"/>
  </node>
  <node id="1030000620441" lat="49.89223168654" lon="125.78595264897">
    <tag k="local_x" v="304762.1895"/>
    <tag k="local_y" v="2768114.5864"/>
    <tag k="ele" v="8.9"/>
  </node>
  <node id="1030000620442" lat="49.89222722004" lon="125.78593901865">
    <tag k="local_x" v="304761.2391"/>
    <tag k="local_y" v="2768114.0345"/>
    <tag k="ele" v="8.9"/>
  </node>
  <node id="1030000620452" lat="49.8922136082" lon="125.78600115998">
    <tag k="local_x" v="304765.7863"/>
    <tag k="local_y" v="2768112.775"/>
    <tag k="ele" v="8.9"/>
  </node>
  <node id="1030000620453" lat="49.8922149973" lon="125.78599375488">
    <tag k="local_x" v="304765.2459"/>
    <tag k="local_y" v="2768112.8992"/>
    <tag k="ele" v="8.9"/>
  </node>
  <node id="1030000620454" lat="49.89221623832" lon="125.7859808906">
    <tag k="local_x" v="304764.3145"/>
    <tag k="local_y" v="2768112.9847"/>
    <tag k="ele" v="8.9"/>
  </node>
  <node id="1030000620455" lat="49.89221617193" lon="125.7859706262">
    <tag k="local_x" v="304763.578"/>
    <tag k="local_y" v="2768112.9355"/>
    <tag k="ele" v="8.9"/>
  </node>
  <node id="1030000620456" lat="49.89221605814" lon="125.78595733508">
    <tag k="local_x" v="304762.6245"/>
    <tag k="local_y" v="2768112.8687"/>
    <tag k="ele" v="8.9"/>
  </node>
  <node id="1030000620457" lat="49.89221462796" lon="125.78594470416">
    <tag k="local_x" v="304761.7267"/>
    <tag k="local_y" v="2768112.6583"/>
    <tag k="ele" v="8.9"/>
  </node>
  <node id="1030000620458" lat="49.89221393865" lon="125.78593959998">
    <tag k="local_x" v="304761.3646"/>
    <tag k="local_y" v="2768112.5609"/>
    <tag k="ele" v="8.9"/>
  </node>
  <node id="1030000620459" lat="49.89222425899" lon="125.78593243206">
    <tag k="local_x" v="304760.7849"/>
    <tag k="local_y" v="2768113.6786"/>
    <tag k="ele" v="8.9"/>
  </node>
  <node id="1030000620466" lat="49.89221452618" lon="125.78593891476">
    <tag k="local_x" v="304761.3117"/>
    <tag k="local_y" v="2768112.6234"/>
    <tag k="ele" v="8.9"/>
  </node>
  <node id="1030000620467" lat="49.89222307943" lon="125.78593021962">
    <tag k="local_x" v="304760.6335"/>
    <tag k="local_y" v="2768113.5385"/>
    <tag k="ele" v="8.9"/>
  </node>
  <node id="1030000620476" lat="49.8922144914" lon="125.78594136039">
    <tag k="local_x" v="304761.4875"/>
    <tag k="local_y" v="2768112.6295"/>
    <tag k="ele" v="8.9"/>
  </node>
  <node id="1030000620477" lat="49.8922055078" lon="125.78594608562">
    <tag k="local_x" v="304761.8834"/>
    <tag k="local_y" v="2768111.6504"/>
    <tag k="ele" v="8.9"/>
  </node>
  <node id="1030000620494" lat="49.89220895587" lon="125.78601488345">
    <tag k="local_x" v="304766.8009"/>
    <tag k="local_y" v="2768112.3139"/>
    <tag k="ele" v="8.9"/>
  </node>
  <node id="1030000620495" lat="49.89219731532" lon="125.78600389338">
    <tag k="local_x" v="304766.0853"/>
    <tag k="local_y" v="2768110.9755"/>
    <tag k="ele" v="8.9"/>
  </node>
  <node id="1030000620531" lat="49.8922160265" lon="125.78595544913">
    <tag k="local_x" v="304762.4893"/>
    <tag k="local_y" v="2768112.8575"/>
    <tag k="ele" v="8.9"/>
  </node>
  <node id="1030000620532" lat="49.89221632165" lon="125.78596556091">
    <tag k="local_x" v="304763.2134"/>
    <tag k="local_y" v="2768112.9315"/>
    <tag k="ele" v="8.9"/>
  </node>
  <node id="1030000620533" lat="49.89221639557" lon="125.7859798904">
    <tag k="local_x" v="304764.2417"/>
    <tag k="local_y" v="2768112.9981"/>
    <tag k="ele" v="8.9"/>
  </node>
  <node id="1030000620534" lat="49.89221434159" lon="125.78599853336">
    <tag k="local_x" v="304765.5931"/>
    <tag k="local_y" v="2768112.8458"/>
    <tag k="ele" v="8.9"/>
  </node>
  <node id="1030000620535" lat="49.89220602517" lon="125.78595489786">
    <tag k="local_x" v="304762.5128"/>
    <tag k="local_y" v="2768111.7438"/>
    <tag k="ele" v="8.9"/>
  </node>
  <node id="1030000620536" lat="49.89220634904" lon="125.78596609165">
    <tag k="local_x" v="304763.3144"/>
    <tag k="local_y" v="2768111.8254"/>
    <tag k="ele" v="8.9"/>
  </node>
  <node id="1030000620537" lat="49.8922050546" lon="125.78597597046">
    <tag k="local_x" v="304764.0318"/>
    <tag k="local_y" v="2768111.7218"/>
    <tag k="ele" v="8.9"/>
  </node>
  <node id="1030000620538" lat="49.89220211174" lon="125.785986068">
    <tag k="local_x" v="304764.7753"/>
    <tag k="local_y" v="2768111.4359"/>
    <tag k="ele" v="8.9"/>
  </node>
  <node id="1030000620542" lat="49.8921998459" lon="125.78518608665">
    <tag k="local_x" v="304707.356"/>
    <tag k="local_y" v="2768107.9249"/>
    <tag k="ele" v="8.9"/>
  </node>
  <node id="1030000620543" lat="49.89221968299" lon="125.78517282904">
    <tag k="local_x" v="304706.2791"/>
    <tag k="local_y" v="2768110.0754"/>
    <tag k="ele" v="8.9"/>
  </node>
  <node id="1030000620549" lat="49.89221773649" lon="125.78510844348">
    <tag k="local_x" v="304701.6689"/>
    <tag k="local_y" v="2768109.5968"/>
    <tag k="ele" v="8.9"/>
  </node>
  <node id="1030000620550" lat="49.89222227842" lon="125.78512757943">
    <tag k="local_x" v="304703.0141"/>
    <tag k="local_y" v="2768110.1795"/>
    <tag k="ele" v="8.9"/>
  </node>
  <node id="1030000620590" lat="49.89219971186" lon="125.78518645374">
    <tag k="local_x" v="304707.3832"/>
    <tag k="local_y" v="2768107.9115"/>
    <tag k="ele" v="8.9"/>
  </node>
  <node id="1030000620615" lat="49.89218174989" lon="125.78512022977">
    <tag k="local_x" v="304702.742"/>
    <tag k="local_y" v="2768105.6456"/>
    <tag k="ele" v="8.9"/>
  </node>
  <node id="1030000620619" lat="49.89215792535" lon="125.78505020236">
    <tag k="local_x" v="304697.8647"/>
    <tag k="local_y" v="2768102.7127"/>
    <tag k="ele" v="8.9"/>
  </node>
  <node id="1030000620626" lat="49.89212551743" lon="125.78515451015">
    <tag k="local_x" v="304705.5577"/>
    <tag k="local_y" v="2768099.5361"/>
    <tag k="ele" v="8.9"/>
  </node>
  <node id="1030000620627" lat="49.89212262745" lon="125.78513930655">
    <tag k="local_x" v="304704.4844"/>
    <tag k="local_y" v="2768099.153"/>
    <tag k="ele" v="8.9"/>
  </node>
  <node id="1030000620727" lat="49.89235631355" lon="125.78613493462">
    <tag k="local_x" v="304774.4904"/>
    <tag k="local_y" v="2768129.179"/>
    <tag k="ele" v="8.9"/>
  </node>
  <node id="1030000620728" lat="49.89235780411" lon="125.78612839504">
    <tag k="local_x" v="304774.0115"/>
    <tag k="local_y" v="2768129.318"/>
    <tag k="ele" v="8.9"/>
  </node>
  <node id="1030000620729" lat="49.89236482133" lon="125.7861389414">
    <tag k="local_x" v="304774.7244"/>
    <tag k="local_y" v="2768130.1408"/>
    <tag k="ele" v="8.9"/>
  </node>
  <node id="1030000620730" lat="49.89236599301" lon="125.78613412884">
    <tag k="local_x" v="304774.3715"/>
    <tag k="local_y" v="2768130.2514"/>
    <tag k="ele" v="8.9"/>
  </node>
  <node id="1030000620742" lat="49.89236729484" lon="125.78612939875">
    <tag k="local_x" v="304774.0237"/>
    <tag k="local_y" v="2768130.3768"/>
    <tag k="ele" v="8.9"/>
  </node>
  <node id="1030000620743" lat="49.89236894221" lon="125.78612493859">
    <tag k="local_x" v="304773.6931"/>
    <tag k="local_y" v="2768130.5417"/>
    <tag k="ele" v="8.9"/>
  </node>
  <node id="1030000620744" lat="49.89237100905" lon="125.78612091644">
    <tag k="local_x" v="304773.3913"/>
    <tag k="local_y" v="2768130.755"/>
    <tag k="ele" v="8.9"/>
  </node>
  <node id="1030000620745" lat="49.89237333729" lon="125.78611725015">
    <tag k="local_x" v="304773.1134"/>
    <tag k="local_y" v="2768130.9988"/>
    <tag k="ele" v="8.9"/>
  </node>
  <node id="1030000620746" lat="49.89237586237" lon="125.78611390898">
    <tag k="local_x" v="304772.8576"/>
    <tag k="local_y" v="2768131.2658"/>
    <tag k="ele" v="8.9"/>
  </node>
  <node id="1030000620747" lat="49.89237855111" lon="125.78611089002">
    <tag k="local_x" v="304772.6239"/>
    <tag k="local_y" v="2768131.5523"/>
    <tag k="ele" v="8.9"/>
  </node>
  <node id="1030000620748" lat="49.89238147063" lon="125.78610844848">
    <tag k="local_x" v="304772.4302"/>
    <tag k="local_y" v="2768131.8668"/>
    <tag k="ele" v="8.9"/>
  </node>
  <node id="1030000620749" lat="49.89238454804" lon="125.78610651111">
    <tag k="local_x" v="304772.2717"/>
    <tag k="local_y" v="2768132.2009"/>
    <tag k="ele" v="8.9"/>
  </node>
  <node id="1030000620750" lat="49.89235937402" lon="125.78612190004">
    <tag k="local_x" v="304773.5353"/>
    <tag k="local_y" v="2768129.466"/>
    <tag k="ele" v="8.9"/>
  </node>
  <node id="1030000620751" lat="49.89236122958" lon="125.78611559031">
    <tag k="local_x" v="304773.0706"/>
    <tag k="local_y" v="2768129.6465"/>
    <tag k="ele" v="8.9"/>
  </node>
  <node id="1030000620752" lat="49.89236362195" lon="125.78610973308">
    <tag k="local_x" v="304772.635"/>
    <tag k="local_y" v="2768129.8885"/>
    <tag k="ele" v="8.9"/>
  </node>
  <node id="1030000620753" lat="49.89236647584" lon="125.78610439415">
    <tag k="local_x" v="304772.2337"/>
    <tag k="local_y" v="2768130.1839"/>
    <tag k="ele" v="8.9"/>
  </node>
  <node id="1030000620754" lat="49.89236980663" lon="125.78609976709">
    <tag k="local_x" v="304771.8805"/>
    <tag k="local_y" v="2768130.5352"/>
    <tag k="ele" v="8.9"/>
  </node>
  <node id="1030000620755" lat="49.89237358259" lon="125.78609605526">
    <tag k="local_x" v="304771.5902"/>
    <tag k="local_y" v="2768130.9397"/>
    <tag k="ele" v="8.9"/>
  </node>
  <node id="1030000620756" lat="49.89237771599" lon="125.78609339304">
    <tag k="local_x" v="304771.373"/>
    <tag k="local_y" v="2768131.3882"/>
    <tag k="ele" v="8.9"/>
  </node>
  <node id="1030000620757" lat="49.89238196019" lon="125.78609116956">
    <tag k="local_x" v="304771.1866"/>
    <tag k="local_y" v="2768131.8508"/>
    <tag k="ele" v="8.9"/>
  </node>
  <node id="1030000620758" lat="49.89238183356" lon="125.78609064724">
    <tag k="local_x" v="304771.1499"/>
    <tag k="local_y" v="2768131.8346"/>
    <tag k="ele" v="8.9"/>
  </node>
  <node id="1030000620759" lat="49.89237750887" lon="125.78609256279">
    <tag k="local_x" v="304771.3147"/>
    <tag k="local_y" v="2768131.3618"/>
    <tag k="ele" v="8.9"/>
  </node>
  <node id="1030000620760" lat="49.89238029309" lon="125.7860714043">
    <tag k="local_x" v="304769.7781"/>
    <tag k="local_y" v="2768131.585"/>
    <tag k="ele" v="8.9"/>
  </node>
  <node id="1030000620761" lat="49.89237613717" lon="125.78607296278">
    <tag k="local_x" v="304769.9162"/>
    <tag k="local_y" v="2768131.1295"/>
    <tag k="ele" v="8.9"/>
  </node>
  <node id="1030000620765" lat="49.89237201309" lon="125.78607470791">
    <tag k="local_x" v="304770.0675"/>
    <tag k="local_y" v="2768130.6783"/>
    <tag k="ele" v="8.9"/>
  </node>
  <node id="1030000620766" lat="49.89236803" lon="125.78607709919">
    <tag k="local_x" v="304770.2643"/>
    <tag k="local_y" v="2768130.2454"/>
    <tag k="ele" v="8.9"/>
  </node>
  <node id="1030000620767" lat="49.89236442098" lon="125.7860806265">
    <tag k="local_x" v="304770.5403"/>
    <tag k="local_y" v="2768129.8587"/>
    <tag k="ele" v="8.9"/>
  </node>
  <node id="1030000620768" lat="49.89236125125" lon="125.78608505738">
    <tag k="local_x" v="304770.8784"/>
    <tag k="local_y" v="2768129.5245"/>
    <tag k="ele" v="8.9"/>
  </node>
  <node id="1030000620769" lat="49.89235852857" lon="125.78609015573">
    <tag k="local_x" v="304771.2616"/>
    <tag k="local_y" v="2768129.2427"/>
    <tag k="ele" v="8.9"/>
  </node>
  <node id="1030000620770" lat="49.89235617109" lon="125.78609567478">
    <tag k="local_x" v="304771.6727"/>
    <tag k="local_y" v="2768129.0032"/>
    <tag k="ele" v="8.9"/>
  </node>
  <node id="1030000620771" lat="49.89235415225" lon="125.78610150493">
    <tag k="local_x" v="304772.104"/>
    <tag k="local_y" v="2768128.8026"/>
    <tag k="ele" v="8.9"/>
  </node>
  <node id="1030000620772" lat="49.8923525321" lon="125.7861076278">
    <tag k="local_x" v="304772.5538"/>
    <tag k="local_y" v="2768128.6475"/>
    <tag k="ele" v="8.9"/>
  </node>
  <node id="1030000620773" lat="49.8923511489" lon="125.78611388988">
    <tag k="local_x" v="304773.0121"/>
    <tag k="local_y" v="2768128.5193"/>
    <tag k="ele" v="8.9"/>
  </node>
  <node id="1030000620774" lat="49.89234989288" lon="125.78612021745">
    <tag k="local_x" v="304773.4743"/>
    <tag k="local_y" v="2768128.4055"/>
    <tag k="ele" v="8.9"/>
  </node>
  <node id="1030000620775" lat="49.89234868379" lon="125.78612656586">
    <tag k="local_x" v="304773.9377"/>
    <tag k="local_y" v="2768128.297"/>
    <tag k="ele" v="8.9"/>
  </node>
  <node id="1030000620776" lat="49.89234745078" lon="125.78613290381">
    <tag k="local_x" v="304774.4005"/>
    <tag k="local_y" v="2768128.1858"/>
    <tag k="ele" v="8.9"/>
  </node>
  <node id="1030000620785" lat="49.89237346479" lon="125.78609558666">
    <tag k="local_x" v="304771.5573"/>
    <tag k="local_y" v="2768130.9247"/>
    <tag k="ele" v="8.9"/>
  </node>
  <node id="1030000620786" lat="49.89236976032" lon="125.78609953319">
    <tag k="local_x" v="304771.864"/>
    <tag k="local_y" v="2768130.5291"/>
    <tag k="ele" v="8.9"/>
  </node>
  <node id="1030000620787" lat="49.89236639992" lon="125.78610415765">
    <tag k="local_x" v="304772.2172"/>
    <tag k="local_y" v="2768130.1745"/>
    <tag k="ele" v="8.9"/>
  </node>
  <node id="1030000620788" lat="49.8923634785" lon="125.78610944886">
    <tag k="local_x" v="304772.6155"/>
    <tag k="local_y" v="2768129.8714"/>
    <tag k="ele" v="8.9"/>
  </node>
  <node id="1030000620789" lat="49.89236116936" lon="125.78611541649">
    <tag k="local_x" v="304773.0585"/>
    <tag k="local_y" v="2768129.6391"/>
    <tag k="ele" v="8.9"/>
  </node>
  <node id="1030000620790" lat="49.89235937753" lon="125.78612180424">
    <tag k="local_x" v="304773.5284"/>
    <tag k="local_y" v="2768129.466"/>
    <tag k="ele" v="8.9"/>
  </node>
  <node id="1030000620791" lat="49.8923578329" lon="125.78612834603">
    <tag k="local_x" v="304774.0078"/>
    <tag k="local_y" v="2768129.321"/>
    <tag k="ele" v="8.9"/>
  </node>
  <node id="1030000620792" lat="49.89235634202" lon="125.78613491901">
    <tag k="local_x" v="304774.4891"/>
    <tag k="local_y" v="2768129.1821"/>
    <tag k="ele" v="8.9"/>
  </node>
  <node id="1030000620805" lat="49.89271445251" lon="125.78603742989">
    <tag k="local_x" v="304765.2314"/>
    <tag k="local_y" v="2768168.5819"/>
    <tag k="ele" v="8.9"/>
  </node>
  <node id="1030000620806" lat="49.89272021493" lon="125.78605022146">
    <tag k="local_x" v="304766.1134"/>
    <tag k="local_y" v="2768169.2744"/>
    <tag k="ele" v="8.9"/>
  </node>
  <node id="1030000620826" lat="49.89222412109" lon="125.78510323353">
    <tag k="local_x" v="304701.2546"/>
    <tag k="local_y" v="2768110.2851"/>
    <tag k="ele" v="8.9"/>
  </node>
  <node id="1030000620832" lat="49.89221674988" lon="125.78516547887">
    <tag k="local_x" v="304705.7699"/>
    <tag k="local_y" v="2768109.7195"/>
    <tag k="ele" v="8.9"/>
  </node>
  <node id="1030000620833" lat="49.89221383069" lon="125.78515811739">
    <tag k="local_x" v="304705.2598"/>
    <tag k="local_y" v="2768109.3651"/>
    <tag k="ele" v="8.9"/>
  </node>
  <node id="1030000620834" lat="49.89221078931" lon="125.78515087332">
    <tag k="local_x" v="304704.7589"/>
    <tag k="local_y" v="2768108.9976"/>
    <tag k="ele" v="8.9"/>
  </node>
  <node id="1030000620835" lat="49.89220761038" lon="125.78514377318">
    <tag k="local_x" v="304704.2692"/>
    <tag k="local_y" v="2768108.6154"/>
    <tag k="ele" v="8.9"/>
  </node>
  <node id="1030000620836" lat="49.89220430003" lon="125.78513682167">
    <tag k="local_x" v="304703.791"/>
    <tag k="local_y" v="2768108.2192"/>
    <tag k="ele" v="8.9"/>
  </node>
  <node id="1030000620837" lat="49.89220034175" lon="125.78513075485">
    <tag k="local_x" v="304703.3804"/>
    <tag k="local_y" v="2768107.7546"/>
    <tag k="ele" v="8.9"/>
  </node>
  <node id="1030000620838" lat="49.89219618847" lon="125.78512566263">
    <tag k="local_x" v="304703.041"/>
    <tag k="local_y" v="2768107.2723"/>
    <tag k="ele" v="8.9"/>
  </node>
  <node id="1030000620839" lat="49.89219095235" lon="125.78512318167">
    <tag k="local_x" v="304702.8959"/>
    <tag k="local_y" v="2768106.6803"/>
    <tag k="ele" v="8.9"/>
  </node>
  <node id="1030000620851" lat="49.89212721243" lon="125.78513082966">
    <tag k="local_x" v="304703.8469"/>
    <tag k="local_y" v="2768099.628"/>
    <tag k="ele" v="8.9"/>
  </node>
  <node id="1030000620852" lat="49.89213106871" lon="125.78512428753">
    <tag k="local_x" v="304703.3529"/>
    <tag k="local_y" v="2768100.0299"/>
    <tag k="ele" v="8.9"/>
  </node>
  <node id="1030000620853" lat="49.89213532901" lon="125.78511862916">
    <tag k="local_x" v="304702.9198"/>
    <tag k="local_y" v="2768100.4803"/>
    <tag k="ele" v="8.9"/>
  </node>
  <node id="1030000620854" lat="49.89214007591" lon="125.7851145234">
    <tag k="local_x" v="304702.5951"/>
    <tag k="local_y" v="2768100.9911"/>
    <tag k="ele" v="8.9"/>
  </node>
  <node id="1030000620855" lat="49.89214704413" lon="125.78511072278">
    <tag k="local_x" v="304702.2783"/>
    <tag k="local_y" v="2768101.75"/>
    <tag k="ele" v="8.9"/>
  </node>
  <node id="1030000620856" lat="49.89215531895" lon="125.78510849247">
    <tag k="local_x" v="304702.066"/>
    <tag k="local_y" v="2768102.6605"/>
    <tag k="ele" v="8.9"/>
  </node>
  <node id="1030000620857" lat="49.89216125101" lon="125.78510939235">
    <tag k="local_x" v="304702.0932"/>
    <tag k="local_y" v="2768103.3234"/>
    <tag k="ele" v="8.9"/>
  </node>
  <node id="1030000620858" lat="49.89216745251" lon="125.78511182856">
    <tag k="local_x" v="304702.229"/>
    <tag k="local_y" v="2768104.0225"/>
    <tag k="ele" v="8.9"/>
  </node>
  <node id="1030000620859" lat="49.89217364449" lon="125.78511634071">
    <tag k="local_x" v="304702.5139"/>
    <tag k="local_y" v="2768104.729"/>
    <tag k="ele" v="8.9"/>
  </node>
  <node id="1030000620860" lat="49.89217944381" lon="125.78511978208">
    <tag k="local_x" v="304702.7244"/>
    <tag k="local_y" v="2768105.3875"/>
    <tag k="ele" v="8.9"/>
  </node>
  <node id="1030000620907" lat="49.89214956606" lon="125.78505962226">
    <tag k="local_x" v="304698.5937"/>
    <tag k="local_y" v="2768101.8221"/>
    <tag k="ele" v="8.9"/>
  </node>
  <node id="1030000620908" lat="49.89214983268" lon="125.78506712683">
    <tag k="local_x" v="304699.1308"/>
    <tag k="local_y" v="2768101.8823"/>
    <tag k="ele" v="8.9"/>
  </node>
  <node id="1030000620909" lat="49.89214976484" lon="125.78507491821">
    <tag k="local_x" v="304699.6906"/>
    <tag k="local_y" v="2768101.9065"/>
    <tag k="ele" v="8.9"/>
  </node>
  <node id="1030000620910" lat="49.89215000418" lon="125.78508270035">
    <tag k="local_x" v="304700.2478"/>
    <tag k="local_y" v="2768101.9648"/>
    <tag k="ele" v="8.9"/>
  </node>
  <node id="1030000620911" lat="49.89215088314" lon="125.78509036456">
    <tag k="local_x" v="304700.7925"/>
    <tag k="local_y" v="2768102.0937"/>
    <tag k="ele" v="8.9"/>
  </node>
  <node id="1030000620912" lat="49.89215244198" lon="125.78509776952">
    <tag k="local_x" v="304701.3143"/>
    <tag k="local_y" v="2768102.2971"/>
    <tag k="ele" v="8.9"/>
  </node>
  <node id="1030000620913" lat="49.89215457797" lon="125.78510482123">
    <tag k="local_x" v="304701.8071"/>
    <tag k="local_y" v="2768102.5632"/>
    <tag k="ele" v="8.9"/>
  </node>
  <node id="1030000620914" lat="49.89215721706" lon="125.7851114533">
    <tag k="local_x" v="304702.2666"/>
    <tag k="local_y" v="2768102.8835"/>
    <tag k="ele" v="8.9"/>
  </node>
  <node id="1030000620915" lat="49.89216048346" lon="125.78511737021">
    <tag k="local_x" v="304702.6708"/>
    <tag k="local_y" v="2768103.2706"/>
    <tag k="ele" v="8.9"/>
  </node>
  <node id="1030000620916" lat="49.89216416813" lon="125.78512267755">
    <tag k="local_x" v="304703.0286"/>
    <tag k="local_y" v="2768103.7017"/>
    <tag k="ele" v="8.9"/>
  </node>
  <node id="1030000620917" lat="49.89217262936" lon="125.7851303851">
    <tag k="local_x" v="304703.5286"/>
    <tag k="local_y" v="2768104.6734"/>
    <tag k="ele" v="8.9"/>
  </node>
  <node id="1030000620918" lat="49.89217734679" lon="125.78513361306">
    <tag k="local_x" v="304703.7306"/>
    <tag k="local_y" v="2768105.2108"/>
    <tag k="ele" v="8.9"/>
  </node>
  <node id="1030000620919" lat="49.89218216163" lon="125.78513705571">
    <tag k="local_x" v="304703.9474"/>
    <tag k="local_y" v="2768105.7599"/>
    <tag k="ele" v="8.9"/>
  </node>
  <node id="1030000620920" lat="49.89218721563" lon="125.78513858884">
    <tag k="local_x" v="304704.0256"/>
    <tag k="local_y" v="2768106.3278"/>
    <tag k="ele" v="8.9"/>
  </node>
  <node id="1030000620921" lat="49.89219236723" lon="125.78513885884">
    <tag k="local_x" v="304704.0125"/>
    <tag k="local_y" v="2768106.9014"/>
    <tag k="ele" v="8.9"/>
  </node>
  <node id="1030000620922" lat="49.89219750943" lon="125.78513825607">
    <tag k="local_x" v="304703.9368"/>
    <tag k="local_y" v="2768107.4704"/>
    <tag k="ele" v="8.9"/>
  </node>
  <node id="1030000620923" lat="49.89220260981" lon="125.78513707576">
    <tag k="local_x" v="304703.8199"/>
    <tag k="local_y" v="2768108.0324"/>
    <tag k="ele" v="8.9"/>
  </node>
  <node id="1030000620924" lat="49.89220764383" lon="125.78513534919">
    <tag k="local_x" v="304703.6642"/>
    <tag k="local_y" v="2768108.5848"/>
    <tag k="ele" v="8.9"/>
  </node>
  <node id="1030000620925" lat="49.89221255609" lon="125.78513291826">
    <tag k="local_x" v="304703.4587"/>
    <tag k="local_y" v="2768109.1208"/>
    <tag k="ele" v="8.9"/>
  </node>
  <node id="1030000620926" lat="49.89221740608" lon="125.78513019772">
    <tag k="local_x" v="304703.2328"/>
    <tag k="local_y" v="2768109.6487"/>
    <tag k="ele" v="8.9"/>
  </node>
  <node id="1030000620931" lat="49.89216028398" lon="125.785074452">
    <tag k="local_x" v="304699.5908"/>
    <tag k="local_y" v="2768103.0736"/>
    <tag k="ele" v="8.9"/>
  </node>
  <way id="203000073">
    <nd ref="10300007301"/>
    <nd ref="10300007302"/>
    <nd ref="10300007303"/>
    <nd ref="10300007304"/>
    <nd ref="10300007305"/>
    <nd ref="10300007306"/>
    <nd ref="10300007307"/>
    <tag k="type" v="virtual"/>
  </way>
  <way id="203000003">
    <nd ref="10300000301"/>
    <nd ref="10300000302"/>
    <nd ref="10300000303"/>
    <nd ref="10300000304"/>
    <nd ref="10300000305"/>
    <nd ref="10300000306"/>
    <nd ref="10300000307"/>
    <nd ref="10300000308"/>
    <nd ref="10300000309"/>
    <nd ref="103000003010"/>
    <nd ref="103000003011"/>
    <tag k="type" v="virtual"/>
  </way>
  <way id="203000002">
    <nd ref="10300000301"/>
    <nd ref="10300000202"/>
    <nd ref="10300000203"/>
    <nd ref="10300000204"/>
    <nd ref="10300000205"/>
    <nd ref="10300000206"/>
    <nd ref="10300000207"/>
    <nd ref="10300000208"/>
    <nd ref="10300000209"/>
    <nd ref="103000002010"/>
    <nd ref="103000002011"/>
    <nd ref="103000002012"/>
    <nd ref="103000002013"/>
    <nd ref="103000002014"/>
    <tag k="type" v="virtual"/>
  </way>
  <way id="203000059">
    <nd ref="10300005901"/>
    <nd ref="10300005902"/>
    <nd ref="10300005903"/>
    <nd ref="10300005904"/>
    <nd ref="10300005905"/>
    <nd ref="10300005906"/>
    <nd ref="10300005907"/>
    <nd ref="10300005908"/>
    <nd ref="10300005909"/>
    <nd ref="103000059010"/>
    <nd ref="103000059011"/>
    <nd ref="103000059012"/>
    <nd ref="103000059013"/>
    <nd ref="103000059014"/>
    <nd ref="103000059015"/>
    <nd ref="103000059016"/>
    <nd ref="103000059017"/>
    <nd ref="103000059018"/>
    <nd ref="103000059019"/>
    <nd ref="10300001801"/>
    <tag k="type" v="virtual"/>
  </way>
  <way id="203000041">
    <nd ref="10300001401"/>
    <nd ref="10300004102"/>
    <nd ref="10300004103"/>
    <nd ref="10300004104"/>
    <nd ref="10300004105"/>
    <nd ref="10300004106"/>
    <nd ref="10300004201"/>
    <tag k="type" v="virtual"/>
  </way>
  <way id="203000045">
    <nd ref="103000046033"/>
    <nd ref="10300004502"/>
    <nd ref="10300004503"/>
    <nd ref="10300004504"/>
    <nd ref="10300004505"/>
    <nd ref="10300004506"/>
    <nd ref="10300004507"/>
    <nd ref="10300004508"/>
    <nd ref="10300004509"/>
    <nd ref="103000045010"/>
    <nd ref="103000045011"/>
    <nd ref="103000045012"/>
    <nd ref="103000045013"/>
    <nd ref="103000045014"/>
    <nd ref="103000045015"/>
    <tag k="type" v="virtual"/>
  </way>
  <way id="203000047">
    <nd ref="103000033050"/>
    <nd ref="10300004702"/>
    <nd ref="10300004703"/>
    <nd ref="10300004704"/>
    <nd ref="10300004705"/>
    <nd ref="10300004706"/>
    <nd ref="10300004707"/>
    <nd ref="10300004708"/>
    <nd ref="10300004709"/>
    <nd ref="103000047010"/>
    <nd ref="103000047011"/>
    <nd ref="103000047012"/>
    <nd ref="103000047013"/>
    <nd ref="103000047014"/>
    <nd ref="103000047015"/>
    <tag k="type" v="virtual"/>
  </way>
  <way id="203000037">
    <nd ref="10300003701"/>
    <nd ref="10300003702"/>
    <nd ref="10300003703"/>
    <nd ref="10300003704"/>
    <nd ref="10300003705"/>
    <nd ref="10300003706"/>
    <nd ref="10300003707"/>
    <nd ref="103000047015"/>
    <tag k="type" v="virtual"/>
  </way>
  <way id="203000039">
    <nd ref="10300003901"/>
    <nd ref="10300003902"/>
    <nd ref="10300003903"/>
    <nd ref="10300003904"/>
    <nd ref="10300003905"/>
    <nd ref="10300003906"/>
    <nd ref="10300003907"/>
    <nd ref="10300003908"/>
    <nd ref="10300003909"/>
    <nd ref="103000039010"/>
    <nd ref="103000039011"/>
    <nd ref="103000039012"/>
    <nd ref="10300004401"/>
    <tag k="type" v="virtual"/>
  </way>
  <way id="203000038">
    <nd ref="10300003901"/>
    <nd ref="10300003802"/>
    <nd ref="10300003803"/>
    <nd ref="10300003804"/>
    <nd ref="10300003805"/>
    <nd ref="10300003806"/>
    <nd ref="10300003807"/>
    <nd ref="10300003808"/>
    <nd ref="10300003809"/>
    <nd ref="103000038010"/>
    <nd ref="103000038011"/>
    <nd ref="103000038012"/>
    <nd ref="103000038013"/>
    <tag k="type" v="virtual"/>
  </way>
  <way id="203000040">
    <nd ref="103000045015"/>
    <nd ref="10300004002"/>
    <nd ref="10300004003"/>
    <nd ref="10300004004"/>
    <nd ref="10300004005"/>
    <nd ref="10300004601"/>
    <tag k="type" v="virtual"/>
  </way>
  <way id="203000069">
    <nd ref="103000045015"/>
    <nd ref="10300006902"/>
    <nd ref="10300006903"/>
    <nd ref="10300006904"/>
    <nd ref="10300006905"/>
    <nd ref="10300006906"/>
    <nd ref="10300006907"/>
    <nd ref="10300006908"/>
    <nd ref="10300006909"/>
    <nd ref="103000069010"/>
    <nd ref="103000069011"/>
    <nd ref="103000069012"/>
    <nd ref="103000069013"/>
    <nd ref="103000069014"/>
    <nd ref="103000069015"/>
    <tag k="type" v="virtual"/>
  </way>
  <way id="203000006">
    <nd ref="10300000601"/>
    <nd ref="10300000602"/>
    <nd ref="10300000603"/>
    <nd ref="10300000604"/>
    <nd ref="10300000605"/>
    <nd ref="10300000606"/>
    <nd ref="10300000607"/>
    <tag k="type" v="virtual"/>
  </way>
  <way id="203000060">
    <nd ref="10300006001"/>
    <nd ref="10300006002"/>
    <nd ref="10300006003"/>
    <nd ref="10300006004"/>
    <nd ref="10300006005"/>
    <nd ref="10300006006"/>
    <nd ref="10300006007"/>
    <nd ref="10300006008"/>
    <nd ref="10300006009"/>
    <nd ref="103000060010"/>
    <nd ref="103000060011"/>
    <nd ref="103000060012"/>
    <nd ref="103000060013"/>
    <nd ref="103000060014"/>
    <nd ref="103000060015"/>
    <nd ref="103000060016"/>
    <nd ref="103000060017"/>
    <tag k="type" v="virtual"/>
  </way>
  <way id="203000005">
    <nd ref="10300000601"/>
    <nd ref="10300000502"/>
    <nd ref="10300000503"/>
    <nd ref="10300000504"/>
    <nd ref="10300000505"/>
    <nd ref="10300000506"/>
    <nd ref="10300000507"/>
    <nd ref="10300000508"/>
    <nd ref="10300000509"/>
    <nd ref="103000005010"/>
    <nd ref="103000005011"/>
    <nd ref="103000005012"/>
    <nd ref="103000005013"/>
    <nd ref="103000005014"/>
    <nd ref="103000005015"/>
    <tag k="type" v="virtual"/>
  </way>
  <way id="203000004">
    <nd ref="10300000401"/>
    <nd ref="10300000402"/>
    <nd ref="10300000403"/>
    <nd ref="10300000404"/>
    <nd ref="10300000405"/>
    <nd ref="10300000406"/>
    <nd ref="10300000407"/>
    <nd ref="10300000408"/>
    <nd ref="10300000409"/>
    <nd ref="103000005015"/>
    <tag k="type" v="virtual"/>
  </way>
  <way id="203000043">
    <nd ref="10300001801"/>
    <nd ref="10300004302"/>
    <nd ref="10300004303"/>
    <nd ref="10300004304"/>
    <nd ref="10300004305"/>
    <nd ref="10300004306"/>
    <nd ref="10300004307"/>
    <nd ref="10300004308"/>
    <nd ref="10300004309"/>
    <nd ref="103000043010"/>
    <nd ref="103000043011"/>
    <nd ref="103000043012"/>
    <nd ref="103000043013"/>
    <nd ref="103000043014"/>
    <nd ref="103000043015"/>
    <nd ref="103000043016"/>
    <nd ref="103000043017"/>
    <nd ref="103000043018"/>
    <nd ref="10300006301"/>
    <tag k="type" v="virtual"/>
  </way>
  <way id="203000057">
    <nd ref="10300005901"/>
    <nd ref="10300005702"/>
    <nd ref="10300005703"/>
    <nd ref="10300005704"/>
    <nd ref="10300005705"/>
    <nd ref="10300005706"/>
    <nd ref="10300005707"/>
    <nd ref="10300005708"/>
    <nd ref="10300005709"/>
    <nd ref="103000057010"/>
    <nd ref="103000057011"/>
    <nd ref="103000057012"/>
    <nd ref="10300006301"/>
    <tag k="type" v="virtual"/>
  </way>
  <way id="203000056">
    <nd ref="10300005601"/>
    <nd ref="10300005602"/>
    <nd ref="10300005603"/>
    <nd ref="10300005604"/>
    <nd ref="10300005605"/>
    <nd ref="10300005606"/>
    <nd ref="10300005607"/>
    <nd ref="10300005608"/>
    <nd ref="10300005609"/>
    <nd ref="103000056010"/>
    <nd ref="103000056011"/>
    <nd ref="103000056012"/>
    <nd ref="103000056013"/>
    <nd ref="103000056014"/>
    <nd ref="103000056015"/>
    <nd ref="103000056016"/>
    <nd ref="103000056017"/>
    <nd ref="103000056018"/>
    <nd ref="103000056019"/>
    <nd ref="103000056020"/>
    <nd ref="103000056021"/>
    <nd ref="103000056022"/>
    <nd ref="103000056023"/>
    <nd ref="103000056024"/>
    <nd ref="103000056025"/>
    <nd ref="10300000701"/>
    <tag k="type" v="virtual"/>
  </way>
  <way id="203000011">
    <nd ref="103000019043"/>
    <nd ref="10300001102"/>
    <nd ref="10300001103"/>
    <nd ref="10300001104"/>
    <nd ref="10300001105"/>
    <nd ref="10300001106"/>
    <nd ref="10300001107"/>
    <nd ref="10300001108"/>
    <nd ref="10300001109"/>
    <nd ref="103000011010"/>
    <nd ref="103000011011"/>
    <nd ref="103000011012"/>
    <nd ref="103000011013"/>
    <nd ref="103000011014"/>
    <nd ref="103000011015"/>
    <nd ref="103000011016"/>
    <nd ref="10300000701"/>
    <tag k="type" v="virtual"/>
  </way>
  <way id="203000061">
    <nd ref="10300000607"/>
    <nd ref="10300006102"/>
    <nd ref="10300006103"/>
    <nd ref="10300006104"/>
    <nd ref="10300006105"/>
    <nd ref="10300006106"/>
    <nd ref="10300006107"/>
    <nd ref="10300006108"/>
    <nd ref="10300006109"/>
    <nd ref="103000061010"/>
    <nd ref="103000061011"/>
    <nd ref="103000061012"/>
    <nd ref="103000061013"/>
    <nd ref="103000061014"/>
    <nd ref="103000061015"/>
    <nd ref="103000061016"/>
    <nd ref="103000061017"/>
    <nd ref="103000061018"/>
    <nd ref="103000061019"/>
    <nd ref="103000061020"/>
    <nd ref="103000061021"/>
    <nd ref="103000061022"/>
    <nd ref="103000061023"/>
    <nd ref="103000061024"/>
    <nd ref="103000061025"/>
    <nd ref="103000061026"/>
    <nd ref="103000061027"/>
    <nd ref="103000061028"/>
    <nd ref="103000061029"/>
    <nd ref="103000061030"/>
    <nd ref="103000061031"/>
    <nd ref="103000061032"/>
    <nd ref="103000061033"/>
    <nd ref="103000061034"/>
    <nd ref="103000061035"/>
    <nd ref="103000061036"/>
    <nd ref="103000061037"/>
    <nd ref="103000061038"/>
    <nd ref="103000061039"/>
    <nd ref="103000061040"/>
    <nd ref="103000061041"/>
    <nd ref="103000061042"/>
    <nd ref="103000061043"/>
    <nd ref="103000061044"/>
    <nd ref="103000061045"/>
    <nd ref="103000061046"/>
    <nd ref="103000061047"/>
    <nd ref="103000061048"/>
    <nd ref="103000061049"/>
    <nd ref="103000061050"/>
    <nd ref="103000061051"/>
    <nd ref="103000061052"/>
    <nd ref="103000061053"/>
    <nd ref="103000061054"/>
    <nd ref="103000061055"/>
    <nd ref="103000061056"/>
    <nd ref="103000061057"/>
    <nd ref="103000061058"/>
    <nd ref="103000061059"/>
    <nd ref="103000061060"/>
    <nd ref="103000061061"/>
    <nd ref="103000061062"/>
    <nd ref="103000061063"/>
    <nd ref="103000061064"/>
    <nd ref="103000061065"/>
    <nd ref="103000061066"/>
    <nd ref="103000061067"/>
    <nd ref="103000061068"/>
    <nd ref="103000061069"/>
    <nd ref="103000061070"/>
    <nd ref="103000061071"/>
    <nd ref="103000061072"/>
    <nd ref="103000061073"/>
    <nd ref="103000061074"/>
    <nd ref="103000061075"/>
    <nd ref="103000061076"/>
    <nd ref="103000061077"/>
    <nd ref="103000061078"/>
    <nd ref="103000061079"/>
    <nd ref="103000061080"/>
    <nd ref="103000061081"/>
    <nd ref="103000061082"/>
    <nd ref="103000061083"/>
    <nd ref="103000061084"/>
    <nd ref="103000061085"/>
    <nd ref="103000061086"/>
    <nd ref="103000061087"/>
    <nd ref="103000061088"/>
    <nd ref="103000061089"/>
    <nd ref="103000061090"/>
    <nd ref="103000061091"/>
    <nd ref="103000061092"/>
    <nd ref="103000061093"/>
    <nd ref="103000061094"/>
    <nd ref="103000061095"/>
    <nd ref="103000061096"/>
    <nd ref="103000061097"/>
    <nd ref="103000061098"/>
    <nd ref="103000061099"/>
    <tag k="type" v="virtual"/>
  </way>
  <way id="203000051">
    <nd ref="10300005101"/>
    <nd ref="10300005102"/>
    <nd ref="10300005103"/>
    <nd ref="10300005104"/>
    <nd ref="10300005105"/>
    <nd ref="10300005106"/>
    <nd ref="10300005107"/>
    <nd ref="10300005108"/>
    <nd ref="10300005109"/>
    <nd ref="103000051010"/>
    <nd ref="103000051011"/>
    <nd ref="103000051012"/>
    <nd ref="103000051013"/>
    <nd ref="103000051014"/>
    <nd ref="103000051015"/>
    <nd ref="103000051016"/>
    <nd ref="103000051017"/>
    <nd ref="103000051018"/>
    <nd ref="103000051019"/>
    <nd ref="103000051020"/>
    <nd ref="103000051021"/>
    <nd ref="103000051022"/>
    <nd ref="103000051023"/>
    <tag k="type" v="virtual"/>
  </way>
  <way id="203000001">
    <nd ref="103000002014"/>
    <nd ref="10300000102"/>
    <nd ref="10300000103"/>
    <nd ref="10300000104"/>
    <nd ref="10300000105"/>
    <nd ref="10300000106"/>
    <nd ref="10300000107"/>
    <nd ref="10300000108"/>
    <nd ref="10300000109"/>
    <nd ref="103000001010"/>
    <nd ref="103000001011"/>
    <nd ref="103000001012"/>
    <nd ref="103000003011"/>
    <tag k="type" v="virtual"/>
  </way>
  <way id="203000062">
    <nd ref="103000051023"/>
    <nd ref="10300006202"/>
    <nd ref="10300006203"/>
    <nd ref="10300006204"/>
    <nd ref="10300006205"/>
    <nd ref="10300006206"/>
    <nd ref="10300006207"/>
    <nd ref="10300006208"/>
    <nd ref="10300006209"/>
    <nd ref="103000062010"/>
    <nd ref="103000062011"/>
    <nd ref="103000062012"/>
    <nd ref="103000062013"/>
    <nd ref="103000062014"/>
    <nd ref="103000062015"/>
    <nd ref="103000062016"/>
    <nd ref="103000062017"/>
    <nd ref="103000062018"/>
    <nd ref="103000062019"/>
    <nd ref="103000062020"/>
    <nd ref="103000062021"/>
    <nd ref="103000062022"/>
    <nd ref="103000062023"/>
    <nd ref="103000062024"/>
    <nd ref="103000062025"/>
    <nd ref="103000062026"/>
    <nd ref="103000062027"/>
    <nd ref="103000062028"/>
    <nd ref="103000062029"/>
    <nd ref="103000062030"/>
    <nd ref="103000062031"/>
    <nd ref="103000062032"/>
    <nd ref="103000062033"/>
    <nd ref="103000062034"/>
    <nd ref="103000062035"/>
    <nd ref="103000062036"/>
    <nd ref="103000062037"/>
    <nd ref="103000062038"/>
    <nd ref="103000062039"/>
    <nd ref="103000062040"/>
    <nd ref="103000062041"/>
    <nd ref="103000062042"/>
    <nd ref="103000062043"/>
    <nd ref="103000062044"/>
    <nd ref="103000062045"/>
    <nd ref="103000062046"/>
    <nd ref="103000062047"/>
    <nd ref="103000062048"/>
    <nd ref="103000062049"/>
    <nd ref="103000062050"/>
    <nd ref="103000062051"/>
    <nd ref="103000062052"/>
    <nd ref="103000062053"/>
    <nd ref="103000062054"/>
    <nd ref="103000062055"/>
    <nd ref="103000062056"/>
    <nd ref="103000062057"/>
    <nd ref="103000062058"/>
    <nd ref="103000062059"/>
    <nd ref="103000062060"/>
    <nd ref="103000062061"/>
    <nd ref="103000062062"/>
    <nd ref="103000062063"/>
    <nd ref="103000062064"/>
    <nd ref="103000062065"/>
    <nd ref="103000062066"/>
    <nd ref="103000062067"/>
    <nd ref="103000062068"/>
    <nd ref="103000062069"/>
    <nd ref="103000062070"/>
    <nd ref="103000062071"/>
    <nd ref="103000062072"/>
    <nd ref="103000062073"/>
    <nd ref="103000062074"/>
    <nd ref="103000062075"/>
    <nd ref="103000062076"/>
    <nd ref="103000062077"/>
    <nd ref="103000062078"/>
    <nd ref="103000062079"/>
    <nd ref="103000062080"/>
    <nd ref="103000062081"/>
    <nd ref="103000062082"/>
    <nd ref="103000062083"/>
    <nd ref="103000062084"/>
    <nd ref="103000062085"/>
    <nd ref="103000062086"/>
    <nd ref="103000062087"/>
    <nd ref="103000062088"/>
    <nd ref="103000062089"/>
    <nd ref="103000062090"/>
    <nd ref="103000062091"/>
    <nd ref="103000062092"/>
    <nd ref="103000062093"/>
    <nd ref="103000062094"/>
    <nd ref="103000062095"/>
    <nd ref="103000062096"/>
    <nd ref="103000062097"/>
    <nd ref="103000062098"/>
    <nd ref="103000062099"/>
    <nd ref="1030000620100"/>
    <nd ref="1030000620101"/>
    <nd ref="1030000620102"/>
    <nd ref="1030000620103"/>
    <nd ref="1030000620104"/>
    <nd ref="1030000620105"/>
    <nd ref="1030000620106"/>
    <nd ref="1030000620107"/>
    <nd ref="10300000401"/>
    <tag k="type" v="virtual"/>
  </way>
  <way id="203000052">
    <nd ref="103000060017"/>
    <nd ref="10300005202"/>
    <nd ref="10300005203"/>
    <nd ref="10300005204"/>
    <nd ref="10300005205"/>
    <nd ref="10300005206"/>
    <nd ref="10300005207"/>
    <nd ref="10300005208"/>
    <nd ref="10300005209"/>
    <nd ref="103000052010"/>
    <nd ref="103000052011"/>
    <nd ref="103000052012"/>
    <nd ref="103000052013"/>
    <nd ref="103000052014"/>
    <nd ref="103000052015"/>
    <nd ref="103000052016"/>
    <nd ref="10300006001"/>
    <tag k="type" v="virtual"/>
  </way>
  <way id="203000053">
    <nd ref="103000061099"/>
    <nd ref="10300005302"/>
    <nd ref="10300005303"/>
    <nd ref="10300005304"/>
    <nd ref="10300005305"/>
    <nd ref="10300005306"/>
    <nd ref="10300005307"/>
    <nd ref="10300005308"/>
    <nd ref="10300005309"/>
    <nd ref="103000053010"/>
    <nd ref="103000053011"/>
    <nd ref="103000053012"/>
    <nd ref="103000053013"/>
    <nd ref="103000053014"/>
    <nd ref="103000053015"/>
    <nd ref="103000053016"/>
    <nd ref="103000053017"/>
    <nd ref="103000053018"/>
    <nd ref="103000053019"/>
    <nd ref="103000053020"/>
    <nd ref="10300005101"/>
    <tag k="type" v="virtual"/>
  </way>
  <way id="203000035">
    <nd ref="103000044061"/>
    <nd ref="10300003502"/>
    <nd ref="10300003503"/>
    <nd ref="10300003504"/>
    <nd ref="10300003505"/>
    <nd ref="10300003506"/>
    <nd ref="10300003507"/>
    <nd ref="10300003508"/>
    <nd ref="10300003509"/>
    <nd ref="103000035010"/>
    <nd ref="103000035011"/>
    <nd ref="103000035012"/>
    <nd ref="103000035013"/>
    <nd ref="103000035014"/>
    <nd ref="103000035015"/>
    <nd ref="103000035016"/>
    <nd ref="103000035017"/>
    <nd ref="103000035018"/>
    <nd ref="103000035019"/>
    <nd ref="103000035020"/>
    <nd ref="10300003901"/>
    <tag k="type" v="virtual"/>
  </way>
  <way id="203000029">
    <nd ref="103000047015"/>
    <nd ref="10300002902"/>
    <nd ref="10300002903"/>
    <nd ref="10300002904"/>
    <nd ref="10300002905"/>
    <nd ref="10300002906"/>
    <nd ref="10300002907"/>
    <nd ref="10300002908"/>
    <nd ref="10300002909"/>
    <nd ref="103000029010"/>
    <nd ref="103000029011"/>
    <nd ref="103000029012"/>
    <nd ref="103000029013"/>
    <nd ref="103000029014"/>
    <nd ref="103000029015"/>
    <nd ref="103000029016"/>
    <nd ref="103000029017"/>
    <nd ref="103000029018"/>
    <nd ref="103000029019"/>
    <nd ref="103000029020"/>
    <nd ref="103000029021"/>
    <nd ref="103000029022"/>
    <nd ref="103000029023"/>
    <nd ref="103000029024"/>
    <nd ref="103000029025"/>
    <nd ref="103000029026"/>
    <nd ref="103000029027"/>
    <nd ref="10300003301"/>
    <tag k="type" v="virtual"/>
  </way>
  <way id="203000016">
    <nd ref="10300001601"/>
    <nd ref="10300001602"/>
    <nd ref="10300001603"/>
    <nd ref="10300001604"/>
    <nd ref="10300001605"/>
    <nd ref="10300001606"/>
    <nd ref="10300001607"/>
    <nd ref="10300001608"/>
    <nd ref="10300001609"/>
    <nd ref="103000016010"/>
    <nd ref="103000016011"/>
    <nd ref="103000016012"/>
    <nd ref="103000016013"/>
    <nd ref="103000016014"/>
    <nd ref="103000016015"/>
    <nd ref="103000016016"/>
    <nd ref="103000016017"/>
    <nd ref="103000016018"/>
    <nd ref="103000016019"/>
    <nd ref="103000049015"/>
    <tag k="type" v="virtual"/>
  </way>
  <way id="203000050">
    <nd ref="10300006001"/>
    <nd ref="10300005002"/>
    <nd ref="10300005003"/>
    <nd ref="10300005004"/>
    <nd ref="10300005005"/>
    <nd ref="10300005006"/>
    <nd ref="10300005007"/>
    <nd ref="10300005008"/>
    <nd ref="10300005009"/>
    <nd ref="103000050010"/>
    <nd ref="103000050011"/>
    <nd ref="103000050012"/>
    <nd ref="103000050013"/>
    <nd ref="103000050014"/>
    <nd ref="103000050015"/>
    <nd ref="103000050016"/>
    <nd ref="103000050017"/>
    <nd ref="103000050018"/>
    <nd ref="103000050019"/>
    <nd ref="103000050020"/>
    <nd ref="103000050021"/>
    <nd ref="103000050022"/>
    <nd ref="103000050023"/>
    <nd ref="103000050024"/>
    <nd ref="103000050025"/>
    <nd ref="103000050026"/>
    <nd ref="103000050027"/>
    <nd ref="103000050028"/>
    <nd ref="103000050029"/>
    <nd ref="103000050030"/>
    <nd ref="103000050031"/>
    <nd ref="103000050032"/>
    <nd ref="103000050033"/>
    <nd ref="103000050034"/>
    <nd ref="103000050035"/>
    <nd ref="103000050036"/>
    <nd ref="103000050037"/>
    <nd ref="103000050038"/>
    <nd ref="103000050039"/>
    <nd ref="103000050040"/>
    <nd ref="103000050041"/>
    <nd ref="103000050042"/>
    <nd ref="103000050043"/>
    <nd ref="103000050044"/>
    <nd ref="103000050045"/>
    <nd ref="103000050046"/>
    <nd ref="103000050047"/>
    <nd ref="103000050048"/>
    <nd ref="103000050049"/>
    <nd ref="103000050050"/>
    <nd ref="103000050051"/>
    <nd ref="103000050052"/>
    <nd ref="103000050053"/>
    <nd ref="103000050054"/>
    <nd ref="103000050055"/>
    <nd ref="103000050056"/>
    <nd ref="103000050057"/>
    <nd ref="103000050058"/>
    <nd ref="103000050059"/>
    <nd ref="103000050060"/>
    <nd ref="103000050061"/>
    <nd ref="103000050062"/>
    <nd ref="103000050063"/>
    <nd ref="103000050064"/>
    <nd ref="103000050065"/>
    <nd ref="103000050066"/>
    <nd ref="103000050067"/>
    <nd ref="103000050068"/>
    <nd ref="103000050069"/>
    <nd ref="103000050070"/>
    <nd ref="103000050071"/>
    <nd ref="103000050072"/>
    <nd ref="103000050073"/>
    <nd ref="103000050074"/>
    <nd ref="103000050075"/>
    <nd ref="103000050076"/>
    <nd ref="103000050077"/>
    <nd ref="103000050078"/>
    <nd ref="103000050079"/>
    <nd ref="103000050080"/>
    <nd ref="103000050081"/>
    <nd ref="103000050082"/>
    <nd ref="103000050083"/>
    <nd ref="103000050084"/>
    <nd ref="103000050085"/>
    <nd ref="103000050086"/>
    <nd ref="103000050087"/>
    <nd ref="103000050088"/>
    <nd ref="103000050089"/>
    <nd ref="103000050090"/>
    <nd ref="103000050091"/>
    <nd ref="103000050092"/>
    <nd ref="103000050093"/>
    <nd ref="103000050094"/>
    <nd ref="103000050095"/>
    <nd ref="103000050096"/>
    <nd ref="103000050097"/>
    <nd ref="103000050098"/>
    <nd ref="103000050099"/>
    <nd ref="1030000500100"/>
    <nd ref="103000002014"/>
    <tag k="type" v="virtual"/>
  </way>
  <way id="203000058">
    <nd ref="10300005601"/>
    <nd ref="10300005802"/>
    <nd ref="10300005803"/>
    <nd ref="10300005804"/>
    <nd ref="10300005805"/>
    <nd ref="10300005806"/>
    <nd ref="10300005807"/>
    <nd ref="10300005808"/>
    <nd ref="10300005809"/>
    <nd ref="103000058010"/>
    <nd ref="103000058011"/>
    <nd ref="103000058012"/>
    <nd ref="103000058013"/>
    <nd ref="103000058014"/>
    <nd ref="103000058015"/>
    <nd ref="103000058016"/>
    <nd ref="10300006401"/>
    <tag k="type" v="virtual"/>
  </way>
  <way id="203000048">
    <nd ref="103000038013"/>
    <nd ref="10300004802"/>
    <nd ref="10300004803"/>
    <nd ref="10300004804"/>
    <nd ref="10300004805"/>
    <nd ref="10300004806"/>
    <nd ref="10300004807"/>
    <nd ref="10300004808"/>
    <nd ref="10300004809"/>
    <nd ref="103000048010"/>
    <nd ref="103000012028"/>
    <tag k="type" v="virtual"/>
  </way>
  <way id="203000009">
    <nd ref="103000012028"/>
    <nd ref="10300000902"/>
    <nd ref="10300000903"/>
    <nd ref="10300000904"/>
    <nd ref="10300000905"/>
    <nd ref="10300000906"/>
    <nd ref="10300000907"/>
    <nd ref="10300000908"/>
    <nd ref="10300000909"/>
    <nd ref="103000009010"/>
    <nd ref="103000009011"/>
    <nd ref="103000009012"/>
    <nd ref="103000009013"/>
    <nd ref="103000009014"/>
    <nd ref="103000009015"/>
    <nd ref="103000009016"/>
    <nd ref="103000009017"/>
    <nd ref="103000009018"/>
    <nd ref="103000009019"/>
    <nd ref="103000009020"/>
    <nd ref="103000009021"/>
    <nd ref="103000009022"/>
    <nd ref="103000009023"/>
    <nd ref="103000009024"/>
    <nd ref="103000009025"/>
    <nd ref="103000009026"/>
    <nd ref="103000009027"/>
    <nd ref="103000009028"/>
    <nd ref="103000009029"/>
    <nd ref="103000009030"/>
    <nd ref="103000009031"/>
    <nd ref="103000009032"/>
    <tag k="type" v="virtual"/>
  </way>
  <way id="203000015">
    <nd ref="103000009032"/>
    <nd ref="10300001502"/>
    <nd ref="10300001503"/>
    <nd ref="10300001504"/>
    <nd ref="10300001505"/>
    <nd ref="10300001506"/>
    <nd ref="10300001507"/>
    <nd ref="10300001508"/>
    <nd ref="10300001509"/>
    <nd ref="103000015010"/>
    <nd ref="103000015011"/>
    <nd ref="103000015012"/>
    <nd ref="103000014013"/>
    <tag k="type" v="virtual"/>
  </way>
  <way id="203000070">
    <nd ref="103000069015"/>
    <nd ref="10300007002"/>
    <nd ref="10300007003"/>
    <nd ref="10300007004"/>
    <nd ref="10300007005"/>
    <nd ref="10300007006"/>
    <nd ref="10300007007"/>
    <nd ref="10300007008"/>
    <tag k="type" v="virtual"/>
  </way>
  <way id="203000010">
    <nd ref="10300007008"/>
    <nd ref="10300001002"/>
    <nd ref="10300001003"/>
    <nd ref="10300001004"/>
    <nd ref="10300001005"/>
    <nd ref="10300001006"/>
    <nd ref="10300001007"/>
    <nd ref="10300001008"/>
    <nd ref="10300001009"/>
    <nd ref="103000010010"/>
    <nd ref="103000010011"/>
    <nd ref="103000010012"/>
    <nd ref="103000010013"/>
    <nd ref="103000010014"/>
    <nd ref="103000010015"/>
    <nd ref="103000010016"/>
    <nd ref="103000010017"/>
    <nd ref="103000010018"/>
    <nd ref="103000010019"/>
    <nd ref="103000010020"/>
    <nd ref="103000010021"/>
    <nd ref="103000010022"/>
    <nd ref="103000010023"/>
    <nd ref="10300001601"/>
    <tag k="type" v="virtual"/>
  </way>
  <way id="203000013">
    <nd ref="103000009032"/>
    <nd ref="10300001302"/>
    <nd ref="10300001303"/>
    <nd ref="10300001304"/>
    <nd ref="10300001305"/>
    <nd ref="10300001306"/>
    <nd ref="10300001307"/>
    <nd ref="10300001308"/>
    <nd ref="10300001309"/>
    <nd ref="103000013010"/>
    <nd ref="103000013011"/>
    <nd ref="103000013012"/>
    <nd ref="10300001401"/>
    <tag k="type" v="virtual"/>
  </way>
  <way id="203000008">
    <nd ref="10300001601"/>
    <nd ref="10300000802"/>
    <nd ref="10300000803"/>
    <nd ref="10300000804"/>
    <nd ref="10300000805"/>
    <nd ref="10300000806"/>
    <nd ref="10300000807"/>
    <nd ref="10300000808"/>
    <nd ref="10300007301"/>
    <tag k="type" v="virtual"/>
  </way>
  <way id="20300005000">
    <nd ref="103000002014"/>
    <nd ref="1030000500100"/>
    <nd ref="103000050099"/>
    <nd ref="103000050098"/>
    <nd ref="103000050097"/>
    <nd ref="103000050096"/>
    <nd ref="103000050095"/>
    <nd ref="103000050094"/>
    <nd ref="103000050093"/>
    <nd ref="103000050092"/>
    <nd ref="103000050091"/>
    <nd ref="103000050090"/>
    <nd ref="103000050089"/>
    <nd ref="103000050088"/>
    <nd ref="103000050087"/>
    <nd ref="103000050086"/>
    <nd ref="103000050085"/>
    <nd ref="103000050084"/>
    <nd ref="103000050083"/>
    <nd ref="103000050082"/>
    <nd ref="103000050081"/>
    <nd ref="103000050080"/>
    <nd ref="103000050079"/>
    <nd ref="103000050078"/>
    <nd ref="103000050077"/>
    <nd ref="103000050076"/>
    <nd ref="103000050075"/>
    <nd ref="103000050074"/>
    <nd ref="103000050073"/>
    <nd ref="103000050072"/>
    <nd ref="103000050071"/>
    <nd ref="103000050070"/>
    <nd ref="103000050069"/>
    <nd ref="103000050068"/>
    <nd ref="103000050067"/>
    <nd ref="103000050066"/>
    <nd ref="103000050065"/>
    <nd ref="103000050064"/>
    <nd ref="103000050063"/>
    <nd ref="103000050062"/>
    <nd ref="103000050061"/>
    <nd ref="103000050060"/>
    <nd ref="103000050059"/>
    <nd ref="103000050058"/>
    <nd ref="103000050057"/>
    <nd ref="103000050056"/>
    <nd ref="103000050055"/>
    <nd ref="103000050054"/>
    <nd ref="103000050053"/>
    <nd ref="103000050052"/>
    <nd ref="103000050051"/>
    <nd ref="103000050050"/>
    <nd ref="103000050049"/>
    <nd ref="103000050048"/>
    <nd ref="103000050047"/>
    <nd ref="103000050046"/>
    <nd ref="103000050045"/>
    <nd ref="103000050044"/>
    <nd ref="103000050043"/>
    <nd ref="103000050042"/>
    <nd ref="103000050041"/>
    <nd ref="103000050040"/>
    <nd ref="103000050039"/>
    <nd ref="103000050038"/>
    <nd ref="103000050037"/>
    <nd ref="103000050036"/>
    <nd ref="103000050035"/>
    <nd ref="103000050034"/>
    <nd ref="103000050033"/>
    <nd ref="103000050032"/>
    <nd ref="103000050031"/>
    <nd ref="103000050030"/>
    <nd ref="103000050029"/>
    <nd ref="103000050028"/>
    <nd ref="103000050027"/>
    <nd ref="103000050026"/>
    <nd ref="103000050025"/>
    <nd ref="103000050024"/>
    <nd ref="103000050023"/>
    <nd ref="103000050022"/>
    <nd ref="103000050021"/>
    <nd ref="103000050020"/>
    <nd ref="103000050019"/>
    <nd ref="103000050018"/>
    <nd ref="103000050017"/>
    <nd ref="103000050016"/>
    <nd ref="103000050015"/>
    <nd ref="103000050014"/>
    <nd ref="103000050013"/>
    <nd ref="103000050012"/>
    <nd ref="103000050011"/>
    <nd ref="103000050010"/>
    <nd ref="10300005009"/>
    <nd ref="10300005008"/>
    <nd ref="10300005007"/>
    <nd ref="10300005006"/>
    <nd ref="10300005005"/>
    <nd ref="10300005004"/>
    <nd ref="10300005003"/>
    <nd ref="10300005002"/>
    <nd ref="10300006001"/>
    <tag k="type" v="virtual"/>
  </way>
  <way id="20300003500">
    <nd ref="10300003901"/>
    <nd ref="103000035020"/>
    <nd ref="103000035019"/>
    <nd ref="103000035018"/>
    <nd ref="103000035017"/>
    <nd ref="103000035016"/>
    <nd ref="103000035015"/>
    <nd ref="103000035014"/>
    <nd ref="103000035013"/>
    <nd ref="103000035012"/>
    <nd ref="103000035011"/>
    <nd ref="103000035010"/>
    <nd ref="10300003509"/>
    <nd ref="10300003508"/>
    <nd ref="10300003507"/>
    <nd ref="10300003506"/>
    <nd ref="10300003505"/>
    <nd ref="10300003504"/>
    <nd ref="10300003503"/>
    <nd ref="10300003502"/>
    <nd ref="103000044061"/>
    <tag k="type" v="virtual"/>
  </way>
  <way id="20300003900">
    <nd ref="10300004401"/>
    <nd ref="103000039012"/>
    <nd ref="103000039011"/>
    <nd ref="103000039010"/>
    <nd ref="10300003909"/>
    <nd ref="10300003908"/>
    <nd ref="10300003907"/>
    <nd ref="10300003906"/>
    <nd ref="10300003905"/>
    <nd ref="10300003904"/>
    <nd ref="10300003903"/>
    <nd ref="10300003902"/>
    <nd ref="10300003901"/>
    <tag k="type" v="virtual"/>
  </way>
  <way id="20300003800">
    <nd ref="103000038013"/>
    <nd ref="103000038012"/>
    <nd ref="103000038011"/>
    <nd ref="103000038010"/>
    <nd ref="10300003809"/>
    <nd ref="10300003808"/>
    <nd ref="10300003807"/>
    <nd ref="10300003806"/>
    <nd ref="10300003805"/>
    <nd ref="10300003804"/>
    <nd ref="10300003803"/>
    <nd ref="10300003802"/>
    <nd ref="10300003901"/>
    <tag k="type" v="virtual"/>
  </way>
  <way id="209000001">
    <nd ref="10300000301"/>
    <nd ref="10300000302"/>
    <nd ref="10300000303"/>
    <nd ref="10300000304"/>
    <nd ref="10300000305"/>
    <nd ref="10300000306"/>
    <nd ref="10300000307"/>
    <nd ref="10300000308"/>
    <nd ref="10300000309"/>
    <nd ref="103000003010"/>
    <nd ref="103000003011"/>
    <tag k="type" v="curbstone"/>
    <tag k="subtype" v="high"/>
  </way>
  <way id="209000010">
    <nd ref="10900001001"/>
    <nd ref="10900001002"/>
    <nd ref="10900001003"/>
    <nd ref="10900001004"/>
    <nd ref="10900001005"/>
    <nd ref="10900001006"/>
    <nd ref="10900001007"/>
    <nd ref="10900001008"/>
    <nd ref="103000007024"/>
    <nd ref="103000007025"/>
    <nd ref="103000007026"/>
    <nd ref="103000007027"/>
    <nd ref="103000007028"/>
    <nd ref="103000007029"/>
    <nd ref="103000007030"/>
    <nd ref="103000007031"/>
    <nd ref="103000007032"/>
    <nd ref="103000007033"/>
    <nd ref="103000007034"/>
    <nd ref="103000007035"/>
    <nd ref="109000010021"/>
    <nd ref="109000010022"/>
    <nd ref="109000010023"/>
    <nd ref="109000010024"/>
    <nd ref="109000010025"/>
    <nd ref="109000010026"/>
    <tag k="type" v="curbstone"/>
    <tag k="subtype" v="high"/>
  </way>
  <way id="209000011">
    <nd ref="10900001101"/>
    <nd ref="10900001102"/>
    <nd ref="10900001103"/>
    <nd ref="10900001104"/>
    <nd ref="10900001105"/>
    <nd ref="10900001106"/>
    <nd ref="103000019038"/>
    <nd ref="103000019039"/>
    <nd ref="103000019040"/>
    <nd ref="103000019041"/>
    <nd ref="103000019042"/>
    <nd ref="103000019043"/>
    <tag k="type" v="curbstone"/>
    <tag k="subtype" v="high"/>
  </way>
  <way id="209000012">
    <nd ref="10300003301"/>
    <nd ref="10300001902"/>
    <nd ref="10300001903"/>
    <nd ref="10300001904"/>
    <nd ref="10300001905"/>
    <nd ref="10300001906"/>
    <nd ref="10300001907"/>
    <nd ref="10300001908"/>
    <nd ref="10300001909"/>
    <nd ref="103000019010"/>
    <nd ref="103000019011"/>
    <nd ref="103000019012"/>
    <nd ref="103000019013"/>
    <nd ref="103000019014"/>
    <nd ref="103000019015"/>
    <nd ref="103000019016"/>
    <nd ref="103000019017"/>
    <nd ref="103000019018"/>
    <nd ref="103000019019"/>
    <nd ref="103000019020"/>
    <nd ref="103000019021"/>
    <nd ref="103000019022"/>
    <nd ref="103000019023"/>
    <nd ref="103000019024"/>
    <nd ref="109000012025"/>
    <nd ref="109000012026"/>
    <nd ref="109000012027"/>
    <nd ref="109000012028"/>
    <nd ref="109000012029"/>
    <nd ref="109000012030"/>
    <nd ref="109000012031"/>
    <nd ref="109000012032"/>
    <nd ref="109000012033"/>
    <nd ref="109000012034"/>
    <tag k="type" v="curbstone"/>
    <tag k="subtype" v="high"/>
  </way>
  <way id="209000013">
    <nd ref="10900001301"/>
    <nd ref="10900001302"/>
    <nd ref="10900001303"/>
    <nd ref="10900001304"/>
    <nd ref="10900001305"/>
    <nd ref="10300003301"/>
    <tag k="type" v="curbstone"/>
    <tag k="subtype" v="high"/>
  </way>
  <way id="209000014">
    <nd ref="10900001401"/>
    <nd ref="10900001402"/>
    <nd ref="10900001403"/>
    <tag k="type" v="curbstone"/>
    <tag k="subtype" v="high"/>
  </way>
  <way id="209000015">
    <nd ref="10900001403"/>
    <nd ref="10900001502"/>
    <nd ref="10900001503"/>
    <nd ref="10300003703"/>
    <nd ref="10300003704"/>
    <nd ref="10300003705"/>
    <nd ref="10300003706"/>
    <nd ref="10300003707"/>
    <nd ref="103000047015"/>
    <tag k="type" v="curbstone"/>
    <tag k="subtype" v="high"/>
  </way>
  <way id="209000016">
    <nd ref="103000014013"/>
    <nd ref="10300001202"/>
    <nd ref="10300001203"/>
    <nd ref="10300001204"/>
    <nd ref="10300001205"/>
    <nd ref="10300001206"/>
    <nd ref="10300001207"/>
    <nd ref="10300001208"/>
    <nd ref="10300001209"/>
    <nd ref="103000012010"/>
    <nd ref="103000012011"/>
    <nd ref="103000012012"/>
    <nd ref="103000012013"/>
    <nd ref="103000012014"/>
    <nd ref="103000012015"/>
    <nd ref="109000016016"/>
    <nd ref="109000016017"/>
    <nd ref="109000016018"/>
    <nd ref="109000016019"/>
    <nd ref="109000016020"/>
    <nd ref="109000016021"/>
    <nd ref="109000016022"/>
    <nd ref="109000016023"/>
    <nd ref="109000016024"/>
    <nd ref="103000009012"/>
    <nd ref="103000009013"/>
    <nd ref="103000009014"/>
    <nd ref="103000009015"/>
    <nd ref="103000009016"/>
    <nd ref="103000009017"/>
    <nd ref="103000009018"/>
    <nd ref="103000009019"/>
    <nd ref="103000009020"/>
    <nd ref="103000009021"/>
    <nd ref="103000009022"/>
    <nd ref="103000009023"/>
    <nd ref="103000009024"/>
    <nd ref="103000009025"/>
    <nd ref="103000009026"/>
    <nd ref="103000009027"/>
    <nd ref="103000009028"/>
    <nd ref="103000009029"/>
    <nd ref="103000009030"/>
    <nd ref="103000009031"/>
    <nd ref="103000009032"/>
    <tag k="type" v="curbstone"/>
    <tag k="subtype" v="high"/>
  </way>
  <way id="209000017">
    <nd ref="103000009032"/>
    <nd ref="10300001502"/>
    <nd ref="10300001503"/>
    <nd ref="10300001504"/>
    <nd ref="10300001505"/>
    <nd ref="10300001506"/>
    <nd ref="10300001507"/>
    <nd ref="10300001508"/>
    <nd ref="10300001509"/>
    <nd ref="103000015010"/>
    <nd ref="103000015011"/>
    <nd ref="103000015012"/>
    <nd ref="103000014013"/>
    <tag k="type" v="curbstone"/>
    <tag k="subtype" v="high"/>
  </way>
  <way id="209000018">
    <nd ref="103000028011"/>
    <nd ref="10300003002"/>
    <nd ref="10300003003"/>
    <nd ref="10300003004"/>
    <nd ref="10300003005"/>
    <nd ref="10300003006"/>
    <nd ref="10900001807"/>
    <nd ref="10900001808"/>
    <nd ref="10900001809"/>
    <nd ref="109000018010"/>
    <nd ref="109000018011"/>
    <nd ref="109000018012"/>
    <nd ref="109000018013"/>
    <nd ref="109000018014"/>
    <nd ref="109000018015"/>
    <tag k="type" v="curbstone"/>
    <tag k="subtype" v="high"/>
  </way>
  <way id="209000019">
    <nd ref="10900001901"/>
    <nd ref="10900001902"/>
    <nd ref="10900001903"/>
    <nd ref="10900001904"/>
    <nd ref="10900001905"/>
    <nd ref="10900001906"/>
    <nd ref="103000030016"/>
    <nd ref="103000030017"/>
    <nd ref="103000030018"/>
    <nd ref="103000030019"/>
    <nd ref="103000030020"/>
    <nd ref="103000030021"/>
    <nd ref="103000030022"/>
    <nd ref="103000030023"/>
    <nd ref="103000030024"/>
    <nd ref="103000030025"/>
    <nd ref="103000030026"/>
    <tag k="type" v="curbstone"/>
    <tag k="subtype" v="high"/>
  </way>
  <way id="209000002">
    <nd ref="10300001601"/>
    <nd ref="10300000802"/>
    <nd ref="10300000803"/>
    <nd ref="10300000804"/>
    <nd ref="10300000805"/>
    <nd ref="10300000806"/>
    <nd ref="10300000807"/>
    <nd ref="10300000808"/>
    <nd ref="10300007301"/>
    <tag k="type" v="curbstone"/>
    <tag k="subtype" v="high"/>
  </way>
  <way id="209000020">
    <nd ref="103000030026"/>
    <nd ref="10300003102"/>
    <nd ref="10300003103"/>
    <nd ref="10900002004"/>
    <nd ref="10900002005"/>
    <nd ref="10900002006"/>
    <nd ref="10900002007"/>
    <tag k="type" v="curbstone"/>
    <tag k="subtype" v="high"/>
  </way>
  <way id="209000021">
    <nd ref="10300007307"/>
    <nd ref="10300007402"/>
    <nd ref="10300007403"/>
    <nd ref="10300007404"/>
    <nd ref="10300007405"/>
    <nd ref="10300007406"/>
    <nd ref="10300007407"/>
    <nd ref="10300007408"/>
    <nd ref="10300007409"/>
    <nd ref="103000074010"/>
    <nd ref="103000074011"/>
    <nd ref="103000074012"/>
    <nd ref="103000074013"/>
    <nd ref="103000074014"/>
    <nd ref="103000074015"/>
    <tag k="type" v="curbstone"/>
    <tag k="subtype" v="high"/>
  </way>
  <way id="209000022">
    <nd ref="10300002603"/>
    <nd ref="10300002702"/>
    <nd ref="10300002703"/>
    <nd ref="10300002704"/>
    <nd ref="10300002705"/>
    <nd ref="10300002706"/>
    <tag k="type" v="curbstone"/>
    <tag k="subtype" v="high"/>
  </way>
  <way id="209000023">
    <nd ref="103000074015"/>
    <nd ref="10300002502"/>
    <nd ref="10300002503"/>
    <nd ref="10300002504"/>
    <nd ref="10300002505"/>
    <nd ref="10300002506"/>
    <nd ref="10300002507"/>
    <tag k="type" v="curbstone"/>
    <tag k="subtype" v="high"/>
  </way>
  <way id="209000024">
    <nd ref="10300002601"/>
    <nd ref="10300002602"/>
    <nd ref="10300002603"/>
    <tag k="type" v="curbstone"/>
    <tag k="subtype" v="high"/>
  </way>
  <way id="209000025">
    <nd ref="10300002507"/>
    <nd ref="10300002002"/>
    <nd ref="10300002003"/>
    <nd ref="10300002004"/>
    <nd ref="10300002005"/>
    <nd ref="10300002006"/>
    <nd ref="10300002007"/>
    <nd ref="10300002008"/>
    <nd ref="10300002009"/>
    <nd ref="103000020010"/>
    <nd ref="109000025011"/>
    <nd ref="109000025012"/>
    <nd ref="109000025013"/>
    <tag k="type" v="curbstone"/>
    <tag k="subtype" v="high"/>
  </way>
  <way id="209000026">
    <nd ref="103000069015"/>
    <nd ref="10300007002"/>
    <nd ref="10300007003"/>
    <nd ref="10300007004"/>
    <nd ref="10300007005"/>
    <nd ref="10300007006"/>
    <nd ref="10300007007"/>
    <nd ref="10300007008"/>
    <tag k="type" v="curbstone"/>
    <tag k="subtype" v="high"/>
  </way>
  <way id="209000027">
    <nd ref="103000033050"/>
    <nd ref="10900002702"/>
    <nd ref="10900002703"/>
    <nd ref="10900002704"/>
    <nd ref="10900002705"/>
    <nd ref="103000069015"/>
    <tag k="type" v="curbstone"/>
    <tag k="subtype" v="high"/>
  </way>
  <way id="209000028">
    <nd ref="10900002801"/>
    <nd ref="10900002802"/>
    <nd ref="10900002803"/>
    <nd ref="10900002804"/>
    <nd ref="10900002805"/>
    <nd ref="10900002806"/>
    <nd ref="10900002807"/>
    <nd ref="10900002808"/>
    <nd ref="10900002809"/>
    <nd ref="103000007011"/>
    <nd ref="103000007012"/>
    <nd ref="103000007013"/>
    <nd ref="109000028013"/>
    <nd ref="109000028014"/>
    <nd ref="109000028015"/>
    <nd ref="109000028016"/>
    <nd ref="109000028017"/>
    <nd ref="109000028018"/>
    <tag k="type" v="curbstone"/>
    <tag k="subtype" v="high"/>
  </way>
  <way id="209000029">
    <nd ref="10900002901"/>
    <nd ref="10900002902"/>
    <nd ref="103000020022"/>
    <nd ref="103000020023"/>
    <nd ref="10900002905"/>
    <nd ref="10900002906"/>
    <tag k="type" v="curbstone"/>
    <tag k="subtype" v="high"/>
  </way>
  <way id="209000003">
    <nd ref="10900000301"/>
    <nd ref="10900000302"/>
    <nd ref="10900000303"/>
    <nd ref="10900000304"/>
    <nd ref="10900000305"/>
    <nd ref="10900000306"/>
    <nd ref="10900000307"/>
    <nd ref="10900000308"/>
    <nd ref="10900000309"/>
    <nd ref="103000010022"/>
    <nd ref="103000010023"/>
    <nd ref="10300001601"/>
    <tag k="type" v="curbstone"/>
    <tag k="subtype" v="high"/>
  </way>
  <way id="209000030">
    <nd ref="10900002906"/>
    <nd ref="10900003002"/>
    <nd ref="10900003003"/>
    <tag k="type" v="curbstone"/>
    <tag k="subtype" v="high"/>
  </way>
  <way id="209000031">
    <nd ref="10300000401"/>
    <nd ref="10300000402"/>
    <nd ref="10300000403"/>
    <nd ref="10300000404"/>
    <nd ref="10300000405"/>
    <nd ref="10300000406"/>
    <nd ref="10300000407"/>
    <nd ref="10900003108"/>
    <nd ref="10900003109"/>
    <nd ref="109000031010"/>
    <nd ref="109000031011"/>
    <nd ref="109000031012"/>
    <nd ref="109000031013"/>
    <tag k="type" v="curbstone"/>
    <tag k="subtype" v="high"/>
  </way>
  <way id="209000032">
    <nd ref="10300000607"/>
    <nd ref="10300006102"/>
    <nd ref="10300006103"/>
    <nd ref="10900003204"/>
    <nd ref="10900003205"/>
    <nd ref="10900003206"/>
    <nd ref="10900003207"/>
    <nd ref="10900003208"/>
    <nd ref="10900003209"/>
    <tag k="type" v="curbstone"/>
    <tag k="subtype" v="high"/>
  </way>
  <way id="209000033">
    <nd ref="10900003301"/>
    <nd ref="10900003302"/>
    <nd ref="10900003303"/>
    <nd ref="10900003304"/>
    <nd ref="10900003305"/>
    <nd ref="10900003306"/>
    <nd ref="10900003307"/>
    <nd ref="103000061036"/>
    <nd ref="103000061037"/>
    <nd ref="103000061038"/>
    <nd ref="103000061039"/>
    <nd ref="103000061040"/>
    <nd ref="103000061041"/>
    <nd ref="103000061042"/>
    <nd ref="103000061043"/>
    <nd ref="103000061044"/>
    <nd ref="103000061045"/>
    <nd ref="103000061046"/>
    <nd ref="103000061047"/>
    <nd ref="103000061048"/>
    <nd ref="103000061049"/>
    <nd ref="103000061050"/>
    <nd ref="109000033023"/>
    <nd ref="109000033024"/>
    <nd ref="109000033025"/>
    <nd ref="109000033026"/>
    <nd ref="109000033027"/>
    <nd ref="109000033028"/>
    <nd ref="109000033029"/>
    <nd ref="109000033030"/>
    <nd ref="109000033031"/>
    <nd ref="109000033032"/>
    <nd ref="109000033033"/>
    <tag k="type" v="curbstone"/>
    <tag k="subtype" v="high"/>
  </way>
  <way id="209000034">
    <nd ref="10900003401"/>
    <nd ref="10900003402"/>
    <nd ref="10900003403"/>
    <nd ref="103000062054"/>
    <nd ref="103000062055"/>
    <nd ref="103000062056"/>
    <nd ref="103000062057"/>
    <nd ref="103000062058"/>
    <nd ref="103000062059"/>
    <nd ref="103000062060"/>
    <nd ref="103000062061"/>
    <nd ref="109000034012"/>
    <nd ref="109000034013"/>
    <nd ref="109000034014"/>
    <nd ref="109000034015"/>
    <nd ref="109000034016"/>
    <nd ref="109000034017"/>
    <nd ref="109000034018"/>
    <tag k="type" v="curbstone"/>
    <tag k="subtype" v="high"/>
  </way>
  <way id="209000035">
    <nd ref="10900003501"/>
    <nd ref="10900003502"/>
    <nd ref="10900003503"/>
    <nd ref="10900003504"/>
    <nd ref="10900003505"/>
    <nd ref="10900003506"/>
    <nd ref="10900003507"/>
    <nd ref="10900003508"/>
    <nd ref="10900003509"/>
    <nd ref="103000061061"/>
    <nd ref="103000061062"/>
    <nd ref="103000061063"/>
    <nd ref="103000061064"/>
    <nd ref="103000061065"/>
    <nd ref="103000061066"/>
    <nd ref="103000061067"/>
    <nd ref="103000061068"/>
    <nd ref="103000061069"/>
    <nd ref="103000061070"/>
    <nd ref="103000061071"/>
    <nd ref="103000061072"/>
    <nd ref="103000061073"/>
    <nd ref="109000035023"/>
    <nd ref="109000035024"/>
    <nd ref="109000035025"/>
    <nd ref="109000035026"/>
    <nd ref="109000035027"/>
    <tag k="type" v="curbstone"/>
    <tag k="subtype" v="high"/>
  </way>
  <way id="209000036">
    <nd ref="10300002706"/>
    <nd ref="10900003602"/>
    <nd ref="10900003603"/>
    <nd ref="10900003604"/>
    <nd ref="10900003605"/>
    <nd ref="10900003606"/>
    <tag k="type" v="curbstone"/>
    <tag k="subtype" v="high"/>
  </way>
  <way id="209000037">
    <nd ref="10900003701"/>
    <nd ref="10900003702"/>
    <nd ref="10900003703"/>
    <nd ref="10900003704"/>
    <nd ref="10900003705"/>
    <nd ref="10900003706"/>
    <nd ref="10900003707"/>
    <nd ref="103000067012"/>
    <nd ref="103000067013"/>
    <nd ref="103000067014"/>
    <nd ref="103000067015"/>
    <nd ref="103000067016"/>
    <nd ref="103000067017"/>
    <nd ref="103000067018"/>
    <nd ref="103000067019"/>
    <nd ref="103000067020"/>
    <nd ref="103000067021"/>
    <nd ref="103000067022"/>
    <nd ref="103000067023"/>
    <nd ref="103000067024"/>
    <nd ref="103000067025"/>
    <nd ref="103000067026"/>
    <nd ref="10300006501"/>
    <tag k="type" v="curbstone"/>
    <tag k="subtype" v="high"/>
  </way>
  <way id="209000038">
    <nd ref="10900003801"/>
    <nd ref="10900003802"/>
    <nd ref="10900003803"/>
    <nd ref="10900003804"/>
    <nd ref="10900003805"/>
    <nd ref="10900003806"/>
    <nd ref="10900003807"/>
    <nd ref="10900003808"/>
    <nd ref="103000062097"/>
    <nd ref="103000062098"/>
    <nd ref="103000062099"/>
    <nd ref="1030000620100"/>
    <nd ref="1030000620101"/>
    <nd ref="1030000620102"/>
    <nd ref="1030000620103"/>
    <nd ref="1030000620104"/>
    <nd ref="1030000620105"/>
    <nd ref="1030000620106"/>
    <nd ref="1030000620107"/>
    <nd ref="10300000401"/>
    <tag k="type" v="curbstone"/>
    <tag k="subtype" v="high"/>
  </way>
  <way id="209000039">
    <nd ref="10900003901"/>
    <nd ref="10900003902"/>
    <nd ref="10900003903"/>
    <nd ref="10900003904"/>
    <nd ref="10900003905"/>
    <nd ref="10900003906"/>
    <nd ref="103000029018"/>
    <nd ref="103000029019"/>
    <nd ref="103000029020"/>
    <nd ref="109000039010"/>
    <nd ref="109000039011"/>
    <nd ref="109000039012"/>
    <nd ref="109000039013"/>
    <nd ref="109000039014"/>
    <nd ref="109000039015"/>
    <tag k="type" v="curbstone"/>
    <tag k="subtype" v="high"/>
  </way>
  <way id="209000004">
    <nd ref="10300000701"/>
    <nd ref="10300000702"/>
    <nd ref="10900000403"/>
    <nd ref="10900000404"/>
    <nd ref="10900000405"/>
    <nd ref="10900000406"/>
    <nd ref="10900000407"/>
    <nd ref="10900000408"/>
    <nd ref="10900000409"/>
    <tag k="type" v="curbstone"/>
    <tag k="subtype" v="high"/>
  </way>
  <way id="209000040">
    <nd ref="103000047015"/>
    <nd ref="10300002902"/>
    <nd ref="10300002903"/>
    <nd ref="10300002904"/>
    <nd ref="10300002905"/>
    <nd ref="10900004006"/>
    <nd ref="10900004007"/>
    <nd ref="10900004008"/>
    <nd ref="10900004009"/>
    <nd ref="109000040010"/>
    <tag k="type" v="curbstone"/>
    <tag k="subtype" v="high"/>
  </way>
  <way id="209000041">
    <nd ref="103000045015"/>
    <nd ref="10300004002"/>
    <nd ref="10300004003"/>
    <nd ref="10300004004"/>
    <nd ref="10300004005"/>
    <nd ref="10300004601"/>
    <tag k="type" v="curbstone"/>
    <tag k="subtype" v="high"/>
  </way>
  <way id="209000042">
    <nd ref="10300006801"/>
    <nd ref="10300006802"/>
    <nd ref="10300006803"/>
    <nd ref="10300006804"/>
    <nd ref="10900004205"/>
    <nd ref="10900004206"/>
    <nd ref="10900004207"/>
    <nd ref="10900004208"/>
    <nd ref="10900004209"/>
    <nd ref="109000042010"/>
    <tag k="type" v="curbstone"/>
    <tag k="subtype" v="high"/>
  </way>
  <way id="209000043">
    <nd ref="10900004301"/>
    <nd ref="10900004302"/>
    <nd ref="10900004303"/>
    <nd ref="10900004304"/>
    <nd ref="10900004305"/>
    <nd ref="10900004306"/>
    <nd ref="103000062047"/>
    <nd ref="103000062048"/>
    <nd ref="103000062049"/>
    <nd ref="109000043010"/>
    <nd ref="109000043011"/>
    <nd ref="109000043012"/>
    <nd ref="109000043013"/>
    <nd ref="109000043014"/>
    <tag k="type" v="curbstone"/>
    <tag k="subtype" v="high"/>
  </way>
  <way id="209000044">
    <nd ref="10900004401"/>
    <nd ref="10900004402"/>
    <nd ref="10900004403"/>
    <nd ref="10900004404"/>
    <nd ref="10900004405"/>
    <nd ref="10900004406"/>
    <nd ref="10900004407"/>
    <nd ref="10900004408"/>
    <nd ref="103000062018"/>
    <nd ref="103000062019"/>
    <nd ref="103000062020"/>
    <nd ref="103000062021"/>
    <nd ref="103000062022"/>
    <nd ref="103000062023"/>
    <nd ref="103000062024"/>
    <nd ref="103000062025"/>
    <nd ref="103000062026"/>
    <nd ref="103000062027"/>
    <nd ref="103000062028"/>
    <nd ref="103000062029"/>
    <nd ref="103000062030"/>
    <nd ref="103000062031"/>
    <nd ref="103000062032"/>
    <nd ref="103000062033"/>
    <nd ref="103000062034"/>
    <nd ref="109000044026"/>
    <nd ref="109000044027"/>
    <nd ref="109000044028"/>
    <nd ref="109000044029"/>
    <nd ref="109000044030"/>
    <nd ref="109000044031"/>
    <nd ref="109000044032"/>
    <nd ref="109000044033"/>
    <nd ref="109000044034"/>
    <nd ref="109000044035"/>
    <tag k="type" v="curbstone"/>
    <tag k="subtype" v="high"/>
  </way>
  <way id="209000045">
    <nd ref="103000051023"/>
    <nd ref="10300006202"/>
    <nd ref="10300006203"/>
    <nd ref="10300006204"/>
    <nd ref="10300006205"/>
    <nd ref="10300006206"/>
    <nd ref="10900004507"/>
    <nd ref="10900004508"/>
    <nd ref="10900004509"/>
    <nd ref="109000045010"/>
    <nd ref="109000045011"/>
    <nd ref="109000045012"/>
    <nd ref="109000045013"/>
    <nd ref="109000045014"/>
    <nd ref="109000045015"/>
    <nd ref="109000045016"/>
    <nd ref="109000045017"/>
    <tag k="type" v="curbstone"/>
    <tag k="subtype" v="high"/>
  </way>
  <way id="209000046">
    <nd ref="10900004601"/>
    <nd ref="10900004602"/>
    <nd ref="10900004603"/>
    <nd ref="10900004604"/>
    <nd ref="10300002807"/>
    <nd ref="10300002808"/>
    <nd ref="10300002809"/>
    <nd ref="103000028010"/>
    <nd ref="103000028011"/>
    <tag k="type" v="curbstone"/>
    <tag k="subtype" v="high"/>
  </way>
  <way id="209000047">
    <nd ref="10300006501"/>
    <nd ref="10300006502"/>
    <nd ref="10300006503"/>
    <nd ref="10300006504"/>
    <nd ref="10300006505"/>
    <nd ref="10300006506"/>
    <nd ref="10300006507"/>
    <nd ref="10900004708"/>
    <nd ref="10900004709"/>
    <nd ref="109000047010"/>
    <tag k="type" v="curbstone"/>
    <tag k="subtype" v="high"/>
  </way>
  <way id="209000048">
    <nd ref="10900004801"/>
    <nd ref="10900004802"/>
    <nd ref="10900004803"/>
    <nd ref="10900004804"/>
    <nd ref="10900004805"/>
    <nd ref="103000017016"/>
    <nd ref="103000017017"/>
    <nd ref="103000017018"/>
    <nd ref="10900004809"/>
    <nd ref="109000048010"/>
    <nd ref="109000048011"/>
    <nd ref="109000048012"/>
    <nd ref="109000048013"/>
    <nd ref="109000048014"/>
    <tag k="type" v="curbstone"/>
    <tag k="subtype" v="high"/>
  </way>
  <way id="209000049">
    <nd ref="10900004901"/>
    <nd ref="10900004902"/>
    <nd ref="10900004903"/>
    <nd ref="10900004904"/>
    <nd ref="10900004905"/>
    <nd ref="10900004906"/>
    <nd ref="10300001705"/>
    <nd ref="10300001706"/>
    <nd ref="10900004909"/>
    <nd ref="109000049010"/>
    <nd ref="109000049011"/>
    <nd ref="109000049012"/>
    <nd ref="109000049013"/>
    <nd ref="109000049014"/>
    <tag k="type" v="curbstone"/>
    <tag k="subtype" v="high"/>
  </way>
  <way id="209000005">
    <nd ref="10300000601"/>
    <nd ref="10300000602"/>
    <nd ref="10300000603"/>
    <nd ref="10300000604"/>
    <nd ref="10300000605"/>
    <nd ref="10300000606"/>
    <nd ref="10300000607"/>
    <tag k="type" v="curbstone"/>
    <tag k="subtype" v="high"/>
  </way>
  <way id="209000050">
    <nd ref="10900005001"/>
    <nd ref="10900005002"/>
    <nd ref="10900005003"/>
    <nd ref="10900005004"/>
    <nd ref="10900005005"/>
    <nd ref="10900005006"/>
    <nd ref="103000017026"/>
    <nd ref="103000017027"/>
    <nd ref="103000017028"/>
    <nd ref="10300006801"/>
    <tag k="type" v="curbstone"/>
    <tag k="subtype" v="high"/>
  </way>
  <way id="209000051">
    <nd ref="10300004901"/>
    <nd ref="10300004902"/>
    <nd ref="10900005103"/>
    <nd ref="10900005104"/>
    <nd ref="10900005105"/>
    <nd ref="10900005106"/>
    <nd ref="10900005107"/>
    <nd ref="10900005108"/>
    <nd ref="10900005109"/>
    <nd ref="109000051010"/>
    <nd ref="109000051011"/>
    <nd ref="109000051012"/>
    <nd ref="109000051013"/>
    <nd ref="109000051014"/>
    <tag k="type" v="curbstone"/>
    <tag k="subtype" v="high"/>
  </way>
  <way id="209000052">
    <nd ref="10900005201"/>
    <nd ref="10900005202"/>
    <nd ref="10900005203"/>
    <nd ref="10900005204"/>
    <nd ref="10900005205"/>
    <nd ref="10900005206"/>
    <nd ref="103000031012"/>
    <nd ref="103000031013"/>
    <nd ref="10300007101"/>
    <tag k="type" v="curbstone"/>
    <tag k="subtype" v="high"/>
  </way>
  <way id="209000053">
    <nd ref="10300007008"/>
    <nd ref="10300001002"/>
    <nd ref="10300001003"/>
    <nd ref="10300001004"/>
    <nd ref="10300001005"/>
    <nd ref="10300001006"/>
    <nd ref="10300001007"/>
    <nd ref="10300001008"/>
    <nd ref="10900005309"/>
    <nd ref="109000053010"/>
    <nd ref="109000053011"/>
    <nd ref="109000053012"/>
    <tag k="type" v="curbstone"/>
    <tag k="subtype" v="high"/>
  </way>
  <way id="209000054">
    <nd ref="10300005901"/>
    <nd ref="10300005702"/>
    <nd ref="10300005703"/>
    <nd ref="10300005704"/>
    <nd ref="10300005705"/>
    <nd ref="10300005706"/>
    <nd ref="10300005707"/>
    <nd ref="10300005708"/>
    <nd ref="10300005709"/>
    <nd ref="103000057010"/>
    <nd ref="103000057011"/>
    <nd ref="103000057012"/>
    <nd ref="10300006301"/>
    <tag k="type" v="curbstone"/>
    <tag k="subtype" v="high"/>
  </way>
  <way id="209000055">
    <nd ref="10300005601"/>
    <nd ref="10300005802"/>
    <nd ref="10300005803"/>
    <nd ref="10300005804"/>
    <nd ref="10300005805"/>
    <nd ref="10300005806"/>
    <nd ref="10300005807"/>
    <nd ref="10300005808"/>
    <nd ref="10300005809"/>
    <nd ref="103000058010"/>
    <nd ref="103000058011"/>
    <nd ref="103000058012"/>
    <nd ref="103000058013"/>
    <nd ref="103000058014"/>
    <nd ref="103000058015"/>
    <nd ref="103000058016"/>
    <nd ref="10300006401"/>
    <tag k="type" v="curbstone"/>
    <tag k="subtype" v="high"/>
  </way>
  <way id="209000056">
    <nd ref="10900005601"/>
    <nd ref="10900005602"/>
    <nd ref="10900005603"/>
    <nd ref="10900005604"/>
    <nd ref="10900005605"/>
    <nd ref="10900005606"/>
    <nd ref="10900005607"/>
    <nd ref="10900005608"/>
    <nd ref="10900005609"/>
    <nd ref="103000054073"/>
    <nd ref="10300005601"/>
    <tag k="type" v="curbstone"/>
    <tag k="subtype" v="high"/>
  </way>
  <way id="209000057">
    <nd ref="10900005701"/>
    <nd ref="10900005702"/>
    <nd ref="10900005703"/>
    <nd ref="10900005704"/>
    <nd ref="10900005705"/>
    <nd ref="10900005706"/>
    <nd ref="10900005707"/>
    <nd ref="103000062073"/>
    <nd ref="103000062074"/>
    <nd ref="103000062075"/>
    <nd ref="103000062076"/>
    <nd ref="103000062077"/>
    <nd ref="103000062078"/>
    <nd ref="103000062079"/>
    <nd ref="103000062080"/>
    <nd ref="103000062081"/>
    <nd ref="103000062082"/>
    <nd ref="103000062083"/>
    <nd ref="103000062084"/>
    <nd ref="109000057020"/>
    <nd ref="109000057021"/>
    <nd ref="109000057022"/>
    <nd ref="109000057023"/>
    <nd ref="109000057024"/>
    <nd ref="109000057025"/>
    <nd ref="109000057026"/>
    <nd ref="109000057027"/>
    <nd ref="109000057028"/>
    <nd ref="109000057029"/>
    <nd ref="109000057030"/>
    <nd ref="109000057031"/>
    <nd ref="109000057032"/>
    <nd ref="109000057033"/>
    <nd ref="109000057034"/>
    <nd ref="109000057035"/>
    <nd ref="109000057036"/>
    <nd ref="109000057037"/>
    <tag k="type" v="curbstone"/>
    <tag k="subtype" v="high"/>
  </way>
  <way id="209000058">
    <nd ref="10900005801"/>
    <nd ref="10900005802"/>
    <nd ref="10900005803"/>
    <nd ref="10900005804"/>
    <nd ref="10900005805"/>
    <nd ref="10900005806"/>
    <nd ref="10900005807"/>
    <nd ref="10900005808"/>
    <nd ref="103000054032"/>
    <nd ref="103000054033"/>
    <nd ref="103000054034"/>
    <nd ref="103000054035"/>
    <nd ref="103000054037"/>
    <nd ref="103000054038"/>
    <nd ref="103000054039"/>
    <nd ref="103000054040"/>
    <nd ref="103000054041"/>
    <nd ref="103000054042"/>
    <nd ref="103000054043"/>
    <nd ref="103000054044"/>
    <nd ref="103000054045"/>
    <nd ref="103000054046"/>
    <nd ref="103000054047"/>
    <nd ref="103000054048"/>
    <nd ref="103000054049"/>
    <nd ref="103000054050"/>
    <nd ref="103000054051"/>
    <nd ref="103000054052"/>
    <nd ref="103000054053"/>
    <nd ref="103000054054"/>
    <nd ref="103000054055"/>
    <nd ref="109000058033"/>
    <nd ref="109000058034"/>
    <nd ref="109000058035"/>
    <nd ref="109000058036"/>
    <nd ref="109000058037"/>
    <nd ref="109000058038"/>
    <nd ref="109000058039"/>
    <nd ref="109000058040"/>
    <nd ref="109000058041"/>
    <tag k="type" v="curbstone"/>
    <tag k="subtype" v="high"/>
  </way>
  <way id="209000059">
    <nd ref="10300006301"/>
    <nd ref="10300006302"/>
    <nd ref="10300006303"/>
    <nd ref="10300006304"/>
    <nd ref="10300006305"/>
    <nd ref="10300006306"/>
    <nd ref="10300006307"/>
    <nd ref="10300006308"/>
    <nd ref="10300006309"/>
    <nd ref="103000063010"/>
    <nd ref="103000063011"/>
    <nd ref="103000063012"/>
    <nd ref="103000063013"/>
    <nd ref="103000063014"/>
    <nd ref="103000063015"/>
    <nd ref="103000063016"/>
    <nd ref="1030000620590"/>
    <tag k="type" v="curbstone"/>
    <tag k="subtype" v="high"/>
  </way>
  <way id="209000006">
    <nd ref="10900000601"/>
    <nd ref="10900000602"/>
    <nd ref="10900000603"/>
    <nd ref="10900000604"/>
    <nd ref="10900000605"/>
    <nd ref="10300000601"/>
    <tag k="type" v="curbstone"/>
    <tag k="subtype" v="high"/>
  </way>
  <way id="209000060">
    <nd ref="103000003011"/>
    <nd ref="10300005502"/>
    <nd ref="10300005503"/>
    <nd ref="10300005504"/>
    <nd ref="10300005505"/>
    <nd ref="10300005506"/>
    <nd ref="10300005507"/>
    <nd ref="10300005508"/>
    <nd ref="10300005509"/>
    <nd ref="103000055010"/>
    <nd ref="103000055011"/>
    <nd ref="103000055012"/>
    <nd ref="103000055013"/>
    <nd ref="103000055014"/>
    <nd ref="103000055015"/>
    <nd ref="103000055016"/>
    <nd ref="103000055017"/>
    <nd ref="103000055018"/>
    <nd ref="103000055019"/>
    <nd ref="103000055020"/>
    <nd ref="103000055021"/>
    <nd ref="103000055022"/>
    <nd ref="103000055023"/>
    <nd ref="103000055024"/>
    <nd ref="109000060025"/>
    <nd ref="109000060026"/>
    <nd ref="109000060027"/>
    <nd ref="109000060028"/>
    <nd ref="1030000620931"/>
    <tag k="type" v="curbstone"/>
    <tag k="subtype" v="high"/>
  </way>
  <way id="209000061">
    <nd ref="10300006401"/>
    <nd ref="10300006402"/>
    <nd ref="10300006403"/>
    <nd ref="10900006104"/>
    <nd ref="10900006105"/>
    <nd ref="10900006106"/>
    <nd ref="10900006107"/>
    <nd ref="10900006108"/>
    <nd ref="10900006109"/>
    <nd ref="109000061010"/>
    <nd ref="109000061011"/>
    <tag k="type" v="curbstone"/>
    <tag k="subtype" v="high"/>
  </way>
  <way id="209000062">
    <nd ref="10900006201"/>
    <nd ref="10900006202"/>
    <nd ref="10900006203"/>
    <nd ref="10900006204"/>
    <nd ref="103000064012"/>
    <nd ref="103000064013"/>
    <nd ref="103000064014"/>
    <nd ref="103000064015"/>
    <nd ref="103000064016"/>
    <nd ref="103000064017"/>
    <nd ref="103000064018"/>
    <nd ref="103000064019"/>
    <nd ref="103000064020"/>
    <nd ref="103000064021"/>
    <nd ref="109000062015"/>
    <nd ref="109000062016"/>
    <nd ref="109000062017"/>
    <nd ref="109000062018"/>
    <nd ref="109000062019"/>
    <tag k="type" v="curbstone"/>
    <tag k="subtype" v="high"/>
  </way>
  <way id="209000063">
    <nd ref="10900006301"/>
    <nd ref="10900006302"/>
    <nd ref="10900006303"/>
    <nd ref="10900006304"/>
    <nd ref="10900006305"/>
    <nd ref="10900006306"/>
    <nd ref="10900006307"/>
    <nd ref="10900006308"/>
    <nd ref="10900006309"/>
    <nd ref="109000063010"/>
    <nd ref="103000064033"/>
    <nd ref="103000064034"/>
    <nd ref="103000064035"/>
    <nd ref="103000064036"/>
    <nd ref="103000064037"/>
    <nd ref="103000064038"/>
    <nd ref="109000063017"/>
    <nd ref="109000063018"/>
    <nd ref="109000063019"/>
    <nd ref="109000063020"/>
    <nd ref="109000063021"/>
    <nd ref="109000063022"/>
    <nd ref="109000063023"/>
    <nd ref="109000063024"/>
    <nd ref="109000063025"/>
    <nd ref="109000063026"/>
    <nd ref="109000063027"/>
    <nd ref="109000063028"/>
    <nd ref="109000063029"/>
    <nd ref="109000063030"/>
    <nd ref="109000063031"/>
    <nd ref="103000033015"/>
    <nd ref="103000033016"/>
    <nd ref="103000033017"/>
    <nd ref="103000033018"/>
    <nd ref="103000033019"/>
    <nd ref="103000033020"/>
    <nd ref="103000033021"/>
    <nd ref="103000033022"/>
    <nd ref="109000063040"/>
    <nd ref="109000063041"/>
    <nd ref="109000063042"/>
    <nd ref="109000063043"/>
    <tag k="type" v="curbstone"/>
    <tag k="subtype" v="high"/>
  </way>
  <way id="209000064">
    <nd ref="103000046033"/>
    <nd ref="10300004502"/>
    <nd ref="10300004503"/>
    <nd ref="10300004504"/>
    <nd ref="10300004505"/>
    <nd ref="10300004506"/>
    <nd ref="10300004507"/>
    <nd ref="10300004508"/>
    <nd ref="10300004509"/>
    <nd ref="103000045010"/>
    <nd ref="103000045011"/>
    <nd ref="103000045012"/>
    <nd ref="103000045013"/>
    <nd ref="103000045014"/>
    <nd ref="103000045015"/>
    <tag k="type" v="curbstone"/>
    <tag k="subtype" v="high"/>
  </way>
  <way id="209000065">
    <nd ref="10300004601"/>
    <nd ref="10300004602"/>
    <nd ref="10300004603"/>
    <nd ref="10300004604"/>
    <nd ref="10300004605"/>
    <nd ref="10300004606"/>
    <nd ref="10300004607"/>
    <nd ref="10300004608"/>
    <nd ref="10300004609"/>
    <nd ref="103000046010"/>
    <nd ref="103000046011"/>
    <nd ref="103000046012"/>
    <nd ref="103000046013"/>
    <nd ref="103000046014"/>
    <nd ref="103000046015"/>
    <nd ref="103000046016"/>
    <nd ref="103000046017"/>
    <nd ref="103000046018"/>
    <nd ref="103000046019"/>
    <nd ref="103000046020"/>
    <nd ref="103000046021"/>
    <nd ref="103000046022"/>
    <nd ref="103000046023"/>
    <nd ref="103000046024"/>
    <nd ref="103000046025"/>
    <nd ref="103000046026"/>
    <nd ref="103000046027"/>
    <nd ref="103000046028"/>
    <nd ref="103000046029"/>
    <nd ref="103000046030"/>
    <nd ref="103000046031"/>
    <nd ref="103000046032"/>
    <nd ref="103000046033"/>
    <tag k="type" v="curbstone"/>
    <tag k="subtype" v="high"/>
  </way>
  <way id="209000066">
    <nd ref="10300007101"/>
    <nd ref="10300007102"/>
    <nd ref="10300007103"/>
    <nd ref="10300007104"/>
    <nd ref="10300004901"/>
    <tag k="type" v="curbstone"/>
    <tag k="subtype" v="high"/>
  </way>
  <way id="209000067">
    <nd ref="103000033049"/>
    <nd ref="103000033050"/>
    <tag k="type" v="curbstone"/>
    <tag k="subtype" v="high"/>
  </way>
  <way id="209000068">
    <nd ref="10300007301"/>
    <nd ref="10300007302"/>
    <nd ref="10300007303"/>
    <nd ref="10300007304"/>
    <nd ref="10300007305"/>
    <nd ref="10300007306"/>
    <nd ref="10300007307"/>
    <tag k="type" v="curbstone"/>
    <tag k="subtype" v="high"/>
  </way>
  <way id="209000069">
    <nd ref="10900006901"/>
    <nd ref="10900006902"/>
    <nd ref="10900006903"/>
    <nd ref="10900006904"/>
    <nd ref="10900006905"/>
    <nd ref="10900006906"/>
    <nd ref="103000061013"/>
    <nd ref="103000061014"/>
    <nd ref="10900006909"/>
    <nd ref="109000069010"/>
    <nd ref="109000069011"/>
    <nd ref="109000069012"/>
    <nd ref="109000069013"/>
    <nd ref="109000069014"/>
    <tag k="type" v="curbstone"/>
    <tag k="subtype" v="high"/>
  </way>
  <way id="209000007">
    <nd ref="103000019043"/>
    <nd ref="10300001102"/>
    <nd ref="10300001103"/>
    <nd ref="10300001104"/>
    <nd ref="10300001105"/>
    <nd ref="10300001106"/>
    <nd ref="10300001107"/>
    <nd ref="10300001108"/>
    <nd ref="10300001109"/>
    <nd ref="103000011010"/>
    <nd ref="103000011011"/>
    <nd ref="103000011012"/>
    <nd ref="103000011013"/>
    <nd ref="103000011014"/>
    <nd ref="103000011015"/>
    <nd ref="103000011016"/>
    <nd ref="10300000701"/>
    <tag k="type" v="curbstone"/>
    <tag k="subtype" v="high"/>
  </way>
  <way id="209000070">
    <nd ref="10900007001"/>
    <nd ref="10900007002"/>
    <nd ref="10900007003"/>
    <nd ref="10900007004"/>
    <nd ref="10900007005"/>
    <nd ref="10900007006"/>
    <nd ref="103000061023"/>
    <nd ref="103000061024"/>
    <nd ref="103000061025"/>
    <nd ref="103000061026"/>
    <nd ref="103000061027"/>
    <nd ref="103000061028"/>
    <nd ref="109000070013"/>
    <nd ref="109000070014"/>
    <nd ref="109000070015"/>
    <nd ref="109000070016"/>
    <nd ref="109000070017"/>
    <nd ref="109000070018"/>
    <nd ref="109000070019"/>
    <nd ref="109000070020"/>
    <nd ref="109000070021"/>
    <nd ref="109000070022"/>
    <nd ref="109000070023"/>
    <tag k="type" v="curbstone"/>
    <tag k="subtype" v="high"/>
  </way>
  <way id="209000071">
    <nd ref="10900007101"/>
    <nd ref="10900007102"/>
    <nd ref="10900007103"/>
    <nd ref="103000022011"/>
    <nd ref="103000022012"/>
    <nd ref="103000022013"/>
    <nd ref="103000022014"/>
    <nd ref="103000022015"/>
    <nd ref="10300002601"/>
    <tag k="type" v="curbstone"/>
    <tag k="subtype" v="high"/>
  </way>
  <way id="209000072">
    <nd ref="10900007201"/>
    <nd ref="10900007202"/>
    <nd ref="10900007203"/>
    <nd ref="10900007204"/>
    <nd ref="10900007205"/>
    <nd ref="10900007206"/>
    <nd ref="10900007207"/>
    <nd ref="10900007208"/>
    <nd ref="10900007209"/>
    <nd ref="109000072010"/>
    <nd ref="103000051013"/>
    <nd ref="103000051014"/>
    <nd ref="103000051015"/>
    <nd ref="103000051016"/>
    <nd ref="103000051017"/>
    <nd ref="103000051018"/>
    <nd ref="103000051019"/>
    <nd ref="103000051020"/>
    <nd ref="103000051021"/>
    <nd ref="103000051022"/>
    <nd ref="103000051023"/>
    <tag k="type" v="curbstone"/>
    <tag k="subtype" v="high"/>
  </way>
  <way id="209000073">
    <nd ref="103000061099"/>
    <nd ref="10300005302"/>
    <nd ref="10300005303"/>
    <nd ref="10300005304"/>
    <nd ref="10300005305"/>
    <nd ref="10300005306"/>
    <nd ref="10300005307"/>
    <nd ref="10300005308"/>
    <nd ref="10300005309"/>
    <nd ref="103000053010"/>
    <nd ref="103000053011"/>
    <nd ref="109000073012"/>
    <nd ref="109000073013"/>
    <nd ref="109000073014"/>
    <nd ref="109000073015"/>
    <nd ref="109000073016"/>
    <tag k="type" v="curbstone"/>
    <tag k="subtype" v="high"/>
  </way>
  <way id="209000074">
    <nd ref="10300005101"/>
    <nd ref="10300005102"/>
    <nd ref="10300005103"/>
    <nd ref="10300005104"/>
    <nd ref="10300005105"/>
    <nd ref="10900007406"/>
    <nd ref="10900007407"/>
    <nd ref="10900007408"/>
    <nd ref="10900007409"/>
    <tag k="type" v="curbstone"/>
    <tag k="subtype" v="high"/>
  </way>
  <way id="209000075">
    <nd ref="10900007501"/>
    <nd ref="10900007502"/>
    <nd ref="10900007503"/>
    <nd ref="10900007504"/>
    <nd ref="10900007505"/>
    <nd ref="10900007506"/>
    <nd ref="10900007507"/>
    <nd ref="10900007508"/>
    <nd ref="103000053018"/>
    <nd ref="103000053019"/>
    <nd ref="103000053020"/>
    <nd ref="10300005101"/>
    <tag k="type" v="curbstone"/>
    <tag k="subtype" v="high"/>
  </way>
  <way id="209000008">
    <nd ref="10900000801"/>
    <nd ref="10900000802"/>
    <nd ref="10900000803"/>
    <nd ref="10900000804"/>
    <nd ref="103000054013"/>
    <nd ref="103000054014"/>
    <nd ref="103000054015"/>
    <nd ref="103000054016"/>
    <nd ref="10900000809"/>
    <nd ref="109000008010"/>
    <nd ref="109000008011"/>
    <nd ref="109000008012"/>
    <nd ref="109000008013"/>
    <nd ref="109000008014"/>
    <tag k="type" v="curbstone"/>
    <tag k="subtype" v="high"/>
  </way>
  <way id="209000009">
    <nd ref="10900000901"/>
    <nd ref="10900000902"/>
    <nd ref="10900000903"/>
    <nd ref="10900000904"/>
    <nd ref="10900000905"/>
    <nd ref="10900000906"/>
    <nd ref="10900000907"/>
    <nd ref="10900000908"/>
    <nd ref="10900000909"/>
    <nd ref="109000009010"/>
    <nd ref="109000009011"/>
    <nd ref="109000009012"/>
    <nd ref="109000009013"/>
    <nd ref="109000009014"/>
    <nd ref="109000009015"/>
    <nd ref="109000009016"/>
    <nd ref="109000009017"/>
    <nd ref="103000061094"/>
    <nd ref="103000061095"/>
    <nd ref="103000061096"/>
    <nd ref="103000061097"/>
    <nd ref="103000061098"/>
    <nd ref="103000061099"/>
    <tag k="type" v="curbstone"/>
    <tag k="subtype" v="high"/>
  </way>
  <way id="1030000620416">
    <nd ref="10300004401"/>
    <nd ref="10300004402"/>
    <nd ref="10300004403"/>
    <nd ref="10300004404"/>
    <nd ref="10300004405"/>
    <nd ref="10300004406"/>
    <nd ref="10300004407"/>
    <nd ref="10300004408"/>
    <nd ref="10300004409"/>
    <nd ref="103000044010"/>
    <nd ref="103000044011"/>
    <nd ref="103000044012"/>
    <nd ref="103000044013"/>
    <nd ref="103000044014"/>
    <nd ref="103000044015"/>
    <nd ref="103000044016"/>
    <nd ref="103000044017"/>
    <nd ref="103000044018"/>
    <nd ref="103000044019"/>
    <nd ref="103000044020"/>
    <nd ref="103000044021"/>
    <nd ref="103000044022"/>
    <nd ref="103000044023"/>
    <nd ref="103000044024"/>
    <nd ref="103000044025"/>
    <nd ref="103000044026"/>
    <nd ref="103000044027"/>
    <nd ref="103000044028"/>
    <nd ref="103000044029"/>
    <nd ref="103000044030"/>
    <nd ref="103000044031"/>
    <nd ref="103000044032"/>
    <nd ref="103000044033"/>
    <nd ref="103000044034"/>
    <nd ref="103000044035"/>
    <nd ref="103000044036"/>
    <nd ref="103000044037"/>
    <nd ref="103000044038"/>
    <nd ref="103000044039"/>
    <nd ref="103000044040"/>
    <nd ref="103000044041"/>
    <nd ref="103000044042"/>
    <nd ref="103000044043"/>
    <nd ref="103000044044"/>
    <nd ref="103000044045"/>
    <nd ref="103000044046"/>
    <nd ref="103000044047"/>
    <nd ref="103000044048"/>
    <nd ref="103000044049"/>
    <nd ref="103000044050"/>
    <nd ref="1030000620414"/>
    <tag k="type" v="virtual"/>
  </way>
  <way id="1030000620417">
    <nd ref="1030000620414"/>
    <nd ref="103000044052"/>
    <nd ref="103000044053"/>
    <nd ref="103000044054"/>
    <nd ref="103000044055"/>
    <nd ref="103000044056"/>
    <nd ref="103000044057"/>
    <nd ref="103000044058"/>
    <nd ref="103000044059"/>
    <nd ref="103000044060"/>
    <nd ref="103000044061"/>
    <tag k="type" v="virtual"/>
  </way>
  <way id="1030000620418">
    <nd ref="10300004601"/>
    <nd ref="10300004602"/>
    <nd ref="10300004603"/>
    <nd ref="10300004604"/>
    <nd ref="10300004605"/>
    <nd ref="10300004606"/>
    <nd ref="10300004607"/>
    <nd ref="10300004608"/>
    <nd ref="10300004609"/>
    <nd ref="103000046010"/>
    <nd ref="103000046011"/>
    <nd ref="103000046012"/>
    <nd ref="103000046013"/>
    <nd ref="103000046014"/>
    <nd ref="103000046015"/>
    <nd ref="103000046016"/>
    <nd ref="103000046017"/>
    <nd ref="103000046018"/>
    <nd ref="103000046019"/>
    <nd ref="103000046020"/>
    <nd ref="103000046021"/>
    <nd ref="103000046022"/>
    <nd ref="103000046023"/>
    <nd ref="103000046024"/>
    <nd ref="103000046025"/>
    <nd ref="103000046026"/>
    <nd ref="103000046027"/>
    <nd ref="103000046028"/>
    <nd ref="103000046029"/>
    <nd ref="1030000620415"/>
    <tag k="type" v="virtual"/>
  </way>
  <way id="1030000620419">
    <nd ref="1030000620415"/>
    <nd ref="103000046030"/>
    <nd ref="103000046031"/>
    <nd ref="103000046032"/>
    <nd ref="103000046033"/>
    <tag k="type" v="virtual"/>
  </way>
  <way id="1030000620460">
    <nd ref="1030000620414"/>
    <nd ref="1030000620452"/>
    <nd ref="1030000620453"/>
    <nd ref="1030000620454"/>
    <nd ref="1030000620455"/>
    <nd ref="1030000620456"/>
    <nd ref="1030000620457"/>
    <nd ref="1030000620458"/>
    <tag k="type" v="line_thin"/>
    <tag k="subtype" v="solid"/>
  </way>
  <way id="1030000620461">
    <nd ref="1030000620458"/>
    <nd ref="1030000620433"/>
    <nd ref="1030000620466"/>
    <tag k="type" v="line_thin"/>
    <tag k="subtype" v="solid"/>
  </way>
  <way id="1030000620462">
    <nd ref="1030000620415"/>
    <nd ref="1030000620430"/>
    <nd ref="1030000620436"/>
    <nd ref="1030000620437"/>
    <nd ref="1030000620438"/>
    <nd ref="1030000620439"/>
    <nd ref="1030000620440"/>
    <nd ref="1030000620441"/>
    <nd ref="1030000620442"/>
    <nd ref="1030000620459"/>
    <tag k="type" v="line_thin"/>
    <tag k="subtype" v="solid"/>
  </way>
  <way id="1030000620463">
    <nd ref="1030000620459"/>
    <nd ref="1030000620432"/>
    <nd ref="1030000620467"/>
    <tag k="type" v="line_thin"/>
    <tag k="subtype" v="solid"/>
  </way>
  <way id="1030000620468">
    <nd ref="103000044061"/>
    <nd ref="103000018051"/>
    <nd ref="103000018050"/>
    <nd ref="103000018049"/>
    <nd ref="103000018048"/>
    <nd ref="103000018047"/>
    <nd ref="103000018046"/>
    <nd ref="103000018045"/>
    <nd ref="103000018044"/>
    <nd ref="1030000620466"/>
    <tag k="type" v="virtual"/>
  </way>
  <way id="1030000620469">
    <nd ref="1030000620466"/>
    <nd ref="103000018043"/>
    <nd ref="103000018042"/>
    <nd ref="103000018041"/>
    <nd ref="103000018040"/>
    <nd ref="103000018039"/>
    <nd ref="103000018038"/>
    <nd ref="103000018037"/>
    <nd ref="103000018036"/>
    <nd ref="103000018035"/>
    <nd ref="103000018034"/>
    <nd ref="103000018033"/>
    <nd ref="103000018032"/>
    <nd ref="103000018031"/>
    <nd ref="103000018030"/>
    <nd ref="103000018029"/>
    <nd ref="103000018028"/>
    <nd ref="103000018027"/>
    <nd ref="103000018026"/>
    <nd ref="103000018025"/>
    <nd ref="103000018024"/>
    <nd ref="103000018023"/>
    <nd ref="103000018022"/>
    <nd ref="103000018021"/>
    <nd ref="103000018020"/>
    <nd ref="103000018019"/>
    <nd ref="103000018018"/>
    <nd ref="103000018017"/>
    <nd ref="103000018016"/>
    <nd ref="103000018015"/>
    <nd ref="103000018014"/>
    <nd ref="103000018013"/>
    <nd ref="103000018012"/>
    <nd ref="103000018011"/>
    <nd ref="103000018010"/>
    <nd ref="10300001809"/>
    <nd ref="10300001808"/>
    <nd ref="10300001807"/>
    <nd ref="10300001806"/>
    <nd ref="10300001805"/>
    <nd ref="10300001804"/>
    <nd ref="10300001803"/>
    <nd ref="10300001802"/>
    <nd ref="10300001801"/>
    <tag k="type" v="virtual"/>
  </way>
  <way id="1030000620470">
    <nd ref="10300003301"/>
    <nd ref="10300001902"/>
    <nd ref="10300001903"/>
    <nd ref="10300001904"/>
    <nd ref="10300001905"/>
    <nd ref="10300001906"/>
    <nd ref="10300001907"/>
    <nd ref="10300001908"/>
    <nd ref="1030000620467"/>
    <tag k="type" v="virtual"/>
  </way>
  <way id="1030000620471">
    <nd ref="1030000620467"/>
    <nd ref="10300001909"/>
    <nd ref="103000019010"/>
    <nd ref="103000019011"/>
    <nd ref="103000019012"/>
    <nd ref="103000019013"/>
    <nd ref="103000019014"/>
    <nd ref="103000019015"/>
    <nd ref="103000019016"/>
    <nd ref="103000019017"/>
    <nd ref="103000019018"/>
    <nd ref="103000019019"/>
    <nd ref="103000019020"/>
    <nd ref="103000019021"/>
    <nd ref="103000019022"/>
    <nd ref="103000019023"/>
    <nd ref="103000019024"/>
    <nd ref="103000019025"/>
    <nd ref="103000019026"/>
    <nd ref="103000019027"/>
    <nd ref="103000019028"/>
    <nd ref="103000019029"/>
    <nd ref="103000019030"/>
    <nd ref="103000019031"/>
    <nd ref="103000019032"/>
    <nd ref="103000019033"/>
    <nd ref="103000019034"/>
    <nd ref="103000019035"/>
    <nd ref="103000019036"/>
    <nd ref="103000019037"/>
    <nd ref="103000019038"/>
    <nd ref="103000019039"/>
    <nd ref="103000019040"/>
    <nd ref="103000019041"/>
    <nd ref="103000019042"/>
    <nd ref="103000019043"/>
    <tag k="type" v="virtual"/>
  </way>
  <way id="1030000620478">
    <nd ref="10300001801"/>
    <nd ref="10300001802"/>
    <nd ref="10300001803"/>
    <nd ref="10300001804"/>
    <nd ref="10300001805"/>
    <nd ref="10300001806"/>
    <nd ref="10300001807"/>
    <nd ref="10300001808"/>
    <nd ref="10300001809"/>
    <nd ref="103000018010"/>
    <nd ref="103000018011"/>
    <nd ref="103000018012"/>
    <nd ref="103000018013"/>
    <nd ref="103000018014"/>
    <nd ref="103000018015"/>
    <nd ref="103000018016"/>
    <nd ref="103000018017"/>
    <nd ref="103000018018"/>
    <nd ref="103000018019"/>
    <nd ref="103000018020"/>
    <nd ref="103000018021"/>
    <nd ref="103000018022"/>
    <nd ref="103000018023"/>
    <nd ref="103000018024"/>
    <nd ref="103000018025"/>
    <nd ref="103000018026"/>
    <nd ref="103000018027"/>
    <nd ref="103000018028"/>
    <nd ref="103000018029"/>
    <nd ref="103000018030"/>
    <nd ref="103000018031"/>
    <nd ref="103000018032"/>
    <nd ref="103000018033"/>
    <nd ref="103000018034"/>
    <nd ref="103000018035"/>
    <nd ref="103000018036"/>
    <nd ref="103000018037"/>
    <nd ref="103000018038"/>
    <nd ref="103000018039"/>
    <nd ref="103000018040"/>
    <nd ref="103000018041"/>
    <nd ref="103000018042"/>
    <nd ref="103000018043"/>
    <nd ref="1030000620476"/>
    <tag k="type" v="virtual"/>
  </way>
  <way id="1030000620479">
    <nd ref="1030000620476"/>
    <nd ref="103000018044"/>
    <nd ref="103000018045"/>
    <nd ref="103000018046"/>
    <nd ref="103000018047"/>
    <nd ref="103000018048"/>
    <nd ref="103000018049"/>
    <nd ref="103000018050"/>
    <nd ref="103000018051"/>
    <nd ref="103000044061"/>
    <tag k="type" v="virtual"/>
  </way>
  <way id="1030000620480">
    <nd ref="10300006401"/>
    <nd ref="10300006402"/>
    <nd ref="10300006403"/>
    <nd ref="10300006404"/>
    <nd ref="10300006405"/>
    <nd ref="10300006406"/>
    <nd ref="10300006407"/>
    <nd ref="10300006408"/>
    <nd ref="10300006409"/>
    <nd ref="103000064010"/>
    <nd ref="103000064011"/>
    <nd ref="103000064012"/>
    <nd ref="103000064013"/>
    <nd ref="103000064014"/>
    <nd ref="103000064015"/>
    <nd ref="103000064016"/>
    <nd ref="103000064017"/>
    <nd ref="103000064018"/>
    <nd ref="103000064019"/>
    <nd ref="103000064020"/>
    <nd ref="103000064021"/>
    <nd ref="103000064022"/>
    <nd ref="103000064023"/>
    <nd ref="103000064024"/>
    <nd ref="103000064025"/>
    <nd ref="103000064026"/>
    <nd ref="103000064027"/>
    <nd ref="103000064028"/>
    <nd ref="103000064029"/>
    <nd ref="103000064030"/>
    <nd ref="103000064031"/>
    <nd ref="103000064032"/>
    <nd ref="103000064033"/>
    <nd ref="103000064034"/>
    <nd ref="103000064035"/>
    <nd ref="103000064036"/>
    <nd ref="103000064037"/>
    <nd ref="103000064038"/>
    <nd ref="103000064039"/>
    <nd ref="103000064040"/>
    <nd ref="1030000620477"/>
    <tag k="type" v="virtual"/>
  </way>
  <way id="1030000620481">
    <nd ref="1030000620477"/>
    <nd ref="103000064042"/>
    <nd ref="103000064043"/>
    <nd ref="103000064044"/>
    <nd ref="103000064045"/>
    <nd ref="103000064046"/>
    <nd ref="103000064047"/>
    <nd ref="103000064048"/>
    <nd ref="103000064049"/>
    <nd ref="103000046033"/>
    <tag k="type" v="virtual"/>
  </way>
  <way id="1030000620496">
    <nd ref="103000044061"/>
    <nd ref="103000044060"/>
    <nd ref="103000044059"/>
    <nd ref="103000044058"/>
    <nd ref="103000044057"/>
    <nd ref="103000044056"/>
    <nd ref="103000044055"/>
    <nd ref="103000044054"/>
    <nd ref="103000044053"/>
    <nd ref="103000044052"/>
    <nd ref="1030000620494"/>
    <tag k="type" v="virtual"/>
  </way>
  <way id="1030000620497">
    <nd ref="1030000620494"/>
    <nd ref="103000044050"/>
    <nd ref="103000044049"/>
    <nd ref="103000044048"/>
    <nd ref="103000044047"/>
    <nd ref="103000044046"/>
    <nd ref="103000044045"/>
    <nd ref="103000044044"/>
    <nd ref="103000044043"/>
    <nd ref="103000044042"/>
    <nd ref="103000044041"/>
    <nd ref="103000044040"/>
    <nd ref="103000044039"/>
    <nd ref="103000044038"/>
    <nd ref="103000044037"/>
    <nd ref="103000044036"/>
    <nd ref="103000044035"/>
    <nd ref="103000044034"/>
    <nd ref="103000044033"/>
    <nd ref="103000044032"/>
    <nd ref="103000044031"/>
    <nd ref="103000044030"/>
    <nd ref="103000044029"/>
    <nd ref="103000044028"/>
    <nd ref="103000044027"/>
    <nd ref="103000044026"/>
    <nd ref="103000044025"/>
    <nd ref="103000044024"/>
    <nd ref="103000044023"/>
    <nd ref="103000044022"/>
    <nd ref="103000044021"/>
    <nd ref="103000044020"/>
    <nd ref="103000044019"/>
    <nd ref="103000044018"/>
    <nd ref="103000044017"/>
    <nd ref="103000044016"/>
    <nd ref="103000044015"/>
    <nd ref="103000044014"/>
    <nd ref="103000044013"/>
    <nd ref="103000044012"/>
    <nd ref="103000044011"/>
    <nd ref="103000044010"/>
    <nd ref="10300004409"/>
    <nd ref="10300004408"/>
    <nd ref="10300004407"/>
    <nd ref="10300004406"/>
    <nd ref="10300004405"/>
    <nd ref="10300004404"/>
    <nd ref="10300004403"/>
    <nd ref="10300004402"/>
    <nd ref="10300004401"/>
    <tag k="type" v="virtual"/>
  </way>
  <way id="1030000620498">
    <nd ref="10300003301"/>
    <nd ref="10300003302"/>
    <nd ref="10300003303"/>
    <nd ref="10300003304"/>
    <nd ref="10300003305"/>
    <nd ref="10300003306"/>
    <nd ref="10300003307"/>
    <nd ref="10300003308"/>
    <nd ref="10300003309"/>
    <nd ref="103000033010"/>
    <nd ref="103000033011"/>
    <nd ref="103000033012"/>
    <nd ref="1030000620495"/>
    <tag k="type" v="virtual"/>
  </way>
  <way id="1030000620499">
    <nd ref="1030000620495"/>
    <nd ref="103000033015"/>
    <nd ref="103000033016"/>
    <nd ref="103000033017"/>
    <nd ref="103000033018"/>
    <nd ref="103000033019"/>
    <nd ref="103000033020"/>
    <nd ref="103000033021"/>
    <nd ref="103000033022"/>
    <nd ref="103000033023"/>
    <nd ref="103000033024"/>
    <nd ref="103000033025"/>
    <nd ref="103000033026"/>
    <nd ref="103000033027"/>
    <nd ref="103000033028"/>
    <nd ref="103000033029"/>
    <nd ref="103000033030"/>
    <nd ref="103000033031"/>
    <nd ref="103000033032"/>
    <nd ref="103000033033"/>
    <nd ref="103000033034"/>
    <nd ref="103000033035"/>
    <nd ref="103000033036"/>
    <nd ref="103000033037"/>
    <nd ref="103000033038"/>
    <nd ref="103000033039"/>
    <nd ref="103000033040"/>
    <nd ref="103000033041"/>
    <nd ref="103000033042"/>
    <nd ref="103000033043"/>
    <nd ref="103000033044"/>
    <nd ref="103000033045"/>
    <nd ref="103000033046"/>
    <nd ref="103000033047"/>
    <nd ref="103000033048"/>
    <nd ref="103000033049"/>
    <nd ref="103000033050"/>
    <tag k="type" v="virtual"/>
  </way>
  <way id="1030000620539">
    <nd ref="1030000620476"/>
    <nd ref="1030000620531"/>
    <nd ref="1030000620532"/>
    <nd ref="1030000620533"/>
    <nd ref="1030000620534"/>
    <nd ref="1030000620494"/>
    <tag k="type" v="line_thin"/>
    <tag k="subtype" v="solid"/>
  </way>
  <way id="1030000620540">
    <nd ref="1030000620477"/>
    <nd ref="1030000620535"/>
    <nd ref="1030000620536"/>
    <nd ref="1030000620537"/>
    <nd ref="1030000620538"/>
    <nd ref="1030000620495"/>
    <tag k="type" v="line_thin"/>
    <tag k="subtype" v="solid"/>
  </way>
  <way id="1030000620544">
    <nd ref="10300006301"/>
    <nd ref="10300006302"/>
    <nd ref="10300006303"/>
    <nd ref="10300006304"/>
    <nd ref="10300006305"/>
    <nd ref="10300006306"/>
    <nd ref="10300006307"/>
    <nd ref="10300006308"/>
    <nd ref="10300006309"/>
    <nd ref="103000063010"/>
    <nd ref="103000063011"/>
    <nd ref="103000063012"/>
    <nd ref="103000063013"/>
    <nd ref="103000063014"/>
    <nd ref="103000063015"/>
    <nd ref="103000063016"/>
    <nd ref="1030000620542"/>
    <nd ref="1030000620590"/>
    <tag k="type" v="virtual"/>
  </way>
  <way id="1030000620546">
    <nd ref="10300000701"/>
    <nd ref="10300000702"/>
    <nd ref="10300000703"/>
    <nd ref="10300000704"/>
    <nd ref="10300000705"/>
    <nd ref="10300000706"/>
    <nd ref="10300000707"/>
    <nd ref="10300000708"/>
    <nd ref="10300000709"/>
    <nd ref="103000007010"/>
    <nd ref="103000007011"/>
    <nd ref="103000007012"/>
    <nd ref="103000007013"/>
    <nd ref="103000007014"/>
    <nd ref="103000007015"/>
    <nd ref="103000007016"/>
    <nd ref="103000007017"/>
    <nd ref="103000007018"/>
    <nd ref="103000007019"/>
    <nd ref="103000007020"/>
    <nd ref="103000007021"/>
    <nd ref="103000007022"/>
    <nd ref="1030000620543"/>
    <tag k="type" v="virtual"/>
  </way>
  <way id="1030000620551">
    <nd ref="1030000620590"/>
    <nd ref="1030000620542"/>
    <nd ref="103000063018"/>
    <nd ref="103000063019"/>
    <nd ref="103000063020"/>
    <nd ref="103000063021"/>
    <nd ref="103000063022"/>
    <nd ref="103000063023"/>
    <nd ref="103000063024"/>
    <nd ref="103000063025"/>
    <nd ref="103000063026"/>
    <nd ref="103000063027"/>
    <nd ref="103000063028"/>
    <nd ref="103000063029"/>
    <nd ref="103000063030"/>
    <nd ref="103000063031"/>
    <nd ref="103000063032"/>
    <nd ref="103000063033"/>
    <nd ref="103000063034"/>
    <nd ref="1030000620549"/>
    <tag k="type" v="virtual"/>
  </way>
  <way id="1030000620552">
    <nd ref="1030000620549"/>
    <nd ref="103000063035"/>
    <nd ref="103000063036"/>
    <nd ref="103000063037"/>
    <nd ref="103000063038"/>
    <nd ref="103000063039"/>
    <nd ref="103000063040"/>
    <nd ref="10300000301"/>
    <tag k="type" v="virtual"/>
  </way>
  <way id="1030000620553">
    <nd ref="1030000620543"/>
    <nd ref="103000007023"/>
    <nd ref="103000007024"/>
    <nd ref="103000007025"/>
    <nd ref="103000007026"/>
    <nd ref="103000007027"/>
    <nd ref="103000007028"/>
    <nd ref="103000007029"/>
    <nd ref="103000007030"/>
    <nd ref="103000007031"/>
    <nd ref="103000007032"/>
    <nd ref="103000007033"/>
    <nd ref="1030000620550"/>
    <tag k="type" v="virtual"/>
  </way>
  <way id="1030000620554">
    <nd ref="1030000620550"/>
    <nd ref="103000007034"/>
    <nd ref="103000007035"/>
    <nd ref="103000007036"/>
    <nd ref="103000007037"/>
    <nd ref="103000007038"/>
    <nd ref="103000007039"/>
    <nd ref="103000007040"/>
    <nd ref="103000007041"/>
    <nd ref="103000007042"/>
    <nd ref="103000007043"/>
    <nd ref="103000007044"/>
    <nd ref="103000007045"/>
    <nd ref="103000007046"/>
    <nd ref="103000007047"/>
    <nd ref="103000007048"/>
    <nd ref="10300000601"/>
    <tag k="type" v="virtual"/>
  </way>
  <way id="1030000620591">
    <nd ref="1030000620590"/>
    <nd ref="103000063018"/>
    <nd ref="109000059019"/>
    <nd ref="109000059020"/>
    <nd ref="109000059021"/>
    <nd ref="109000059022"/>
    <nd ref="109000059023"/>
    <nd ref="109000059024"/>
    <nd ref="109000059025"/>
    <nd ref="109000059026"/>
    <nd ref="109000059027"/>
    <nd ref="109000059028"/>
    <nd ref="109000059029"/>
    <nd ref="109000059030"/>
    <nd ref="109000059031"/>
    <nd ref="109000059032"/>
    <nd ref="103000055037"/>
    <nd ref="1030000620626"/>
    <tag k="type" v="curbstone"/>
    <tag k="subtype" v="high"/>
    <tag k="lane_change" v="yes"/>
  </way>
  <way id="1030000620616">
    <nd ref="1030000620619"/>
    <nd ref="1030000620931"/>
    <nd ref="109000060029"/>
    <nd ref="109000060030"/>
    <nd ref="109000060031"/>
    <nd ref="109000060032"/>
    <nd ref="109000060033"/>
    <nd ref="109000060034"/>
    <nd ref="109000060035"/>
    <nd ref="109000060036"/>
    <nd ref="1030000620615"/>
    <nd ref="109000060037"/>
    <nd ref="109000060038"/>
    <nd ref="109000060039"/>
    <nd ref="109000060040"/>
    <nd ref="109000060041"/>
    <nd ref="109000060042"/>
    <nd ref="103000063033"/>
    <nd ref="103000063034"/>
    <nd ref="1030000620826"/>
    <nd ref="1030000620549"/>
    <tag k="type" v="curbstone"/>
    <tag k="subtype" v="high"/>
  </way>
  <way id="1030000620621">
    <nd ref="103000003011"/>
    <nd ref="10300005502"/>
    <nd ref="10300005503"/>
    <nd ref="10300005504"/>
    <nd ref="10300005505"/>
    <nd ref="10300005506"/>
    <nd ref="10300005507"/>
    <nd ref="10300005508"/>
    <nd ref="10300005509"/>
    <nd ref="103000055010"/>
    <nd ref="103000055011"/>
    <nd ref="103000055012"/>
    <nd ref="103000055013"/>
    <nd ref="103000055014"/>
    <nd ref="103000055015"/>
    <nd ref="103000055016"/>
    <nd ref="103000055017"/>
    <nd ref="103000055018"/>
    <nd ref="103000055019"/>
    <nd ref="103000055020"/>
    <nd ref="103000055021"/>
    <nd ref="103000055022"/>
    <nd ref="103000055023"/>
    <nd ref="103000055024"/>
    <nd ref="1030000620619"/>
    <tag k="type" v="virtual"/>
  </way>
  <way id="1030000620623">
    <nd ref="103000005015"/>
    <nd ref="10300005402"/>
    <nd ref="10300005403"/>
    <nd ref="10300005404"/>
    <nd ref="10300005405"/>
    <nd ref="10300005406"/>
    <nd ref="10300005407"/>
    <nd ref="10300005408"/>
    <nd ref="10300005409"/>
    <nd ref="103000054010"/>
    <nd ref="103000054011"/>
    <nd ref="103000054012"/>
    <nd ref="103000054013"/>
    <nd ref="103000054014"/>
    <nd ref="103000054015"/>
    <nd ref="103000054016"/>
    <nd ref="103000054017"/>
    <nd ref="103000054018"/>
    <nd ref="103000054019"/>
    <nd ref="103000054020"/>
    <nd ref="103000054021"/>
    <nd ref="103000054022"/>
    <nd ref="103000054023"/>
    <nd ref="103000054024"/>
    <nd ref="103000054025"/>
    <nd ref="103000054026"/>
    <nd ref="103000054027"/>
    <nd ref="103000054028"/>
    <nd ref="103000054029"/>
    <nd ref="103000054030"/>
    <nd ref="103000054031"/>
    <nd ref="103000054032"/>
    <nd ref="103000054033"/>
    <nd ref="103000054034"/>
    <nd ref="103000054035"/>
    <nd ref="103000054037"/>
    <tag k="type" v="virtual"/>
  </way>
  <way id="1030000620628">
    <nd ref="1030000620619"/>
    <nd ref="103000055025"/>
    <nd ref="103000055026"/>
    <nd ref="103000055027"/>
    <nd ref="103000055028"/>
    <nd ref="103000055029"/>
    <nd ref="103000055030"/>
    <nd ref="103000055031"/>
    <nd ref="103000055032"/>
    <nd ref="103000055033"/>
    <nd ref="103000055034"/>
    <nd ref="103000055035"/>
    <nd ref="103000055036"/>
    <nd ref="103000055037"/>
    <nd ref="1030000620626"/>
    <tag k="type" v="virtual"/>
  </way>
  <way id="1030000620629">
    <nd ref="1030000620626"/>
    <nd ref="103000055040"/>
    <nd ref="103000055041"/>
    <nd ref="103000055042"/>
    <nd ref="103000055043"/>
    <nd ref="103000055044"/>
    <nd ref="103000055045"/>
    <nd ref="103000055046"/>
    <nd ref="103000055047"/>
    <nd ref="103000055048"/>
    <nd ref="103000055049"/>
    <nd ref="103000055050"/>
    <nd ref="103000055051"/>
    <nd ref="103000055052"/>
    <nd ref="103000055053"/>
    <nd ref="103000055054"/>
    <nd ref="103000055055"/>
    <nd ref="103000055056"/>
    <nd ref="103000055057"/>
    <nd ref="10300005901"/>
    <tag k="type" v="virtual"/>
  </way>
  <way id="1030000620630">
    <nd ref="103000054037"/>
    <nd ref="103000054038"/>
    <nd ref="103000054039"/>
    <nd ref="103000054040"/>
    <nd ref="103000054041"/>
    <nd ref="103000054042"/>
    <nd ref="103000054043"/>
    <nd ref="103000054044"/>
    <nd ref="103000054045"/>
    <nd ref="103000054046"/>
    <nd ref="103000054047"/>
    <nd ref="1030000620627"/>
    <tag k="type" v="virtual"/>
  </way>
  <way id="1030000620631">
    <nd ref="1030000620627"/>
    <nd ref="103000054048"/>
    <nd ref="103000054049"/>
    <nd ref="103000054050"/>
    <nd ref="103000054051"/>
    <nd ref="103000054052"/>
    <nd ref="103000054053"/>
    <nd ref="103000054054"/>
    <nd ref="103000054055"/>
    <nd ref="103000054056"/>
    <nd ref="103000054057"/>
    <nd ref="103000054058"/>
    <nd ref="103000054059"/>
    <nd ref="103000054060"/>
    <nd ref="103000054061"/>
    <nd ref="103000054062"/>
    <nd ref="103000054063"/>
    <nd ref="103000054064"/>
    <nd ref="103000054065"/>
    <nd ref="103000054066"/>
    <nd ref="103000054067"/>
    <nd ref="103000054068"/>
    <nd ref="103000054069"/>
    <nd ref="103000054070"/>
    <nd ref="103000054071"/>
    <nd ref="103000054072"/>
    <nd ref="103000054073"/>
    <nd ref="10300005601"/>
    <tag k="type" v="virtual"/>
  </way>
  <way id="1030000620731">
    <nd ref="10300004401"/>
    <nd ref="1030000620727"/>
    <nd ref="1030000620728"/>
    <nd ref="1030000620750"/>
    <nd ref="1030000620751"/>
    <nd ref="1030000620752"/>
    <nd ref="1030000620753"/>
    <nd ref="1030000620754"/>
    <nd ref="1030000620755"/>
    <nd ref="1030000620756"/>
    <nd ref="1030000620757"/>
    <nd ref="103000038013"/>
    <tag k="type" v="line_thin"/>
    <tag k="subtype" v="solid"/>
  </way>
  <way id="1030000620732">
    <nd ref="103000033050"/>
    <nd ref="1030000620729"/>
    <nd ref="1030000620730"/>
    <nd ref="1030000620742"/>
    <nd ref="1030000620743"/>
    <nd ref="1030000620744"/>
    <nd ref="1030000620745"/>
    <nd ref="1030000620746"/>
    <nd ref="1030000620747"/>
    <nd ref="1030000620748"/>
    <nd ref="1030000620749"/>
    <nd ref="103000069015"/>
    <tag k="type" v="line_thin"/>
    <tag k="subtype" v="solid"/>
  </way>
  <way id="1030000620762">
    <nd ref="103000038013"/>
    <nd ref="1030000620758"/>
    <nd ref="1030000620759"/>
    <nd ref="1030000620785"/>
    <nd ref="1030000620786"/>
    <nd ref="1030000620787"/>
    <nd ref="1030000620788"/>
    <nd ref="1030000620789"/>
    <nd ref="1030000620790"/>
    <nd ref="1030000620791"/>
    <nd ref="1030000620792"/>
    <nd ref="10300004401"/>
    <tag k="type" v="line_thin"/>
    <tag k="subtype" v="solid"/>
  </way>
  <way id="1030000620763">
    <nd ref="10300003701"/>
    <nd ref="1030000620760"/>
    <nd ref="1030000620761"/>
    <nd ref="1030000620765"/>
    <nd ref="1030000620766"/>
    <nd ref="1030000620767"/>
    <nd ref="1030000620768"/>
    <nd ref="1030000620769"/>
    <nd ref="1030000620770"/>
    <nd ref="1030000620771"/>
    <nd ref="1030000620772"/>
    <nd ref="1030000620773"/>
    <nd ref="1030000620774"/>
    <nd ref="1030000620775"/>
    <nd ref="1030000620776"/>
    <nd ref="10300004601"/>
    <tag k="type" v="line_thin"/>
    <tag k="subtype" v="solid"/>
  </way>
  <way id="1030000620799">
    <nd ref="10300004201"/>
    <nd ref="10300004202"/>
    <nd ref="10300004203"/>
    <nd ref="10300004204"/>
    <nd ref="10300004205"/>
    <nd ref="10300004206"/>
    <nd ref="10300004207"/>
    <nd ref="10300004208"/>
    <nd ref="10300004209"/>
    <nd ref="103000042010"/>
    <nd ref="103000042011"/>
    <nd ref="103000042012"/>
    <nd ref="103000042013"/>
    <nd ref="103000042014"/>
    <nd ref="10300003202"/>
    <nd ref="10300003203"/>
    <nd ref="10300003204"/>
    <nd ref="10300003205"/>
    <nd ref="10300002302"/>
    <nd ref="10300002303"/>
    <nd ref="10300002304"/>
    <nd ref="10300002305"/>
    <nd ref="10300002306"/>
    <nd ref="10300002307"/>
    <nd ref="10300002308"/>
    <nd ref="10300002309"/>
    <nd ref="103000023010"/>
    <nd ref="103000023011"/>
    <nd ref="103000023012"/>
    <nd ref="10300002401"/>
    <nd ref="10300002402"/>
    <nd ref="10300002403"/>
    <nd ref="10300002404"/>
    <nd ref="10300002405"/>
    <nd ref="10300002406"/>
    <nd ref="10300002407"/>
    <nd ref="10300002408"/>
    <nd ref="10300002409"/>
    <nd ref="103000024010"/>
    <nd ref="103000024011"/>
    <nd ref="103000024012"/>
    <nd ref="103000024013"/>
    <nd ref="10300003205"/>
    <tag k="type" v="line_thin"/>
    <tag k="subtype" v="solid"/>
  </way>
  <way id="1030000620800">
    <nd ref="10300007307"/>
    <nd ref="10300007402"/>
    <nd ref="10300007403"/>
    <nd ref="10300007404"/>
    <nd ref="10300007405"/>
    <nd ref="10300007406"/>
    <nd ref="10300007407"/>
    <nd ref="10300007408"/>
    <nd ref="10300007409"/>
    <nd ref="103000074010"/>
    <nd ref="103000074011"/>
    <nd ref="103000074012"/>
    <nd ref="103000074013"/>
    <nd ref="103000074014"/>
    <nd ref="103000074015"/>
    <nd ref="10300002502"/>
    <nd ref="10300002503"/>
    <nd ref="10300002504"/>
    <nd ref="10300002505"/>
    <nd ref="10300002506"/>
    <nd ref="10300002507"/>
    <nd ref="10300002002"/>
    <nd ref="10300002003"/>
    <nd ref="10300002004"/>
    <nd ref="10300002005"/>
    <nd ref="10300002006"/>
    <nd ref="10300002007"/>
    <nd ref="10300002008"/>
    <nd ref="10300002009"/>
    <nd ref="103000020010"/>
    <nd ref="103000020011"/>
    <nd ref="103000020012"/>
    <nd ref="103000020013"/>
    <nd ref="103000020014"/>
    <nd ref="103000020015"/>
    <nd ref="103000020016"/>
    <nd ref="103000020017"/>
    <nd ref="103000020018"/>
    <nd ref="103000020019"/>
    <nd ref="103000020020"/>
    <nd ref="103000020021"/>
    <nd ref="103000020022"/>
    <nd ref="103000020023"/>
    <nd ref="103000020024"/>
    <nd ref="103000020025"/>
    <nd ref="10300002202"/>
    <nd ref="10300002203"/>
    <nd ref="10300002204"/>
    <nd ref="10300002205"/>
    <nd ref="10300002206"/>
    <nd ref="10300002207"/>
    <nd ref="10300002208"/>
    <nd ref="10300002209"/>
    <nd ref="103000022010"/>
    <nd ref="103000022011"/>
    <nd ref="103000022012"/>
    <nd ref="103000022013"/>
    <nd ref="103000022014"/>
    <nd ref="103000022015"/>
    <nd ref="10300002601"/>
    <tag k="type" v="line_thin"/>
    <tag k="subtype" v="solid"/>
  </way>
  <way id="1030000620812">
    <nd ref="10300003205"/>
    <nd ref="10300003204"/>
    <nd ref="10300003203"/>
    <nd ref="10300003202"/>
    <nd ref="103000042014"/>
    <nd ref="10300007202"/>
    <nd ref="10300007203"/>
    <nd ref="10300007204"/>
    <nd ref="10300007205"/>
    <nd ref="10300007206"/>
    <nd ref="10300007207"/>
    <nd ref="10300007208"/>
    <nd ref="10300007209"/>
    <nd ref="103000072010"/>
    <nd ref="103000072011"/>
    <nd ref="103000072012"/>
    <nd ref="103000072013"/>
    <nd ref="103000072014"/>
    <nd ref="103000072015"/>
    <nd ref="10300003602"/>
    <nd ref="10300003603"/>
    <nd ref="10300003604"/>
    <nd ref="10300003605"/>
    <nd ref="10300003606"/>
    <nd ref="10300003607"/>
    <nd ref="10300003608"/>
    <nd ref="10300003609"/>
    <nd ref="103000036010"/>
    <nd ref="103000036011"/>
    <nd ref="103000036012"/>
    <nd ref="103000036013"/>
    <nd ref="103000036014"/>
    <nd ref="103000036015"/>
    <nd ref="103000036016"/>
    <nd ref="103000036017"/>
    <nd ref="103000036018"/>
    <nd ref="103000036019"/>
    <nd ref="1030000620805"/>
    <tag k="type" v="line_thin"/>
    <tag k="subtype" v="solid"/>
  </way>
  <way id="1030000620813">
    <nd ref="10300002601"/>
    <nd ref="10300002602"/>
    <nd ref="10300002603"/>
    <nd ref="10300002702"/>
    <nd ref="10300002703"/>
    <nd ref="10300002704"/>
    <nd ref="10300002705"/>
    <nd ref="10300002706"/>
    <nd ref="10300006702"/>
    <nd ref="10300006703"/>
    <nd ref="10300006704"/>
    <nd ref="10300006705"/>
    <nd ref="10300006706"/>
    <nd ref="10300006707"/>
    <nd ref="10300006708"/>
    <nd ref="10300006709"/>
    <nd ref="103000067010"/>
    <nd ref="103000067011"/>
    <nd ref="103000067012"/>
    <nd ref="103000067013"/>
    <nd ref="103000067014"/>
    <nd ref="103000067015"/>
    <nd ref="103000067016"/>
    <nd ref="103000067017"/>
    <nd ref="103000067018"/>
    <nd ref="103000067019"/>
    <nd ref="103000067020"/>
    <nd ref="103000067021"/>
    <nd ref="1030000620806"/>
    <tag k="type" v="line_thin"/>
    <tag k="subtype" v="solid"/>
  </way>
  <way id="1030000620816">
    <nd ref="1030000620805"/>
    <nd ref="103000036020"/>
    <nd ref="103000036021"/>
    <nd ref="103000036022"/>
    <nd ref="103000034012"/>
    <nd ref="10300006602"/>
    <nd ref="10300006603"/>
    <nd ref="10300006604"/>
    <nd ref="10300006605"/>
    <nd ref="10300006606"/>
    <nd ref="10300006607"/>
    <nd ref="10300006608"/>
    <nd ref="10300006609"/>
    <nd ref="103000066010"/>
    <nd ref="103000066011"/>
    <nd ref="103000066012"/>
    <nd ref="10300003401"/>
    <nd ref="10300003402"/>
    <nd ref="10300003403"/>
    <nd ref="10300003404"/>
    <nd ref="10300003405"/>
    <nd ref="10300003406"/>
    <nd ref="10300003407"/>
    <nd ref="10300003408"/>
    <nd ref="10300003409"/>
    <nd ref="103000034010"/>
    <nd ref="103000034011"/>
    <nd ref="103000034012"/>
    <tag k="type" v="line_thin"/>
    <tag k="subtype" v="solid"/>
  </way>
  <way id="1030000620817">
    <nd ref="1030000620806"/>
    <nd ref="103000067022"/>
    <nd ref="103000067023"/>
    <nd ref="103000067024"/>
    <nd ref="103000067025"/>
    <nd ref="103000067026"/>
    <nd ref="10300006501"/>
    <nd ref="10300006502"/>
    <nd ref="10300006503"/>
    <nd ref="10300006504"/>
    <nd ref="10300006505"/>
    <nd ref="10300006506"/>
    <nd ref="10300006507"/>
    <nd ref="10300006508"/>
    <nd ref="10300006509"/>
    <nd ref="103000065010"/>
    <nd ref="103000065011"/>
    <nd ref="103000065012"/>
    <nd ref="103000065013"/>
    <nd ref="103000065014"/>
    <nd ref="103000065015"/>
    <nd ref="10300002801"/>
    <nd ref="10300002802"/>
    <nd ref="10300002803"/>
    <nd ref="10300002804"/>
    <nd ref="10300002805"/>
    <nd ref="10300002806"/>
    <nd ref="10300002807"/>
    <nd ref="10300002808"/>
    <nd ref="10300002809"/>
    <nd ref="103000028010"/>
    <nd ref="103000028011"/>
    <tag k="type" v="line_thin"/>
    <tag k="subtype" v="solid"/>
  </way>
  <way id="1030000620822">
    <nd ref="103000034012"/>
    <nd ref="103000036022"/>
    <nd ref="103000036021"/>
    <nd ref="103000036020"/>
    <nd ref="103000036019"/>
    <nd ref="103000036018"/>
    <nd ref="103000036017"/>
    <nd ref="103000036016"/>
    <nd ref="103000036015"/>
    <nd ref="103000036014"/>
    <nd ref="103000036013"/>
    <nd ref="103000036012"/>
    <nd ref="103000036011"/>
    <nd ref="103000036010"/>
    <nd ref="10300003609"/>
    <nd ref="10300003608"/>
    <nd ref="10300003607"/>
    <nd ref="10300003606"/>
    <nd ref="10300003605"/>
    <nd ref="10300003604"/>
    <nd ref="10300003603"/>
    <nd ref="10300003602"/>
    <nd ref="103000072015"/>
    <nd ref="10300002102"/>
    <nd ref="10300002103"/>
    <nd ref="10300002104"/>
    <nd ref="10300002105"/>
    <nd ref="10300002106"/>
    <nd ref="10300002107"/>
    <nd ref="10300002108"/>
    <nd ref="10300002109"/>
    <nd ref="103000021010"/>
    <nd ref="103000021011"/>
    <nd ref="103000021012"/>
    <nd ref="103000021013"/>
    <nd ref="103000021014"/>
    <nd ref="10300004201"/>
    <nd ref="10300004106"/>
    <nd ref="10300004105"/>
    <nd ref="10300004104"/>
    <nd ref="10300004103"/>
    <nd ref="10300004102"/>
    <nd ref="10300001401"/>
    <nd ref="10300001402"/>
    <nd ref="10300001403"/>
    <nd ref="10300001404"/>
    <nd ref="10300001405"/>
    <nd ref="10300001406"/>
    <nd ref="10300001407"/>
    <nd ref="10300001408"/>
    <nd ref="10300001409"/>
    <nd ref="103000014010"/>
    <nd ref="103000014011"/>
    <nd ref="103000014012"/>
    <nd ref="103000014013"/>
    <tag k="type" v="line_thin"/>
    <tag k="subtype" v="solid"/>
  </way>
  <way id="1030000620823">
    <nd ref="103000028011"/>
    <nd ref="10300003002"/>
    <nd ref="10300003003"/>
    <nd ref="10300003004"/>
    <nd ref="10300003005"/>
    <nd ref="10300003006"/>
    <nd ref="10300003007"/>
    <nd ref="10300003008"/>
    <nd ref="10300003009"/>
    <nd ref="103000030010"/>
    <nd ref="103000030011"/>
    <nd ref="103000030012"/>
    <nd ref="103000030013"/>
    <nd ref="103000030014"/>
    <nd ref="103000030015"/>
    <nd ref="103000030016"/>
    <nd ref="103000030017"/>
    <nd ref="103000030018"/>
    <nd ref="103000030019"/>
    <nd ref="103000030020"/>
    <nd ref="103000030021"/>
    <nd ref="103000030022"/>
    <nd ref="103000030023"/>
    <nd ref="103000030024"/>
    <nd ref="103000030025"/>
    <nd ref="103000030026"/>
    <nd ref="10300003102"/>
    <nd ref="10300003103"/>
    <nd ref="10300003104"/>
    <nd ref="10300003105"/>
    <nd ref="10300003106"/>
    <nd ref="10300003107"/>
    <nd ref="10300003108"/>
    <nd ref="10300003109"/>
    <nd ref="103000031010"/>
    <nd ref="103000031011"/>
    <nd ref="103000031012"/>
    <nd ref="103000031013"/>
    <nd ref="10300007101"/>
    <nd ref="10300007102"/>
    <nd ref="10300007103"/>
    <nd ref="10300007104"/>
    <nd ref="10300004901"/>
    <nd ref="10300004902"/>
    <nd ref="10300004903"/>
    <nd ref="10300004904"/>
    <nd ref="10300004905"/>
    <nd ref="10300004906"/>
    <nd ref="10300004907"/>
    <nd ref="10300004908"/>
    <nd ref="10300004909"/>
    <nd ref="103000049010"/>
    <nd ref="103000049011"/>
    <nd ref="103000049012"/>
    <nd ref="103000049013"/>
    <nd ref="103000049014"/>
    <nd ref="103000049015"/>
    <tag k="type" v="line_thin"/>
    <tag k="subtype" v="solid"/>
  </way>
  <way id="1030000620824">
    <nd ref="103000014013"/>
    <nd ref="10300001202"/>
    <nd ref="10300001203"/>
    <nd ref="10300001204"/>
    <nd ref="10300001205"/>
    <nd ref="10300001206"/>
    <nd ref="10300001207"/>
    <nd ref="10300001208"/>
    <nd ref="10300001209"/>
    <nd ref="103000012010"/>
    <nd ref="103000012011"/>
    <nd ref="103000012012"/>
    <nd ref="103000012013"/>
    <nd ref="103000012014"/>
    <nd ref="103000012015"/>
    <nd ref="103000012016"/>
    <nd ref="103000012017"/>
    <nd ref="103000012018"/>
    <nd ref="103000012019"/>
    <nd ref="103000012020"/>
    <nd ref="103000012021"/>
    <nd ref="103000012022"/>
    <nd ref="103000012023"/>
    <nd ref="103000012024"/>
    <nd ref="103000012025"/>
    <nd ref="103000012026"/>
    <nd ref="103000012027"/>
    <nd ref="103000012028"/>
    <nd ref="103000048010"/>
    <nd ref="10300004809"/>
    <nd ref="10300004808"/>
    <nd ref="10300004807"/>
    <nd ref="10300004806"/>
    <nd ref="10300004805"/>
    <nd ref="10300004804"/>
    <nd ref="10300004803"/>
    <nd ref="10300004802"/>
    <nd ref="103000038013"/>
    <tag k="type" v="line_thin"/>
    <tag k="subtype" v="solid"/>
  </way>
  <way id="1030000620825">
    <nd ref="103000049015"/>
    <nd ref="10300001702"/>
    <nd ref="10300001703"/>
    <nd ref="10300001704"/>
    <nd ref="10300001705"/>
    <nd ref="10300001706"/>
    <nd ref="10300001707"/>
    <nd ref="10300001708"/>
    <nd ref="10300001709"/>
    <nd ref="103000017010"/>
    <nd ref="103000017011"/>
    <nd ref="103000017012"/>
    <nd ref="103000017013"/>
    <nd ref="103000017014"/>
    <nd ref="103000017015"/>
    <nd ref="103000017016"/>
    <nd ref="103000017017"/>
    <nd ref="103000017018"/>
    <nd ref="103000017019"/>
    <nd ref="103000017020"/>
    <nd ref="103000017021"/>
    <nd ref="103000017022"/>
    <nd ref="103000017023"/>
    <nd ref="103000017024"/>
    <nd ref="103000017025"/>
    <nd ref="103000017026"/>
    <nd ref="103000017027"/>
    <nd ref="103000017028"/>
    <nd ref="10300006801"/>
    <nd ref="10300006802"/>
    <nd ref="10300006803"/>
    <nd ref="10300006804"/>
    <nd ref="10300006805"/>
    <nd ref="10300006806"/>
    <nd ref="10300006807"/>
    <nd ref="10300006808"/>
    <nd ref="10300006809"/>
    <nd ref="103000068010"/>
    <nd ref="10300003701"/>
    <tag k="type" v="line_thin"/>
    <tag k="subtype" v="solid"/>
  </way>
  <way id="1030000620827">
    <nd ref="1030000620826"/>
    <nd ref="103000063035"/>
    <nd ref="103000063036"/>
    <nd ref="103000063037"/>
    <nd ref="103000063038"/>
    <nd ref="103000063039"/>
    <nd ref="103000063040"/>
    <nd ref="10300000301"/>
    <tag k="type" v="curbstone"/>
    <tag k="subtype" v="high"/>
  </way>
  <way id="1030000620831">
    <nd ref="1030000620543"/>
    <nd ref="1030000620832"/>
    <nd ref="1030000620833"/>
    <nd ref="1030000620834"/>
    <nd ref="1030000620835"/>
    <nd ref="1030000620836"/>
    <nd ref="1030000620837"/>
    <nd ref="1030000620838"/>
    <nd ref="1030000620839"/>
    <nd ref="109000060037"/>
    <nd ref="1030000620860"/>
    <nd ref="1030000620859"/>
    <nd ref="1030000620858"/>
    <nd ref="1030000620857"/>
    <nd ref="1030000620856"/>
    <nd ref="1030000620855"/>
    <nd ref="1030000620854"/>
    <nd ref="1030000620853"/>
    <nd ref="1030000620852"/>
    <nd ref="1030000620851"/>
    <nd ref="1030000620627"/>
    <tag k="type" v="line_thin"/>
    <tag k="subtype" v="solid"/>
  </way>
  <way id="1030000620903">
    <nd ref="103000055040"/>
    <nd ref="103000055041"/>
    <nd ref="103000055042"/>
    <nd ref="103000055043"/>
    <nd ref="103000055044"/>
    <nd ref="103000055045"/>
    <nd ref="103000055046"/>
    <nd ref="103000055047"/>
    <nd ref="103000055048"/>
    <nd ref="103000055049"/>
    <nd ref="103000055050"/>
    <nd ref="103000055051"/>
    <nd ref="103000055052"/>
    <nd ref="103000055053"/>
    <nd ref="103000055054"/>
    <nd ref="103000055055"/>
    <nd ref="103000055056"/>
    <nd ref="103000055057"/>
    <nd ref="10300005901"/>
    <tag k="type" v="curbstone"/>
    <tag k="subtype" v="high"/>
    <tag k="lane_change" v="yes"/>
  </way>
  <way id="1030000620905">
    <nd ref="103000054037"/>
    <nd ref="1030000620907"/>
    <nd ref="1030000620908"/>
    <nd ref="1030000620909"/>
    <nd ref="1030000620910"/>
    <nd ref="1030000620911"/>
    <nd ref="1030000620912"/>
    <nd ref="1030000620913"/>
    <nd ref="1030000620914"/>
    <nd ref="1030000620915"/>
    <nd ref="1030000620916"/>
    <nd ref="109000059028"/>
    <nd ref="1030000620917"/>
    <nd ref="1030000620918"/>
    <nd ref="1030000620919"/>
    <nd ref="1030000620920"/>
    <nd ref="1030000620921"/>
    <nd ref="1030000620922"/>
    <nd ref="1030000620923"/>
    <nd ref="1030000620924"/>
    <nd ref="1030000620925"/>
    <nd ref="1030000620926"/>
    <nd ref="1030000620550"/>
    <tag k="type" v="line_thin"/>
    <tag k="subtype" v="solid"/>
  </way>
  <relation id="305000003">
    <member type="way" role="left" ref="203000003"/>
    <member type="way" role="right" ref="203000005"/>
    <tag k="type" v="lanelet"/>
    <tag k="subtype" v="road"/>
    <tag k="speed_limit" v="30"/>
    <tag k="location" v="urban"/>
    <tag k="one_way" v="yes"/>
    <tag k="turn_direction" v="straight"/>
    <tag k="participant:vehicle" v="yes"/>
  </relation>
  <relation id="305000002">
    <member type="way" role="left" ref="203000002"/>
    <member type="way" role="right" ref="203000006"/>
    <tag k="type" v="lanelet"/>
    <tag k="subtype" v="road"/>
    <tag k="speed_limit" v="30"/>
    <tag k="location" v="urban"/>
    <tag k="one_way" v="yes"/>
    <tag k="turn_direction" v="right"/>
    <tag k="participant:vehicle" v="yes"/>
  </relation>
  <relation id="305000061">
    <member type="way" role="left" ref="20300005000"/>
    <member type="way" role="right" ref="203000061"/>
    <tag k="type" v="lanelet"/>
    <tag k="subtype" v="road"/>
    <tag k="speed_limit" v="30"/>
    <tag k="location" v="urban"/>
    <tag k="one_way" v="yes"/>
    <tag k="participant:vehicle" v="yes"/>
  </relation>
  <relation id="305000050">
    <member type="way" role="left" ref="203000050"/>
    <member type="way" role="right" ref="203000062"/>
    <tag k="type" v="lanelet"/>
    <tag k="subtype" v="road"/>
    <tag k="speed_limit" v="30"/>
    <tag k="location" v="urban"/>
    <tag k="one_way" v="yes"/>
    <tag k="participant:vehicle" v="yes"/>
  </relation>
  <relation id="305000026">
    <member type="way" role="left" ref="1030000620812"/>
    <member type="way" role="right" ref="1030000620813"/>
    <tag k="type" v="lanelet"/>
    <tag k="subtype" v="road"/>
    <tag k="speed_limit" v="30"/>
    <tag k="location" v="urban"/>
    <tag k="one_way" v="yes"/>
    <tag k="participant:vehicle" v="yes"/>
  </relation>
  <relation id="305000052">
    <member type="way" role="left" ref="203000052"/>
    <member type="way" role="right" ref="203000051"/>
    <tag k="type" v="lanelet"/>
    <tag k="subtype" v="road"/>
    <tag k="speed_limit" v="30"/>
    <tag k="location" v="urban"/>
    <tag k="one_way" v="yes"/>
    <tag k="participant:vehicle" v="yes"/>
  </relation>
  <relation id="305000060">
    <member type="way" role="left" ref="203000060"/>
    <member type="way" role="right" ref="203000053"/>
    <tag k="type" v="lanelet"/>
    <tag k="subtype" v="road"/>
    <tag k="speed_limit" v="30"/>
    <tag k="location" v="urban"/>
    <tag k="one_way" v="yes"/>
    <tag k="participant:vehicle" v="yes"/>
  </relation>
  <relation id="305000019">
    <member type="way" role="left" ref="1030000620468"/>
    <member type="way" role="right" ref="1030000620470"/>
    <tag k="type" v="lanelet"/>
    <tag k="subtype" v="road"/>
    <tag k="speed_limit" v="30"/>
    <tag k="location" v="urban"/>
    <tag k="one_way" v="yes"/>
    <tag k="turn_direction" v="right"/>
    <tag k="participant:vehicle" v="yes"/>
  </relation>
  <relation id="305000018">
    <member type="way" role="left" ref="1030000620478"/>
    <member type="way" role="right" ref="1030000620480"/>
    <tag k="type" v="lanelet"/>
    <tag k="subtype" v="road"/>
    <tag k="speed_limit" v="30"/>
    <tag k="location" v="urban"/>
    <tag k="one_way" v="yes"/>
    <tag k="participant:vehicle" v="yes"/>
  </relation>
  <relation id="305000033">
    <member type="way" role="left" ref="1030000620496"/>
    <member type="way" role="right" ref="1030000620498"/>
    <tag k="type" v="lanelet"/>
    <tag k="subtype" v="road"/>
    <tag k="speed_limit" v="30"/>
    <tag k="location" v="urban"/>
    <tag k="one_way" v="yes"/>
    <tag k="turn_direction" v="left"/>
    <tag k="participant:vehicle" v="yes"/>
  </relation>
  <relation id="305000044">
    <member type="way" role="left" ref="1030000620416"/>
    <member type="way" role="right" ref="1030000620418"/>
    <tag k="type" v="lanelet"/>
    <tag k="subtype" v="road"/>
    <tag k="speed_limit" v="30"/>
    <tag k="location" v="urban"/>
    <tag k="one_way" v="yes"/>
    <tag k="participant:vehicle" v="yes"/>
  </relation>
  <relation id="305000012">
    <member type="way" role="left" ref="1030000620824"/>
    <member type="way" role="right" ref="1030000620825"/>
    <tag k="type" v="lanelet"/>
    <tag k="subtype" v="road"/>
    <tag k="speed_limit" v="20"/>
    <tag k="location" v="urban"/>
    <tag k="one_way" v="yes"/>
    <tag k="participant:vehicle" v="yes"/>
  </relation>
  <relation id="305000048">
    <member type="way" role="left" ref="203000048"/>
    <member type="way" role="right" ref="203000070"/>
    <tag k="type" v="lanelet"/>
    <tag k="subtype" v="road"/>
    <tag k="speed_limit" v="30"/>
    <tag k="location" v="urban"/>
    <tag k="one_way" v="yes"/>
    <tag k="participant:vehicle" v="yes"/>
  </relation>
  <relation id="305000009">
    <member type="way" role="left" ref="203000009"/>
    <member type="way" role="right" ref="203000010"/>
    <tag k="type" v="lanelet"/>
    <tag k="subtype" v="road"/>
    <tag k="speed_limit" v="30"/>
    <tag k="location" v="urban"/>
    <tag k="one_way" v="yes"/>
    <tag k="participant:vehicle" v="yes"/>
  </relation>
  <relation id="305000013">
    <member type="way" role="left" ref="203000013"/>
    <member type="way" role="right" ref="203000008"/>
    <tag k="type" v="lanelet"/>
    <tag k="subtype" v="road"/>
    <tag k="speed_limit" v="15"/>
    <tag k="location" v="urban"/>
    <tag k="one_way" v="yes"/>
    <tag k="turn_direction" v="straight"/>
    <tag k="participant:vehicle" v="yes"/>
  </relation>
  <relation id="305000029">
    <member type="way" role="left" ref="20300003500"/>
    <member type="way" role="right" ref="203000029"/>
    <tag k="type" v="lanelet"/>
    <tag k="subtype" v="road"/>
    <tag k="speed_limit" v="30"/>
    <tag k="location" v="urban"/>
    <tag k="one_way" v="yes"/>
    <tag k="participant:vehicle" v="yes"/>
  </relation>
  <relation id="305000035">
    <member type="way" role="left" ref="203000035"/>
    <member type="way" role="right" ref="203000045"/>
    <tag k="type" v="lanelet"/>
    <tag k="subtype" v="road"/>
    <tag k="speed_limit" v="30"/>
    <tag k="location" v="urban"/>
    <tag k="one_way" v="yes"/>
    <tag k="participant:vehicle" v="yes"/>
  </relation>
  <relation id="305000030">
    <member type="way" role="left" ref="1030000620822"/>
    <member type="way" role="right" ref="1030000620823"/>
    <tag k="type" v="lanelet"/>
    <tag k="subtype" v="road"/>
    <tag k="speed_limit" v="20"/>
    <tag k="location" v="urban"/>
    <tag k="one_way" v="yes"/>
    <tag k="participant:vehicle" v="yes"/>
  </relation>
  <relation id="305000047">
    <member type="way" role="left" ref="20300003900"/>
    <member type="way" role="right" ref="203000047"/>
    <tag k="type" v="lanelet"/>
    <tag k="subtype" v="road"/>
    <tag k="speed_limit" v="15"/>
    <tag k="location" v="urban"/>
    <tag k="one_way" v="yes"/>
    <tag k="turn_direction" v="right"/>
    <tag k="participant:vehicle" v="yes"/>
  </relation>
  <relation id="305000039">
    <member type="way" role="left" ref="203000039"/>
    <member type="way" role="right" ref="203000040"/>
    <tag k="type" v="lanelet"/>
    <tag k="subtype" v="road"/>
    <tag k="speed_limit" v="15"/>
    <tag k="location" v="urban"/>
    <tag k="one_way" v="yes"/>
    <tag k="turn_direction" v="right"/>
    <tag k="participant:vehicle" v="yes"/>
  </relation>
  <relation id="305000037">
    <member type="way" role="left" ref="20300003800"/>
    <member type="way" role="right" ref="203000037"/>
    <tag k="type" v="lanelet"/>
    <tag k="subtype" v="road"/>
    <tag k="speed_limit" v="15"/>
    <tag k="location" v="urban"/>
    <tag k="one_way" v="yes"/>
    <tag k="turn_direction" v="straight"/>
    <tag k="participant:vehicle" v="yes"/>
  </relation>
  <relation id="305000038">
    <member type="way" role="left" ref="203000038"/>
    <member type="way" role="right" ref="203000069"/>
    <tag k="type" v="lanelet"/>
    <tag k="subtype" v="road"/>
    <tag k="speed_limit" v="30"/>
    <tag k="location" v="urban"/>
    <tag k="one_way" v="yes"/>
    <tag k="turn_direction" v="straight"/>
    <tag k="participant:vehicle" v="yes"/>
  </relation>
  <relation id="305000041">
    <member type="way" role="left" ref="203000041"/>
    <member type="way" role="right" ref="203000073"/>
    <tag k="type" v="lanelet"/>
    <tag k="subtype" v="road"/>
    <tag k="speed_limit" v="30"/>
    <tag k="location" v="urban"/>
    <tag k="one_way" v="yes"/>
    <tag k="participant:vehicle" v="yes"/>
  </relation>
  <relation id="305000042">
    <member type="way" role="left" ref="1030000620799"/>
    <member type="way" role="right" ref="1030000620800"/>
    <tag k="type" v="lanelet"/>
    <tag k="subtype" v="road"/>
    <tag k="speed_limit" v="15"/>
    <tag k="location" v="urban"/>
    <tag k="one_way" v="yes"/>
    <tag k="participant:vehicle" v="yes"/>
  </relation>
  <relation id="305000059">
    <member type="way" role="left" ref="203000059"/>
    <member type="way" role="right" ref="203000058"/>
    <tag k="type" v="lanelet"/>
    <tag k="subtype" v="road"/>
    <tag k="speed_limit" v="30"/>
    <tag k="location" v="urban"/>
    <tag k="one_way" v="yes"/>
    <tag k="turn_direction" v="straight"/>
    <tag k="participant:vehicle" v="yes"/>
  </relation>
  <relation id="305000015">
    <member type="way" role="left" ref="203000015"/>
    <member type="way" role="right" ref="203000016"/>
    <tag k="type" v="lanelet"/>
    <tag k="subtype" v="road"/>
    <tag k="speed_limit" v="15"/>
    <tag k="location" v="urban"/>
    <tag k="one_way" v="yes"/>
    <tag k="turn_direction" v="left"/>
    <tag k="participant:vehicle" v="yes"/>
  </relation>
  <relation id="305000063">
    <member type="way" role="left" ref="1030000620544"/>
    <member type="way" role="right" ref="1030000620546"/>
    <tag k="type" v="lanelet"/>
    <tag k="subtype" v="road"/>
    <tag k="speed_limit" v="30"/>
    <tag k="location" v="urban"/>
    <tag k="one_way" v="yes"/>
    <tag k="participant:vehicle" v="yes"/>
    <tag k="" v="1030000620904"/>
  </relation>
  <relation id="305000004">
    <member type="way" role="left" ref="203000001"/>
    <member type="way" role="right" ref="203000004"/>
    <tag k="type" v="lanelet"/>
    <tag k="subtype" v="road"/>
    <tag k="speed_limit" v="30"/>
    <tag k="location" v="urban"/>
    <tag k="one_way" v="yes"/>
    <tag k="turn_direction" v="straight"/>
    <tag k="participant:vehicle" v="yes"/>
  </relation>
  <relation id="305000043">
    <member type="way" role="left" ref="203000043"/>
    <member type="way" role="right" ref="203000011"/>
    <tag k="type" v="lanelet"/>
    <tag k="subtype" v="road"/>
    <tag k="speed_limit" v="30"/>
    <tag k="location" v="urban"/>
    <tag k="one_way" v="yes"/>
    <tag k="turn_direction" v="straight"/>
    <tag k="participant:vehicle" v="yes"/>
  </relation>
  <relation id="305000057">
    <member type="way" role="left" ref="203000057"/>
    <member type="way" role="right" ref="203000056"/>
    <tag k="type" v="lanelet"/>
    <tag k="subtype" v="road"/>
    <tag k="speed_limit" v="30"/>
    <tag k="location" v="urban"/>
    <tag k="one_way" v="yes"/>
    <tag k="turn_direction" v="left"/>
    <tag k="participant:vehicle" v="yes"/>
  </relation>
  <relation id="305000055">
    <member type="way" role="left" ref="1030000620621"/>
    <member type="way" role="right" ref="1030000620623"/>
    <tag k="type" v="lanelet"/>
    <tag k="subtype" v="road"/>
    <tag k="speed_limit" v="30"/>
    <tag k="location" v="urban"/>
    <tag k="one_way" v="yes"/>
    <tag k="participant:vehicle" v="yes"/>
  </relation>
  <relation id="1030000620420">
    <member type="way" role="left" ref="1030000620417"/>
    <member type="way" role="right" ref="1030000620419"/>
    <tag k="type" v="lanelet"/>
    <tag k="subtype" v="road"/>
    <tag k="speed_limit" v="30"/>
    <tag k="location" v="urban"/>
    <tag k="one_way" v="yes"/>
    <tag k="turn_direction" v="right"/>
    <tag k="participant:vehicle" v="yes"/>
  </relation>
  <relation id="1030000620425">
    <member type="way" role="left" ref="1030000620460"/>
    <member type="way" role="right" ref="1030000620462"/>
    <tag k="type" v="lanelet"/>
    <tag k="subtype" v="road"/>
    <tag k="speed_limit" v="10"/>
    <tag k="location" v="urban"/>
    <tag k="one_way" v="yes"/>
    <tag k="turn_direction" v="left"/>
    <tag k="participant:vehicle" v="yes"/>
  </relation>
  <relation id="1030000620464">
    <member type="way" role="left" ref="1030000620461"/>
    <member type="way" role="right" ref="1030000620463"/>
    <tag k="type" v="lanelet"/>
    <tag k="subtype" v="road"/>
    <tag k="speed_limit" v="10"/>
    <tag k="location" v="urban"/>
    <tag k="one_way" v="yes"/>
    <tag k="turn_direction" v="left"/>
  </relation>
  <relation id="1030000620472">
    <member type="way" role="left" ref="1030000620469"/>
    <member type="way" role="right" ref="1030000620471"/>
    <tag k="type" v="lanelet"/>
    <tag k="subtype" v="road"/>
    <tag k="speed_limit" v="30"/>
    <tag k="location" v="urban"/>
    <tag k="one_way" v="yes"/>
    <tag k="participant:vehicle" v="yes"/>
  </relation>
  <relation id="1030000620482">
    <member type="way" role="left" ref="1030000620479"/>
    <member type="way" role="right" ref="1030000620481"/>
    <tag k="type" v="lanelet"/>
    <tag k="subtype" v="road"/>
    <tag k="speed_limit" v="30"/>
    <tag k="location" v="urban"/>
    <tag k="one_way" v="yes"/>
    <tag k="participant:vehicle" v="yes"/>
  </relation>
  <relation id="1030000620500">
    <member type="way" role="left" ref="1030000620497"/>
    <member type="way" role="right" ref="1030000620499"/>
    <tag k="type" v="lanelet"/>
    <tag k="subtype" v="road"/>
    <tag k="speed_limit" v="30"/>
    <tag k="location" v="urban"/>
    <tag k="one_way" v="yes"/>
    <tag k="participant:vehicle" v="yes"/>
  </relation>
  <relation id="1030000620541">
    <member type="way" role="left" ref="1030000620539"/>
    <member type="way" role="right" ref="1030000620540"/>
    <tag k="type" v="lanelet"/>
    <tag k="subtype" v="road"/>
    <tag k="speed_limit" v="10"/>
    <tag k="location" v="urban"/>
    <tag k="one_way" v="yes"/>
    <tag k="turn_direction" v="right"/>
    <tag k="participant:vehicle" v="yes"/>
  </relation>
  <relation id="1030000620548">
    <member type="way" role="left" ref="1030000620551"/>
    <member type="way" role="right" ref="1030000620553"/>
    <tag k="type" v="lanelet"/>
    <tag k="subtype" v="road"/>
    <tag k="speed_limit" v="30"/>
    <tag k="location" v="urban"/>
    <tag k="one_way" v="yes"/>
    <tag k="turn_direction" v="right"/>
    <tag k="participant:vehicle" v="yes"/>
  </relation>
  <relation id="1030000620555">
    <member type="way" role="left" ref="1030000620552"/>
    <member type="way" role="right" ref="1030000620554"/>
    <tag k="type" v="lanelet"/>
    <tag k="subtype" v="road"/>
    <tag k="speed_limit" v="30"/>
    <tag k="location" v="urban"/>
    <tag k="one_way" v="yes"/>
    <tag k="participant:vehicle" v="yes"/>
  </relation>
  <relation id="1030000620625">
    <member type="way" role="left" ref="1030000620628"/>
    <member type="way" role="right" ref="1030000620630"/>
    <tag k="type" v="lanelet"/>
    <tag k="subtype" v="road"/>
    <tag k="speed_limit" v="30"/>
    <tag k="location" v="urban"/>
    <tag k="one_way" v="yes"/>
    <tag k="turn_direction" v="straight"/>
    <tag k="participant:vehicle" v="yes"/>
  </relation>
  <relation id="1030000620632">
    <member type="way" role="left" ref="1030000620629"/>
    <member type="way" role="right" ref="1030000620631"/>
    <tag k="type" v="lanelet"/>
    <tag k="subtype" v="road"/>
    <tag k="speed_limit" v="30"/>
    <tag k="location" v="urban"/>
    <tag k="one_way" v="yes"/>
    <tag k="participant:vehicle" v="yes"/>
  </relation>
  <relation id="1030000620733">
    <member type="way" role="left" ref="1030000620731"/>
    <member type="way" role="right" ref="1030000620732"/>
    <tag k="type" v="lanelet"/>
    <tag k="subtype" v="road"/>
    <tag k="speed_limit" v="15"/>
    <tag k="location" v="urban"/>
    <tag k="one_way" v="yes"/>
    <tag k="turn_direction" v="right"/>
    <tag k="participant:vehicle" v="yes"/>
  </relation>
  <relation id="1030000620764">
    <member type="way" role="left" ref="1030000620762"/>
    <member type="way" role="right" ref="1030000620763"/>
    <tag k="type" v="lanelet"/>
    <tag k="subtype" v="road"/>
    <tag k="speed_limit" v="15"/>
    <tag k="location" v="urban"/>
    <tag k="one_way" v="yes"/>
    <tag k="turn_direction" v="left"/>
    <tag k="participant:vehicle" v="yes"/>
  </relation>
  <relation id="1030000620811">
    <member type="way" role="left" ref="1030000620816"/>
    <member type="way" role="right" ref="1030000620817"/>
    <tag k="type" v="lanelet"/>
    <tag k="subtype" v="road"/>
    <tag k="speed_limit" v="10"/>
    <tag k="location" v="urban"/>
    <tag k="one_way" v="yes"/>
    <tag k="participant:vehicle" v="yes"/>
  </relation>
  <relation id="1030000620904">
    <member type="way" role="left" ref="1030000620591"/>
    <member type="way" role="right" ref="1030000620831"/>
    <tag k="type" v="lanelet"/>
    <tag k="subtype" v="road"/>
    <tag k="speed_limit" v="10"/>
    <tag k="location" v="urban"/>
    <tag k="one_way" v="no"/>
    <tag k="turn_direction" v="left"/>
    <tag k="participant:vehicle" v="yes"/>
  </relation>
  <relation id="1030000620934">
    <member type="way" role="left" ref="1030000620616"/>
    <member type="way" role="right" ref="1030000620905"/>
    <tag k="type" v="lanelet"/>
    <tag k="subtype" v="road"/>
    <tag k="speed_limit" v="10"/>
    <tag k="location" v="urban"/>
    <tag k="one_way" v="no"/>
    <tag k="turn_direction" v="left"/>
    <tag k="participant:vehicle" v="yes"/>
  </relation>
</osm>
